C:\Program Files\dotnet\sdk\9.0.318\Microsoft.Common.CurrentVersion.targets(2433,5): warning MSB3245: 未能解析此引用。未能找到程序集“System.Resources.Extensions”。请检查磁盘上是否存在该程序集。 如果您的代码需要此引用，则可能出现编译错误。 [D:\C#\VM\DLL\HslCommunication\HslCommunication.csproj]
D:\C#\VM\Shard\Core.Interfaces\Core\ObservableObject.cs(13,50): warning CS8612: “event PropertyChangedEventHandler ObservableObject.PropertyChanged”的类型中引用类型的为 Null 性与隐式实现的成员“event PropertyChangedEventHandler? INotifyPropertyChanged.PropertyChanged”不匹配。 [D:\C#\VM\Shard\Core.Interfaces\Core.Interfaces.csproj]
D:\C#\VM\Shard\Core.Interfaces\Core\ObservableObject.cs(19,91): warning CS8625: 无法将 null 字面量转换为非 null 的引用类型。 [D:\C#\VM\Shard\Core.Interfaces\Core.Interfaces.csproj]
D:\C#\VM\Shard\Core.Interfaces\Core\ObservableObject.cs(33,112): warning CS8625: 无法将 null 字面量转换为非 null 的引用类型。 [D:\C#\VM\Shard\Core.Interfaces\Core.Interfaces.csproj]
D:\C#\VM\Shard\Core.Interfaces\DataPort\OutputPort.cs(137,41): warning CS8625: 无法将 null 字面量转换为非 null 的引用类型。 [D:\C#\VM\Shard\Core.Interfaces\Core.Interfaces.csproj]
D:\C#\VM\Shard\Core.Interfaces\DataPort\Port.cs(86,51): warning CS8601: 可能的 null 引用赋值。 [D:\C#\VM\Shard\Core.Interfaces\Core.Interfaces.csproj]
D:\C#\VM\Shard\Core.Interfaces\DataPort\InputPort.cs(182,40): warning CS8625: 无法将 null 字面量转换为非 null 的引用类型。 [D:\C#\VM\Shard\Core.Interfaces\Core.Interfaces.csproj]
D:\C#\VM\Shard\Core.Interfaces\DataPort\InputPort.cs(182,63): warning CS8601: 可能的 null 引用赋值。 [D:\C#\VM\Shard\Core.Interfaces\Core.Interfaces.csproj]
D:\C#\VM\Shard\Core.Interfaces\ObservableObject.cs(15,50): warning CS8612: “event PropertyChangedEventHandler ObservableObject.PropertyChanged”的类型中引用类型的为 Null 性与隐式实现的成员“event PropertyChangedEventHandler? INotifyPropertyChanged.PropertyChanged”不匹配。 [D:\C#\VM\Shard\Core.Interfaces\Core.Interfaces.csproj]
D:\C#\VM\Shard\Core.Interfaces\ObservableObject.cs(21,91): warning CS8625: 无法将 null 字面量转换为非 null 的引用类型。 [D:\C#\VM\Shard\Core.Interfaces\Core.Interfaces.csproj]
D:\C#\VM\Shard\Core.Interfaces\ObservableObject.cs(34,112): warning CS8625: 无法将 null 字面量转换为非 null 的引用类型。 [D:\C#\VM\Shard\Core.Interfaces\Core.Interfaces.csproj]
D:\C#\VM\Shard\Core.Interfaces\DataPort\InputPort.cs(98,20): warning CS8603: 可能返回 null 引用。 [D:\C#\VM\Shard\Core.Interfaces\Core.Interfaces.csproj]
D:\C#\VM\Shard\Core.Interfaces\VisionPluginBase.cs(165,30): warning CS8625: 无法将 null 字面量转换为非 null 的引用类型。 [D:\C#\VM\Shard\Core.Interfaces\Core.Interfaces.csproj]
D:\C#\VM\Shard\Core.Interfaces\DataPort\OutputPort.cs(64,20): warning CS8603: 可能返回 null 引用。 [D:\C#\VM\Shard\Core.Interfaces\Core.Interfaces.csproj]
D:\C#\VM\Shard\Core.Interfaces\Core\ObservableObject.cs(69,39): warning CS8604: “bool ObservableObject.ArraysAreEqual(Array array1, Array array2)”中的形参“array1”可能传入 null 引用实参。 [D:\C#\VM\Shard\Core.Interfaces\Core.Interfaces.csproj]
D:\C#\VM\Shard\Core.Interfaces\Core\ObservableObject.cs(69,58): warning CS8604: “bool ObservableObject.ArraysAreEqual(Array array1, Array array2)”中的形参“array2”可能传入 null 引用实参。 [D:\C#\VM\Shard\Core.Interfaces\Core.Interfaces.csproj]
D:\C#\VM\Shard\Core.Interfaces\DataPort\Port.cs(58,20): warning CS8603: 可能返回 null 引用。 [D:\C#\VM\Shard\Core.Interfaces\Core.Interfaces.csproj]
D:\C#\VM\Shard\Core.Interfaces\DataPort\InputPort.cs(105,32): warning CS8600: 将 null 文本或可能的 null 值转换为不可为 null 类型。 [D:\C#\VM\Shard\Core.Interfaces\Core.Interfaces.csproj]
D:\C#\VM\Shard\Core.Interfaces\DataPort\InputPort.cs(118,37): warning CS8601: 可能的 null 引用赋值。 [D:\C#\VM\Shard\Core.Interfaces\Core.Interfaces.csproj]
D:\C#\VM\Shard\Core.Interfaces\Core\ObservableObject.cs(107,31): warning CS8600: 将 null 文本或可能的 null 值转换为不可为 null 类型。 [D:\C#\VM\Shard\Core.Interfaces\Core.Interfaces.csproj]
D:\C#\VM\Shard\Core.Interfaces\Core\ObservableObject.cs(108,31): warning CS8600: 将 null 文本或可能的 null 值转换为不可为 null 类型。 [D:\C#\VM\Shard\Core.Interfaces\Core.Interfaces.csproj]
D:\C#\VM\Shard\Core.Interfaces\DataPort\PortExtensions.cs(31,30): warning CS8601: 可能的 null 引用赋值。 [D:\C#\VM\Shard\Core.Interfaces\Core.Interfaces.csproj]
D:\C#\VM\Shard\Core.Interfaces\DataPort\InputPort.cs(144,51): warning CS8622: “void InputPort<T>.UpstreamValueChanged(object sender, EventArgs e)”的参数“sender”类型中引用类型的为 Null 性与目标委托“EventHandler”不匹配(可能是由于为 Null 性特性)。 [D:\C#\VM\Shard\Core.Interfaces\Core.Interfaces.csproj]
D:\C#\VM\Shard\Core.Interfaces\DataPort\InputPort.cs(148,33): warning CS8601: 可能的 null 引用赋值。 [D:\C#\VM\Shard\Core.Interfaces\Core.Interfaces.csproj]
D:\C#\VM\Shard\Core.Interfaces\DataPort\InputPort.cs(153,51): warning CS8622: “void InputPort<T>.UpstreamValueChanged(object sender, EventArgs e)”的参数“sender”类型中引用类型的为 Null 性与目标委托“EventHandler”不匹配(可能是由于为 Null 性特性)。 [D:\C#\VM\Shard\Core.Interfaces\Core.Interfaces.csproj]
D:\C#\VM\Shard\Core.Interfaces\DataPort\InputPort.cs(158,42): warning CS8601: 可能的 null 引用赋值。 [D:\C#\VM\Shard\Core.Interfaces\Core.Interfaces.csproj]
D:\C#\VM\Shard\Core.Interfaces\DataPort\InputPort.cs(196,20): warning CS8603: 可能返回 null 引用。 [D:\C#\VM\Shard\Core.Interfaces\Core.Interfaces.csproj]
D:\C#\VM\Shard\Core.Interfaces\ImageHub\ImageHub.cs(89,20): warning CS8625: 无法将 null 字面量转换为非 null 的引用类型。 [D:\C#\VM\Shard\Core.Interfaces\Core.Interfaces.csproj]
D:\C#\VM\Shard\Core.Interfaces\ImageHub\ImageHub.cs(93,35): warning CS8600: 将 null 文本或可能的 null 值转换为不可为 null 类型。 [D:\C#\VM\Shard\Core.Interfaces\Core.Interfaces.csproj]
D:\C#\VM\Shard\Core.Interfaces\DataPort\InputPort.cs(233,29): warning CS8601: 可能的 null 引用赋值。 [D:\C#\VM\Shard\Core.Interfaces\Core.Interfaces.csproj]
D:\C#\VM\Shard\Core.Interfaces\VisionPluginBase.cs(223,33): warning CS8603: 可能返回 null 引用。 [D:\C#\VM\Shard\Core.Interfaces\Core.Interfaces.csproj]
D:\C#\VM\Shard\Core.Interfaces\ImageHub\ImageHub.cs(124,20): warning CS8625: 无法将 null 字面量转换为非 null 的引用类型。 [D:\C#\VM\Shard\Core.Interfaces\Core.Interfaces.csproj]
D:\C#\VM\Shard\Core.Interfaces\DataPort\OutputPort.cs(72,32): warning CS8600: 将 null 文本或可能的 null 值转换为不可为 null 类型。 [D:\C#\VM\Shard\Core.Interfaces\Core.Interfaces.csproj]
D:\C#\VM\Shard\Core.Interfaces\DataPort\OutputPort.cs(87,42): warning CS8600: 将 null 文本或可能的 null 值转换为不可为 null 类型。 [D:\C#\VM\Shard\Core.Interfaces\Core.Interfaces.csproj]
D:\C#\VM\Shard\Core.Interfaces\DataPort\OutputPort.cs(89,29): warning CS8602: 解引用可能出现空引用。 [D:\C#\VM\Shard\Core.Interfaces\Core.Interfaces.csproj]
D:\C#\VM\Shard\Core.Interfaces\DataPort\OutputPort.cs(105,37): warning CS8601: 可能的 null 引用赋值。 [D:\C#\VM\Shard\Core.Interfaces\Core.Interfaces.csproj]
D:\C#\VM\Shard\Core.Interfaces\DataPort\InputPort.cs(267,38): warning CS8601: 可能的 null 引用赋值。 [D:\C#\VM\Shard\Core.Interfaces\Core.Interfaces.csproj]
D:\C#\VM\Shard\Core.Interfaces\Camera\CameraDeviceBase.cs(155,28): warning CS8600: 将 null 文本或可能的 null 值转换为不可为 null 类型。 [D:\C#\VM\Shard\Core.Interfaces\Core.Interfaces.csproj]
D:\C#\VM\Shard\Core.Interfaces\DataPort\InputPort.cs(298,24): warning CS8603: 可能返回 null 引用。 [D:\C#\VM\Shard\Core.Interfaces\Core.Interfaces.csproj]
D:\C#\VM\Shard\Core.Interfaces\DataPort\InputPort.cs(304,56): warning CS8604: “object ValueConverter.Convert(object rawValue, Type targetType)”中的形参“targetType”可能传入 null 引用实参。 [D:\C#\VM\Shard\Core.Interfaces\Core.Interfaces.csproj]
D:\C#\VM\Shard\Core.Interfaces\Camera\CameraDeviceBase.cs(235,28): warning CS8600: 将 null 文本或可能的 null 值转换为不可为 null 类型。 [D:\C#\VM\Shard\Core.Interfaces\Core.Interfaces.csproj]
D:\C#\VM\Shard\Core.Interfaces\VisionPluginBase.cs(308,39): warning CS8603: 可能返回 null 引用。 [D:\C#\VM\Shard\Core.Interfaces\Core.Interfaces.csproj]
D:\C#\VM\Shard\Core.Interfaces\VisionPluginBase.cs(314,24): warning CS8603: 可能返回 null 引用。 [D:\C#\VM\Shard\Core.Interfaces\Core.Interfaces.csproj]
D:\C#\VM\Shard\Core.Interfaces\VisionPluginBase.cs(340,37): warning CS8600: 将 null 文本或可能的 null 值转换为不可为 null 类型。 [D:\C#\VM\Shard\Core.Interfaces\Core.Interfaces.csproj]
D:\C#\VM\Shard\Core.Interfaces\VisionPluginBase.cs(353,38): warning CS8600: 将 null 文本或可能的 null 值转换为不可为 null 类型。 [D:\C#\VM\Shard\Core.Interfaces\Core.Interfaces.csproj]
D:\C#\VM\Shard\Core.Interfaces\ImageHub\ImageHub.cs(200,35): warning CS8604: “void ConcurrentQueue<HubImageItem>.Enqueue(HubImageItem item)”中的形参“item”可能传入 null 引用实参。 [D:\C#\VM\Shard\Core.Interfaces\Core.Interfaces.csproj]
D:\C#\VM\Shard\Core.Interfaces\Camera\CameraDeviceBase.cs(413,35): warning CS8622: “void CameraDeviceBase.OnWatchdog(object state)”的参数“state”类型中引用类型的为 Null 性与目标委托“TimerCallback”不匹配(可能是由于为 Null 性特性)。 [D:\C#\VM\Shard\Core.Interfaces\Core.Interfaces.csproj]
D:\C#\VM\Shard\Core.Interfaces\VisionPluginBase.cs(413,35): warning CS8600: 将 null 文本或可能的 null 值转换为不可为 null 类型。 [D:\C#\VM\Shard\Core.Interfaces\Core.Interfaces.csproj]
D:\C#\VM\Shard\Core.Interfaces\VisionPluginBase.cs(411,17): warning CS8620: 由于引用类型的可为 null 性差异，IEnumerable<string?> 类型的实参不能用于 HashSet<string>.HashSet(IEnumerable<string> collection) 中 IEnumerable<string> 类型的形参 collection。 [D:\C#\VM\Shard\Core.Interfaces\Core.Interfaces.csproj]
D:\C#\VM\Shard\Core.Interfaces\Camera\CameraDeviceBase.cs(429,21): warning CS8625: 无法将 null 字面量转换为非 null 的引用类型。 [D:\C#\VM\Shard\Core.Interfaces\Core.Interfaces.csproj]
D:\C#\VM\Shard\Core.Interfaces\Camera\CameraDeviceBase.cs(530,39): warning CS8601: 可能的 null 引用赋值。 [D:\C#\VM\Shard\Core.Interfaces\Core.Interfaces.csproj]
D:\C#\VM\Shard\Core.Interfaces\Camera\CameraDeviceBase.cs(536,21): warning CS8625: 无法将 null 字面量转换为非 null 的引用类型。 [D:\C#\VM\Shard\Core.Interfaces\Core.Interfaces.csproj]
D:\C#\VM\Shard\Core.Interfaces\Camera\CameraDeviceBase.cs(544,43): warning CS8601: 可能的 null 引用赋值。 [D:\C#\VM\Shard\Core.Interfaces\Core.Interfaces.csproj]
D:\C#\VM\Shard\Core.Interfaces\ValueConverter.cs(19,24): warning CS8603: 可能返回 null 引用。 [D:\C#\VM\Shard\Core.Interfaces\Core.Interfaces.csproj]
D:\C#\VM\Shard\Core.Interfaces\ValueConverter.cs(22,30): warning CS8600: 将 null 文本或可能的 null 值转换为不可为 null 类型。 [D:\C#\VM\Shard\Core.Interfaces\Core.Interfaces.csproj]
D:\C#\VM\Shard\Core.Interfaces\ValueConverter.cs(28,28): warning CS8603: 可能返回 null 引用。 [D:\C#\VM\Shard\Core.Interfaces\Core.Interfaces.csproj]
D:\C#\VM\Shard\Core.Interfaces\ValueConverter.cs(31,21): warning CS8602: 解引用可能出现空引用。 [D:\C#\VM\Shard\Core.Interfaces\Core.Interfaces.csproj]
D:\C#\VM\Shard\Core.Interfaces\ValueConverter.cs(42,32): warning CS8603: 可能返回 null 引用。 [D:\C#\VM\Shard\Core.Interfaces\Core.Interfaces.csproj]
D:\C#\VM\Shard\Core.Interfaces\ValueConverter.cs(47,32): warning CS8603: 可能返回 null 引用。 [D:\C#\VM\Shard\Core.Interfaces\Core.Interfaces.csproj]
D:\C#\VM\Shard\Core.Interfaces\ValueConverter.cs(53,17): warning CS8602: 解引用可能出现空引用。 [D:\C#\VM\Shard\Core.Interfaces\Core.Interfaces.csproj]
D:\C#\VM\Shard\Core.Interfaces\DataPort\OutputPort.cs(50,59): warning CS0067: 从不使用事件“OutputPort<T>.CollectionChanged” [D:\C#\VM\Shard\Core.Interfaces\Core.Interfaces.csproj]
D:\C#\VM\Scada\Models\ScadaModelBase.cs(41,33): warning CS8765: 参数“propertyName”类型的为 Null 性与重写成员不匹配(可能是由于为 Null 性特性)。 [D:\C#\VM\Scada\VM.Scada.csproj]
D:\C#\VM\Scada\Models\ScadaModelBase.cs(61,33): warning CS8765: 参数“onChanged”类型的为 Null 性与重写成员不匹配(可能是由于为 Null 性特性)。 [D:\C#\VM\Scada\VM.Scada.csproj]
D:\C#\VM\Scada\Models\ScadaModelBase.cs(61,33): warning CS8765: 参数“propertyName”类型的为 Null 性与重写成员不匹配(可能是由于为 Null 性特性)。 [D:\C#\VM\Scada\VM.Scada.csproj]
D:\C#\VM\Services\Core.Halcon\Models\DrawingObjectInfo.cs(23,86): warning CS8625: 无法将 null 字面量转换为非 null 的引用类型。 [D:\C#\VM\Services\Core.Halcon\Core.Halcon_avobe53c_wpftmp.csproj::TargetFramework=net9.0-windows]
D:\C#\VM\Services\Core.Halcon\Models\DrawingObjectInfo.cs(83,30): warning CS8625: 无法将 null 字面量转换为非 null 的引用类型。 [D:\C#\VM\Services\Core.Halcon\Core.Halcon_avobe53c_wpftmp.csproj::TargetFramework=net9.0-windows]
D:\C#\VM\Services\Core.Halcon\Models\DrawingObjectInfo.cs(85,28): warning CS8625: 无法将 null 字面量转换为非 null 的引用类型。 [D:\C#\VM\Services\Core.Halcon\Core.Halcon_avobe53c_wpftmp.csproj::TargetFramework=net9.0-windows]
D:\C#\VM\Services\Core.Halcon\Models\DrawingObjectInfo.cs(86,30): warning CS8625: 无法将 null 字面量转换为非 null 的引用类型。 [D:\C#\VM\Services\Core.Halcon\Core.Halcon_avobe53c_wpftmp.csproj::TargetFramework=net9.0-windows]
D:\C#\VM\Services\Core.Halcon\Base\HalconBase.cs(80,26): warning CS8625: 无法将 null 字面量转换为非 null 的引用类型。 [D:\C#\VM\Services\Core.Halcon\Core.Halcon_avobe53c_wpftmp.csproj::TargetFramework=net9.0-windows]
D:\C#\VM\Services\Core.Halcon\Base\HalconBase.cs(81,28): warning CS8625: 无法将 null 字面量转换为非 null 的引用类型。 [D:\C#\VM\Services\Core.Halcon\Core.Halcon_avobe53c_wpftmp.csproj::TargetFramework=net9.0-windows]
D:\C#\VM\Services\Core.Halcon\Base\HalconBase.cs(82,27): warning CS8625: 无法将 null 字面量转换为非 null 的引用类型。 [D:\C#\VM\Services\Core.Halcon\Core.Halcon_avobe53c_wpftmp.csproj::TargetFramework=net9.0-windows]
D:\C#\VM\Services\Core.Halcon\Base\HalconBase.cs(83,28): warning CS8625: 无法将 null 字面量转换为非 null 的引用类型。 [D:\C#\VM\Services\Core.Halcon\Core.Halcon_avobe53c_wpftmp.csproj::TargetFramework=net9.0-windows]
D:\C#\VM\Services\Core.Halcon\Extensions\HDrawingObjectExtensions.cs(11,32): warning CS8600: 将 null 文本或可能的 null 值转换为不可为 null 类型。 [D:\C#\VM\Services\Core.Halcon\Core.Halcon_avobe53c_wpftmp.csproj::TargetFramework=net9.0-windows]
D:\C#\VM\Services\Core.Halcon\Extensions\HDrawingObjectExtensions.cs(45,20): warning CS8603: 可能返回 null 引用。 [D:\C#\VM\Services\Core.Halcon\Core.Halcon_avobe53c_wpftmp.csproj::TargetFramework=net9.0-windows]
D:\C#\VM\Services\Core.Halcon\Base\HalconBase.cs(209,17): warning CS8604: “void HalconBase.SwapDrawObjectList(ObservableCollection<DrawingObjectInfo> oldList, ObservableCollection<DrawingObjectInfo> newList)”中的形参“oldList”可能传入 null 引用实参。 [D:\C#\VM\Services\Core.Halcon\Core.Halcon_avobe53c_wpftmp.csproj::TargetFramework=net9.0-windows]
D:\C#\VM\Services\Core.Halcon\Base\HalconBase.cs(210,17): warning CS8604: “void HalconBase.SwapDrawObjectList(ObservableCollection<DrawingObjectInfo> oldList, ObservableCollection<DrawingObjectInfo> newList)”中的形参“newList”可能传入 null 引用实参。 [D:\C#\VM\Services\Core.Halcon\Core.Halcon_avobe53c_wpftmp.csproj::TargetFramework=net9.0-windows]
D:\C#\VM\Services\Core.Halcon\Base\HalconBase.cs(227,46): warning CS8622: “void HalconBase.OnDrawObjectListChanged(object sender, NotifyCollectionChangedEventArgs e)”的参数“sender”类型中引用类型的为 Null 性与目标委托“NotifyCollectionChangedEventHandler”不匹配(可能是由于为 Null 性特性)。 [D:\C#\VM\Services\Core.Halcon\Core.Halcon_avobe53c_wpftmp.csproj::TargetFramework=net9.0-windows]
D:\C#\VM\Services\Core.Halcon\Base\HalconBase.cs(230,46): warning CS8622: “void HalconBase.OnDrawObjectListChanged(object sender, NotifyCollectionChangedEventArgs e)”的参数“sender”类型中引用类型的为 Null 性与目标委托“NotifyCollectionChangedEventHandler”不匹配(可能是由于为 Null 性特性)。 [D:\C#\VM\Services\Core.Halcon\Core.Halcon_avobe53c_wpftmp.csproj::TargetFramework=net9.0-windows]
D:\C#\VM\Services\Core.Halcon\Base\HalconBase.cs(527,34): warning CS8625: 无法将 null 字面量转换为非 null 的引用类型。 [D:\C#\VM\Services\Core.Halcon\Core.Halcon_avobe53c_wpftmp.csproj::TargetFramework=net9.0-windows]
D:\C#\VM\Services\Core.Halcon\Base\HalconBase.cs(527,27): warning CS8601: 可能的 null 引用赋值。 [D:\C#\VM\Services\Core.Halcon\Core.Halcon_avobe53c_wpftmp.csproj::TargetFramework=net9.0-windows]
D:\C#\VM\Services\Core.Halcon\Base\HalconBase.cs(527,19): warning CS8601: 可能的 null 引用赋值。 [D:\C#\VM\Services\Core.Halcon\Core.Halcon_avobe53c_wpftmp.csproj::TargetFramework=net9.0-windows]
D:\C#\VM\Services\Core.Halcon\Base\HalconBase.cs(528,26): warning CS8600: 将 null 文本或可能的 null 值转换为不可为 null 类型。 [D:\C#\VM\Services\Core.Halcon\Core.Halcon_avobe53c_wpftmp.csproj::TargetFramework=net9.0-windows]
D:\C#\VM\Services\Core.Halcon\Base\HalconBase.cs(702,37): warning CS8622: “void HalconBase.OnActiveRoiTuplesChanged(object sender, PropertyChangedEventArgs e)”的参数“sender”类型中引用类型的为 Null 性与目标委托“PropertyChangedEventHandler”不匹配(可能是由于为 Null 性特性)。 [D:\C#\VM\Services\Core.Halcon\Core.Halcon_avobe53c_wpftmp.csproj::TargetFramework=net9.0-windows]
D:\C#\VM\Services\Core.Halcon\Base\HalconBase.cs(714,37): warning CS8622: “void HalconBase.OnActiveRoiTuplesChanged(object sender, PropertyChangedEventArgs e)”的参数“sender”类型中引用类型的为 Null 性与目标委托“PropertyChangedEventHandler”不匹配(可能是由于为 Null 性特性)。 [D:\C#\VM\Services\Core.Halcon\Core.Halcon_avobe53c_wpftmp.csproj::TargetFramework=net9.0-windows]
D:\C#\VM\Services\Core.Halcon\Base\HalconBase.cs(778,13): warning CS8603: 可能返回 null 引用。 [D:\C#\VM\Services\Core.Halcon\Core.Halcon_avobe53c_wpftmp.csproj::TargetFramework=net9.0-windows]
D:\C#\VM\Services\Core.Halcon\Base\HalconBase.cs(873,24): warning CS8603: 可能返回 null 引用。 [D:\C#\VM\Services\Core.Halcon\Core.Halcon_avobe53c_wpftmp.csproj::TargetFramework=net9.0-windows]
D:\C#\VM\Services\Core.Halcon\Base\HalconBase.cs(889,32): warning CS8603: 可能返回 null 引用。 [D:\C#\VM\Services\Core.Halcon\Core.Halcon_avobe53c_wpftmp.csproj::TargetFramework=net9.0-windows]
D:\C#\VM\Services\Core.Halcon\Base\HalconBase.cs(894,24): warning CS8603: 可能返回 null 引用。 [D:\C#\VM\Services\Core.Halcon\Core.Halcon_avobe53c_wpftmp.csproj::TargetFramework=net9.0-windows]
D:\C#\VM\Services\Core.Halcon\Base\HalconBase.cs(907,13): warning CS8602: 解引用可能出现空引用。 [D:\C#\VM\Services\Core.Halcon\Core.Halcon_avobe53c_wpftmp.csproj::TargetFramework=net9.0-windows]
D:\C#\VM\Services\Core.Halcon\Base\HalconBase.cs(1051,24): warning CS8603: 可能返回 null 引用。 [D:\C#\VM\Services\Core.Halcon\Core.Halcon_avobe53c_wpftmp.csproj::TargetFramework=net9.0-windows]
D:\C#\VM\Services\Core.Halcon\Base\HalconBase.cs(1055,25): warning CS8602: 解引用可能出现空引用。 [D:\C#\VM\Services\Core.Halcon\Core.Halcon_avobe53c_wpftmp.csproj::TargetFramework=net9.0-windows]
D:\C#\VM\Services\Core.Halcon\Base\HalconBase.cs(1068,32): warning CS8603: 可能返回 null 引用。 [D:\C#\VM\Services\Core.Halcon\Core.Halcon_avobe53c_wpftmp.csproj::TargetFramework=net9.0-windows]
D:\C#\VM\Services\Core.Halcon\Base\HalconBase.cs(1073,24): warning CS8603: 可能返回 null 引用。 [D:\C#\VM\Services\Core.Halcon\Core.Halcon_avobe53c_wpftmp.csproj::TargetFramework=net9.0-windows]
D:\C#\VM\Services\Core.Halcon\Base\HalconBase.cs(1329,26): warning CS8625: 无法将 null 字面量转换为非 null 的引用类型。 [D:\C#\VM\Services\Core.Halcon\Core.Halcon_avobe53c_wpftmp.csproj::TargetFramework=net9.0-windows]
D:\C#\VM\Services\Core.Halcon\Base\HalconBase.cs(1330,27): warning CS8625: 无法将 null 字面量转换为非 null 的引用类型。 [D:\C#\VM\Services\Core.Halcon\Core.Halcon_avobe53c_wpftmp.csproj::TargetFramework=net9.0-windows]
D:\C#\VM\DLL\HslCommunication\Core\SoftMultiTask.cs(188,10): warning CS0219: 变量“flag”已被赋值，但从未使用过它的值 [D:\C#\VM\DLL\HslCommunication\HslCommunication.csproj]
D:\C#\VM\DLL\HslCommunication\Core\Security\RSAHelper.cs(63,10): warning CS0219: 变量“b”已被赋值，但从未使用过它的值 [D:\C#\VM\DLL\HslCommunication\HslCommunication.csproj]
D:\C#\VM\DLL\HslCommunication\BasicFramework\SharpList.cs(47,7): warning CS0219: 变量“val”已被赋值，但从未使用过它的值 [D:\C#\VM\DLL\HslCommunication\HslCommunication.csproj]
D:\C#\VM\DLL\HslCommunication\Core\Security\RSAHelper.cs(299,9): warning CS0219: 变量“b”已被赋值，但从未使用过它的值 [D:\C#\VM\DLL\HslCommunication\HslCommunication.csproj]
D:\C#\VM\DLL\HslCommunication\Core\Net\NetworkWebApiRobotBase.cs(42,55): warning CS1998: This async method lacks 'await' operators and will run synchronously. Consider using the 'await' operator to await non-blocking API calls, or 'await Task.Run(...)' to do CPU-bound work on a background thread. [D:\C#\VM\DLL\HslCommunication\HslCommunication.csproj]
D:\C#\VM\DLL\HslCommunication\Robot\EFORT\ER7BC10Previous.cs(136,36): warning CS1998: This async method lacks 'await' operators and will run synchronously. Consider using the 'await' operator to await non-blocking API calls, or 'await Task.Run(...)' to do CPU-bound work on a background thread. [D:\C#\VM\DLL\HslCommunication\HslCommunication.csproj]
D:\C#\VM\DLL\HslCommunication\Robot\EFORT\ER7BC10Previous.cs(142,36): warning CS1998: This async method lacks 'await' operators and will run synchronously. Consider using the 'await' operator to await non-blocking API calls, or 'await Task.Run(...)' to do CPU-bound work on a background thread. [D:\C#\VM\DLL\HslCommunication\HslCommunication.csproj]
D:\C#\VM\DLL\HslCommunication\Robot\EFORT\ER7BC10.cs(139,36): warning CS1998: This async method lacks 'await' operators and will run synchronously. Consider using the 'await' operator to await non-blocking API calls, or 'await Task.Run(...)' to do CPU-bound work on a background thread. [D:\C#\VM\DLL\HslCommunication\HslCommunication.csproj]
D:\C#\VM\DLL\HslCommunication\Robot\EFORT\ER7BC10.cs(145,36): warning CS1998: This async method lacks 'await' operators and will run synchronously. Consider using the 'await' operator to await non-blocking API calls, or 'await Task.Run(...)' to do CPU-bound work on a background thread. [D:\C#\VM\DLL\HslCommunication\HslCommunication.csproj]
D:\C#\VM\DLL\HslCommunication\Profinet\Melsec\Helper\MelsecFxSerialHelper.cs(412,5): warning CS1717: 对同一变量进行赋值；是否希望对其他变量赋值? [D:\C#\VM\DLL\HslCommunication\HslCommunication.csproj]
D:\C#\VM\DLL\HslCommunication\Instrument\DLT\Helper\DLT645Helper.cs(515,11): warning CS0219: 变量“array2”已被赋值，但从未使用过它的值 [D:\C#\VM\DLL\HslCommunication\HslCommunication.csproj]
D:\C#\VM\DLL\HslCommunication\Instrument\DLT\Helper\DLT645Helper.cs(551,11): warning CS0219: 变量“array”已被赋值，但从未使用过它的值 [D:\C#\VM\DLL\HslCommunication\HslCommunication.csproj]
D:\C#\VM\DLL\HslCommunication\Algorithms\PID\PIDHelper.cs(30,15): warning CS0169: 从不使用字段“PIDHelper.index” [D:\C#\VM\DLL\HslCommunication\HslCommunication.csproj]
D:\C#\VM\DLL\HslCommunication\Algorithms\PID\PIDHelper.cs(32,15): warning CS0414: 字段“PIDHelper.UMAX”已被赋值，但从未使用过它的值 [D:\C#\VM\DLL\HslCommunication\HslCommunication.csproj]
D:\C#\VM\DLL\HslCommunication\Algorithms\PID\PIDHelper.cs(34,15): warning CS0414: 字段“PIDHelper.UMIN”已被赋值，但从未使用过它的值 [D:\C#\VM\DLL\HslCommunication\HslCommunication.csproj]
D:\C#\VM\DLL\HslCommunication\Profinet\Toyota\ToyoPucServer.cs(31,15): warning CS0414: 字段“ToyoPucServer.station”已被赋值，但从未使用过它的值 [D:\C#\VM\DLL\HslCommunication\HslCommunication.csproj]
D:\C#\VM\Services\Core.Halcon\Models\DrawingObjectInfo.cs(23,86): warning CS8625: 无法将 null 字面量转换为非 null 的引用类型。 [D:\C#\VM\Services\Core.Halcon\Core.Halcon.csproj::TargetFramework=net9.0-windows]
D:\C#\VM\Services\Core.Halcon\Base\HalconBase.cs(80,26): warning CS8625: 无法将 null 字面量转换为非 null 的引用类型。 [D:\C#\VM\Services\Core.Halcon\Core.Halcon.csproj::TargetFramework=net9.0-windows]
D:\C#\VM\Services\Core.Halcon\Base\HalconBase.cs(81,28): warning CS8625: 无法将 null 字面量转换为非 null 的引用类型。 [D:\C#\VM\Services\Core.Halcon\Core.Halcon.csproj::TargetFramework=net9.0-windows]
D:\C#\VM\Services\Core.Halcon\Base\HalconBase.cs(82,27): warning CS8625: 无法将 null 字面量转换为非 null 的引用类型。 [D:\C#\VM\Services\Core.Halcon\Core.Halcon.csproj::TargetFramework=net9.0-windows]
D:\C#\VM\Services\Core.Halcon\Base\HalconBase.cs(83,28): warning CS8625: 无法将 null 字面量转换为非 null 的引用类型。 [D:\C#\VM\Services\Core.Halcon\Core.Halcon.csproj::TargetFramework=net9.0-windows]
D:\C#\VM\Services\Core.Halcon\Base\HalconBase.cs(209,17): warning CS8604: “void HalconBase.SwapDrawObjectList(ObservableCollection<DrawingObjectInfo> oldList, ObservableCollection<DrawingObjectInfo> newList)”中的形参“oldList”可能传入 null 引用实参。 [D:\C#\VM\Services\Core.Halcon\Core.Halcon.csproj::TargetFramework=net9.0-windows]
D:\C#\VM\Services\Core.Halcon\Base\HalconBase.cs(210,17): warning CS8604: “void HalconBase.SwapDrawObjectList(ObservableCollection<DrawingObjectInfo> oldList, ObservableCollection<DrawingObjectInfo> newList)”中的形参“newList”可能传入 null 引用实参。 [D:\C#\VM\Services\Core.Halcon\Core.Halcon.csproj::TargetFramework=net9.0-windows]
D:\C#\VM\Services\Core.Halcon\Base\HalconBase.cs(227,46): warning CS8622: “void HalconBase.OnDrawObjectListChanged(object sender, NotifyCollectionChangedEventArgs e)”的参数“sender”类型中引用类型的为 Null 性与目标委托“NotifyCollectionChangedEventHandler”不匹配(可能是由于为 Null 性特性)。 [D:\C#\VM\Services\Core.Halcon\Core.Halcon.csproj::TargetFramework=net9.0-windows]
D:\C#\VM\Services\Core.Halcon\Base\HalconBase.cs(230,46): warning CS8622: “void HalconBase.OnDrawObjectListChanged(object sender, NotifyCollectionChangedEventArgs e)”的参数“sender”类型中引用类型的为 Null 性与目标委托“NotifyCollectionChangedEventHandler”不匹配(可能是由于为 Null 性特性)。 [D:\C#\VM\Services\Core.Halcon\Core.Halcon.csproj::TargetFramework=net9.0-windows]
D:\C#\VM\Services\Core.Halcon\Models\DrawingObjectInfo.cs(83,30): warning CS8625: 无法将 null 字面量转换为非 null 的引用类型。 [D:\C#\VM\Services\Core.Halcon\Core.Halcon.csproj::TargetFramework=net9.0-windows]
D:\C#\VM\Services\Core.Halcon\Models\DrawingObjectInfo.cs(85,28): warning CS8625: 无法将 null 字面量转换为非 null 的引用类型。 [D:\C#\VM\Services\Core.Halcon\Core.Halcon.csproj::TargetFramework=net9.0-windows]
D:\C#\VM\Services\Core.Halcon\Models\DrawingObjectInfo.cs(86,30): warning CS8625: 无法将 null 字面量转换为非 null 的引用类型。 [D:\C#\VM\Services\Core.Halcon\Core.Halcon.csproj::TargetFramework=net9.0-windows]
D:\C#\VM\Services\Core.Halcon\Base\HalconBase.cs(527,34): warning CS8625: 无法将 null 字面量转换为非 null 的引用类型。 [D:\C#\VM\Services\Core.Halcon\Core.Halcon.csproj::TargetFramework=net9.0-windows]
D:\C#\VM\Services\Core.Halcon\Base\HalconBase.cs(527,27): warning CS8601: 可能的 null 引用赋值。 [D:\C#\VM\Services\Core.Halcon\Core.Halcon.csproj::TargetFramework=net9.0-windows]
D:\C#\VM\Services\Core.Halcon\Base\HalconBase.cs(527,19): warning CS8601: 可能的 null 引用赋值。 [D:\C#\VM\Services\Core.Halcon\Core.Halcon.csproj::TargetFramework=net9.0-windows]
D:\C#\VM\Services\Core.Halcon\Base\HalconBase.cs(528,26): warning CS8600: 将 null 文本或可能的 null 值转换为不可为 null 类型。 [D:\C#\VM\Services\Core.Halcon\Core.Halcon.csproj::TargetFramework=net9.0-windows]
D:\C#\VM\Services\Core.Halcon\Extensions\HDrawingObjectExtensions.cs(11,32): warning CS8600: 将 null 文本或可能的 null 值转换为不可为 null 类型。 [D:\C#\VM\Services\Core.Halcon\Core.Halcon.csproj::TargetFramework=net9.0-windows]
D:\C#\VM\Services\Core.Halcon\Extensions\HDrawingObjectExtensions.cs(45,20): warning CS8603: 可能返回 null 引用。 [D:\C#\VM\Services\Core.Halcon\Core.Halcon.csproj::TargetFramework=net9.0-windows]
D:\C#\VM\Services\Core.Halcon\Base\HalconBase.cs(702,37): warning CS8622: “void HalconBase.OnActiveRoiTuplesChanged(object sender, PropertyChangedEventArgs e)”的参数“sender”类型中引用类型的为 Null 性与目标委托“PropertyChangedEventHandler”不匹配(可能是由于为 Null 性特性)。 [D:\C#\VM\Services\Core.Halcon\Core.Halcon.csproj::TargetFramework=net9.0-windows]
D:\C#\VM\Services\Core.Halcon\Base\HalconBase.cs(714,37): warning CS8622: “void HalconBase.OnActiveRoiTuplesChanged(object sender, PropertyChangedEventArgs e)”的参数“sender”类型中引用类型的为 Null 性与目标委托“PropertyChangedEventHandler”不匹配(可能是由于为 Null 性特性)。 [D:\C#\VM\Services\Core.Halcon\Core.Halcon.csproj::TargetFramework=net9.0-windows]
D:\C#\VM\Services\Core.Halcon\Base\HalconBase.cs(778,13): warning CS8603: 可能返回 null 引用。 [D:\C#\VM\Services\Core.Halcon\Core.Halcon.csproj::TargetFramework=net9.0-windows]
D:\C#\VM\Services\Core.Halcon\Base\HalconBase.cs(873,24): warning CS8603: 可能返回 null 引用。 [D:\C#\VM\Services\Core.Halcon\Core.Halcon.csproj::TargetFramework=net9.0-windows]
D:\C#\VM\Services\Core.Halcon\Base\HalconBase.cs(889,32): warning CS8603: 可能返回 null 引用。 [D:\C#\VM\Services\Core.Halcon\Core.Halcon.csproj::TargetFramework=net9.0-windows]
D:\C#\VM\Services\Core.Halcon\Base\HalconBase.cs(894,24): warning CS8603: 可能返回 null 引用。 [D:\C#\VM\Services\Core.Halcon\Core.Halcon.csproj::TargetFramework=net9.0-windows]
D:\C#\VM\Services\Core.Halcon\Base\HalconBase.cs(907,13): warning CS8602: 解引用可能出现空引用。 [D:\C#\VM\Services\Core.Halcon\Core.Halcon.csproj::TargetFramework=net9.0-windows]
D:\C#\VM\Services\Core.Halcon\Base\HalconBase.cs(1051,24): warning CS8603: 可能返回 null 引用。 [D:\C#\VM\Services\Core.Halcon\Core.Halcon.csproj::TargetFramework=net9.0-windows]
D:\C#\VM\Services\Core.Halcon\Base\HalconBase.cs(1055,25): warning CS8602: 解引用可能出现空引用。 [D:\C#\VM\Services\Core.Halcon\Core.Halcon.csproj::TargetFramework=net9.0-windows]
D:\C#\VM\Services\Core.Halcon\Base\HalconBase.cs(1068,32): warning CS8603: 可能返回 null 引用。 [D:\C#\VM\Services\Core.Halcon\Core.Halcon.csproj::TargetFramework=net9.0-windows]
D:\C#\VM\Services\Core.Halcon\Base\HalconBase.cs(1073,24): warning CS8603: 可能返回 null 引用。 [D:\C#\VM\Services\Core.Halcon\Core.Halcon.csproj::TargetFramework=net9.0-windows]
D:\C#\VM\Services\Core.Halcon\Base\HalconBase.cs(1329,26): warning CS8625: 无法将 null 字面量转换为非 null 的引用类型。 [D:\C#\VM\Services\Core.Halcon\Core.Halcon.csproj::TargetFramework=net9.0-windows]
D:\C#\VM\Services\Core.Halcon\Base\HalconBase.cs(1330,27): warning CS8625: 无法将 null 字面量转换为非 null 的引用类型。 [D:\C#\VM\Services\Core.Halcon\Core.Halcon.csproj::TargetFramework=net9.0-windows]
D:\C#\VM\Shard\Core.Controls\Events\PluginPreviewExtensions.cs(75,31): warning CS8601: 可能的 null 引用赋值。 [D:\C#\VM\Shard\Core.Controls\Core.Controls.csproj]
D:\C#\VM\Shard\Core.Controls\LinkableValueEditor.xaml.cs(240,34): warning CS8622: “void LinkableValueEditor.OnPortValueChanged(object sender, EventArgs e)”的参数“sender”类型中引用类型的为 Null 性与目标委托“EventHandler”不匹配(可能是由于为 Null 性特性)。 [D:\C#\VM\Shard\Core.Controls\Core.Controls.csproj]
D:\C#\VM\Shard\Core.Controls\LinkableValueEditor.xaml.cs(241,34): warning CS8622: “void LinkableValueEditor.OnPortValueChanged(object sender, EventArgs e)”的参数“sender”类型中引用类型的为 Null 性与目标委托“EventHandler”不匹配(可能是由于为 Null 性特性)。 [D:\C#\VM\Shard\Core.Controls\Core.Controls.csproj]
D:\C#\VM\Shard\Core.Controls\LinkableValueEditor.xaml.cs(355,20): warning CS8603: 可能返回 null 引用。 [D:\C#\VM\Shard\Core.Controls\Core.Controls.csproj]
D:\C#\VM\Core\IResourceLockService.cs(20,89): warning CS8625: 无法将 null 字面量转换为非 null 的引用类型。 [D:\C#\VM\Core\VM.Core.csproj]
D:\C#\VM\Core\IResourceLockService.cs(31,104): warning CS8625: 无法将 null 字面量转换为非 null 的引用类型。 [D:\C#\VM\Core\VM.Core.csproj]
D:\C#\VM\Core\IResourceLockService.cs(40,105): warning CS8625: 无法将 null 字面量转换为非 null 的引用类型。 [D:\C#\VM\Core\VM.Core.csproj]
D:\C#\VM\Core\LogService.cs(80,73): warning CS8625: 无法将 null 字面量转换为非 null 的引用类型。 [D:\C#\VM\Core\VM.Core.csproj]
D:\C#\VM\Core\EventModel\SessionStateChangedEventArgs.cs(52,30): warning CS8625: 无法将 null 字面量转换为非 null 的引用类型。 [D:\C#\VM\Core\VM.Core.csproj]
D:\C#\VM\Core\LogService.cs(81,64): warning CS8625: 无法将 null 字面量转换为非 null 的引用类型。 [D:\C#\VM\Core\VM.Core.csproj]
D:\C#\VM\Core\LogService.cs(106,81): warning CS8625: 无法将 null 字面量转换为非 null 的引用类型。 [D:\C#\VM\Core\VM.Core.csproj]
D:\C#\VM\Core\Toolkit\AuditLogger.cs(86,71): warning CS8625: 无法将 null 字面量转换为非 null 的引用类型。 [D:\C#\VM\Core\VM.Core.csproj]
D:\C#\VM\Core\Models\Compileds\CompilationResult.cs(48,45): warning CS0109: 成员“CompilationResult.Ok(CompiledFlow)”不会隐藏可访问成员。不需要关键字 new。 [D:\C#\VM\Core\VM.Core.csproj]
D:\C#\VM\Core\Models\Compileds\CompilationResult.cs(56,45): warning CS0109: 成员“CompilationResult.NG(string)”不会隐藏可访问成员。不需要关键字 new。 [D:\C#\VM\Core\VM.Core.csproj]
D:\C#\VM\Core\Toolkit\ObjectPool.cs(31,68): warning CS8625: 无法将 null 字面量转换为非 null 的引用类型。 [D:\C#\VM\Core\VM.Core.csproj]
D:\C#\VM\Core\Toolkit\RetryPolicy.cs(24,88): warning CS8625: 无法将 null 字面量转换为非 null 的引用类型。 [D:\C#\VM\Core\VM.Core.csproj]
D:\C#\VM\Core\Toolkit\RetryPolicy.cs(55,88): warning CS8625: 无法将 null 字面量转换为非 null 的引用类型。 [D:\C#\VM\Core\VM.Core.csproj]
D:\C#\VM\Core\Models\ProcessStep\BreakStep.cs(15,93): warning CS8625: 无法将 null 字面量转换为非 null 的引用类型。 [D:\C#\VM\Core\VM.Core.csproj]
D:\C#\VM\Core\Models\ProcessStep\BreakStep.cs(25,96): warning CS8625: 无法将 null 字面量转换为非 null 的引用类型。 [D:\C#\VM\Core\VM.Core.csproj]
D:\C#\VM\Core\Models\ProcessStep\BreakStep.cs(35,94): warning CS8625: 无法将 null 字面量转换为非 null 的引用类型。 [D:\C#\VM\Core\VM.Core.csproj]
D:\C#\VM\Core\Models\ProcessStep\CaseStep.cs(50,98): warning CS8625: 无法将 null 字面量转换为非 null 的引用类型。 [D:\C#\VM\Core\VM.Core.csproj]
D:\C#\VM\Core\Models\ProcessStep\StepModel.cs(398,100): warning CS8625: 无法将 null 字面量转换为非 null 的引用类型。 [D:\C#\VM\Core\VM.Core.csproj]
D:\C#\VM\Core\Models\ProcessStep\ConditionStep.cs(66,31): warning CS8625: 无法将 null 字面量转换为非 null 的引用类型。 [D:\C#\VM\Core\VM.Core.csproj]
D:\C#\VM\Core\Models\ProcessStep\ParallelStep.cs(130,102): warning CS8625: 无法将 null 字面量转换为非 null 的引用类型。 [D:\C#\VM\Core\VM.Core.csproj]
D:\C#\VM\Core\Models\ProcessStep\WhileStep.cs(18,99): warning CS8625: 无法将 null 字面量转换为非 null 的引用类型。 [D:\C#\VM\Core\VM.Core.csproj]
D:\C#\VM\Core\Models\ProcessStep\ForStep.cs(39,97): warning CS8625: 无法将 null 字面量转换为非 null 的引用类型。 [D:\C#\VM\Core\VM.Core.csproj]
D:\C#\VM\Core\Models\Variable\IVariable.cs(29,23): warning CS0108: “IVariable.Description”隐藏继承的成员“IPort.Description”。如果是有意隐藏，请使用关键字 new。 [D:\C#\VM\Core\VM.Core.csproj]
D:\C#\VM\Core\Models\Variable\ArrayIndexProxyPort.cs(58,34): warning CS8766: “Type? ArrayIndexProxyPort.DataType.get”的返回类型中引用类型的为 Null 性与隐式实现的成员“Type IPort.DataType.get”不匹配(可能是由于为 Null 性特性)。 [D:\C#\VM\Core\VM.Core.csproj]
D:\C#\VM\Core\Models\Variable\NetworkVariableModel.cs(104,13): warning CS8766: “object? NetworkVariableModel.Value.get”的返回类型中引用类型的为 Null 性与隐式实现的成员“object IPort.Value.get”不匹配(可能是由于为 Null 性特性)。 [D:\C#\VM\Core\VM.Core.csproj]
D:\C#\VM\Core\Models\ProcessStep\StepModel.cs(176,106): warning CS8625: 无法将 null 字面量转换为非 null 的引用类型。 [D:\C#\VM\Core\VM.Core.csproj]
D:\C#\VM\Core\Models\ProcessStep\StepModel.cs(363,97): warning CS8625: 无法将 null 字面量转换为非 null 的引用类型。 [D:\C#\VM\Core\VM.Core.csproj]
D:\C#\VM\Core\Models\Variable\LocalVariableModel.cs(87,13): warning CS8766: “object? LocalVariableModel.Value.get”的返回类型中引用类型的为 Null 性与隐式实现的成员“object IPort.Value.get”不匹配(可能是由于为 Null 性特性)。 [D:\C#\VM\Core\VM.Core.csproj]
D:\C#\VM\Core\Toolkit\CloneHelper.cs(20,37): warning CS8603: 可能返回 null 引用。 [D:\C#\VM\Core\VM.Core.csproj]
D:\C#\VM\Core\Toolkit\CloneHelper.cs(29,38): warning CS8600: 将 null 文本或可能的 null 值转换为不可为 null 类型。 [D:\C#\VM\Core\VM.Core.csproj]
D:\C#\VM\Core\Toolkit\CloneHelper.cs(31,20): warning CS8600: 将 null 文本或可能的 null 值转换为不可为 null 类型。 [D:\C#\VM\Core\VM.Core.csproj]
D:\C#\VM\Core\Toolkit\CloneHelper.cs(31,20): warning CS8603: 可能返回 null 引用。 [D:\C#\VM\Core\VM.Core.csproj]
D:\C#\VM\Core\Toolkit\CloneHelper.cs(41,37): warning CS8603: 可能返回 null 引用。 [D:\C#\VM\Core\VM.Core.csproj]
D:\C#\VM\Core\Toolkit\CloneHelper.cs(50,20): warning CS8603: 可能返回 null 引用。 [D:\C#\VM\Core\VM.Core.csproj]
D:\C#\VM\Core\IReadOnlyWorkspaceContext.cs(138,67): warning CS8603: 可能返回 null 引用。 [D:\C#\VM\Core\VM.Core.csproj]
D:\C#\VM\Core\ExecutionContext.cs(41,42): warning CS8603: 可能返回 null 引用。 [D:\C#\VM\Core\VM.Core.csproj]
D:\C#\VM\Core\Toolkit\PerformanceProfiler.cs(56,39): warning CS8625: 无法将 null 字面量转换为非 null 的引用类型。 [D:\C#\VM\Core\VM.Core.csproj]
D:\C#\VM\Core\IReadOnlyWorkspaceContext.cs(168,24): warning CS8625: 无法将 null 字面量转换为非 null 的引用类型。 [D:\C#\VM\Core\VM.Core.csproj]
D:\C#\VM\Core\IReadOnlyWorkspaceContext.cs(184,29): warning CS8601: 可能的 null 引用赋值。 [D:\C#\VM\Core\VM.Core.csproj]
D:\C#\VM\Core\IReadOnlyWorkspaceContext.cs(185,24): warning CS8625: 无法将 null 字面量转换为非 null 的引用类型。 [D:\C#\VM\Core\VM.Core.csproj]
D:\C#\VM\Core\IReadOnlyWorkspaceContext.cs(202,29): warning CS8601: 可能的 null 引用赋值。 [D:\C#\VM\Core\VM.Core.csproj]
D:\C#\VM\Core\Toolkit\PerformanceMonitor.cs(185,20): warning CS8603: 可能返回 null 引用。 [D:\C#\VM\Core\VM.Core.csproj]
D:\C#\VM\Core\Toolkit\PerformanceMonitor.cs(194,20): warning CS8603: 可能返回 null 引用。 [D:\C#\VM\Core\VM.Core.csproj]
D:\C#\VM\Core\Helpers\WatchPortWrapper.cs(150,40): warning CS8603: 可能返回 null 引用。 [D:\C#\VM\Core\VM.Core.csproj]
D:\C#\VM\Core\Helpers\CaseValueHelper.cs(39,21): warning CS8625: 无法将 null 字面量转换为非 null 的引用类型。 [D:\C#\VM\Core\VM.Core.csproj]
D:\C#\VM\Core\Helpers\CaseValueHelper.cs(40,21): warning CS8625: 无法将 null 字面量转换为非 null 的引用类型。 [D:\C#\VM\Core\VM.Core.csproj]
D:\C#\VM\Core\Helpers\WatchPortWrapper.cs(209,54): warning CS8622: “void WatchPortWrapper.OnPortValueChanged(object sender, EventArgs e)”的参数“sender”类型中引用类型的为 Null 性与目标委托“EventHandler”不匹配(可能是由于为 Null 性特性)。 [D:\C#\VM\Core\VM.Core.csproj]
D:\C#\VM\Core\CommunicationContracts\CommunicationVariable.cs(37,49): warning CS8601: 可能的 null 引用赋值。 [D:\C#\VM\Core\VM.Core.csproj]
D:\C#\VM\Core\Helpers\WatchPortWrapper.cs(224,64): warning CS8622: “void WatchPortWrapper.OnGlobalVarValueChanged(object sender, EventArgs e)”的参数“sender”类型中引用类型的为 Null 性与目标委托“EventHandler”不匹配(可能是由于为 Null 性特性)。 [D:\C#\VM\Core\VM.Core.csproj]
D:\C#\VM\Core\Helpers\WatchPortWrapper.cs(262,54): warning CS8622: “void WatchPortWrapper.OnPortValueChanged(object sender, EventArgs e)”的参数“sender”类型中引用类型的为 Null 性与目标委托“EventHandler”不匹配(可能是由于为 Null 性特性)。 [D:\C#\VM\Core\VM.Core.csproj]
D:\C#\VM\Core\Helpers\WatchPortWrapper.cs(263,64): warning CS8622: “void WatchPortWrapper.OnGlobalVarValueChanged(object sender, EventArgs e)”的参数“sender”类型中引用类型的为 Null 性与目标委托“EventHandler”不匹配(可能是由于为 Null 性特性)。 [D:\C#\VM\Core\VM.Core.csproj]
D:\C#\VM\Core\CommunicationContracts\CommunicationConfig.cs(249,26): warning CS8601: 可能的 null 引用赋值。 [D:\C#\VM\Core\VM.Core.csproj]
D:\C#\VM\Core\CommunicationContracts\CommunicationConfig.cs(271,22): warning CS8601: 可能的 null 引用赋值。 [D:\C#\VM\Core\VM.Core.csproj]
D:\C#\VM\Core\Toolkit\AuditLogger.cs(104,33): warning CS8602: 解引用可能出现空引用。 [D:\C#\VM\Core\VM.Core.csproj]
D:\C#\VM\Core\Toolkit\AuditLogger.cs(118,34): warning CS0168: 声明了变量“ex”，但从未使用过 [D:\C#\VM\Core\VM.Core.csproj]
D:\C#\VM\Core\Helpers\TypeCache.cs(158,58): warning CS8600: 将 null 文本或可能的 null 值转换为不可为 null 类型。 [D:\C#\VM\Core\VM.Core.csproj]
D:\C#\VM\Core\Helpers\TypeCache.cs(167,20): warning CS8625: 无法将 null 字面量转换为非 null 的引用类型。 [D:\C#\VM\Core\VM.Core.csproj]
D:\C#\VM\Core\Helpers\TypeCache.cs(179,25): warning CS8600: 将 null 文本或可能的 null 值转换为不可为 null 类型。 [D:\C#\VM\Core\VM.Core.csproj]
D:\C#\VM\Core\Helpers\TypeCache.cs(186,24): warning CS8600: 将 null 文本或可能的 null 值转换为不可为 null 类型。 [D:\C#\VM\Core\VM.Core.csproj]
D:\C#\VM\Core\Helpers\TypeCache.cs(191,20): warning CS8603: 可能返回 null 引用。 [D:\C#\VM\Core\VM.Core.csproj]
D:\C#\VM\Core\Helpers\TypeCache.cs(218,44): warning CS8604: “string TypeCache.GetSimpleTypeKey(Type type)”中的形参“type”可能传入 null 引用实参。 [D:\C#\VM\Core\VM.Core.csproj]
D:\C#\VM\Core\Helpers\TypeHelper.cs(94,16): warning CS8603: 可能返回 null 引用。 [D:\C#\VM\Core\VM.Core.csproj]
D:\C#\VM\Core\Models\Compileds\CompiledBreakNode.cs(31,20): warning CS8603: 可能返回 null 引用。 [D:\C#\VM\Core\VM.Core.csproj]
D:\C#\VM\Core\Models\Compileds\CompiledBreakNode.cs(53,20): warning CS8603: 可能返回 null 引用。 [D:\C#\VM\Core\VM.Core.csproj]
D:\C#\VM\Core\Models\Compileds\CompiledBreakNode.cs(78,20): warning CS8603: 可能返回 null 引用。 [D:\C#\VM\Core\VM.Core.csproj]
D:\C#\VM\Core\Models\Compileds\CompiledForNode.cs(67,20): warning CS8603: 可能返回 null 引用。 [D:\C#\VM\Core\VM.Core.csproj]
D:\C#\VM\Core\Models\Compileds\CompiledIfNode.cs(45,24): warning CS8603: 可能返回 null 引用。 [D:\C#\VM\Core\VM.Core.csproj]
D:\C#\VM\Core\Models\Compileds\CompiledIfNode.cs(83,20): warning CS8603: 可能返回 null 引用。 [D:\C#\VM\Core\VM.Core.csproj]
D:\C#\VM\Core\Models\Compileds\CompiledNode.cs(115,24): warning CS8603: 可能返回 null 引用。 [D:\C#\VM\Core\VM.Core.csproj]
D:\C#\VM\Core\Models\Compileds\CompiledNode.cs(120,24): warning CS8603: 可能返回 null 引用。 [D:\C#\VM\Core\VM.Core.csproj]
D:\C#\VM\Core\Models\Compileds\CompiledNode.cs(125,20): warning CS8603: 可能返回 null 引用。 [D:\C#\VM\Core\VM.Core.csproj]
D:\C#\VM\Core\Models\Compileds\CompiledParallelNode.cs(93,24): warning CS8603: 可能返回 null 引用。 [D:\C#\VM\Core\VM.Core.csproj]
D:\C#\VM\Core\Models\Compileds\CompiledParallelNode.cs(97,39): warning CS8604: “void CompiledParallelNode.WarnIfJoinOnNonPoolThread(ILogService logger)”中的形参“logger”可能传入 null 引用实参。 [D:\C#\VM\Core\VM.Core.csproj]
D:\C#\VM\Core\Models\Compileds\CompiledIfNode.cs(124,28): warning CS8601: 可能的 null 引用赋值。 [D:\C#\VM\Core\VM.Core.csproj]
D:\C#\VM\Core\Models\Compileds\CompiledParallelNode.cs(108,24): warning CS8603: 可能返回 null 引用。 [D:\C#\VM\Core\VM.Core.csproj]
D:\C#\VM\Core\Toolkit\AuditLogger.cs(181,34): warning CS0168: 声明了变量“ex”，但从未使用过 [D:\C#\VM\Core\VM.Core.csproj]
D:\C#\VM\Core\Models\Compileds\CompiledPluginNode.cs(34,24): warning CS8603: 可能返回 null 引用。 [D:\C#\VM\Core\VM.Core.csproj]
D:\C#\VM\Core\Models\Compileds\CompiledPluginNode.cs(50,28): warning CS8603: 可能返回 null 引用。 [D:\C#\VM\Core\VM.Core.csproj]
D:\C#\VM\Core\Models\Compileds\CompiledPluginNode.cs(61,20): warning CS8603: 可能返回 null 引用。 [D:\C#\VM\Core\VM.Core.csproj]
D:\C#\VM\Core\Models\Compileds\CompiledNode.cs(291,47): warning CS8625: 无法将 null 字面量转换为非 null 的引用类型。 [D:\C#\VM\Core\VM.Core.csproj]
D:\C#\VM\Core\Models\Compileds\CompiledWhileNode.cs(62,20): warning CS8603: 可能返回 null 引用。 [D:\C#\VM\Core\VM.Core.csproj]
D:\C#\VM\Core\Models\Compileds\CompiledParallelNode.cs(182,28): warning CS8603: 可能返回 null 引用。 [D:\C#\VM\Core\VM.Core.csproj]
D:\C#\VM\Core\Models\Compileds\CompiledParallelNode.cs(222,28): warning CS8603: 可能返回 null 引用。 [D:\C#\VM\Core\VM.Core.csproj]
D:\C#\VM\Core\Models\Compileds\CompiledParallelNode.cs(254,20): warning CS8603: 可能返回 null 引用。 [D:\C#\VM\Core\VM.Core.csproj]
D:\C#\VM\Core\Toolkit\BatchDataWriter.cs(139,34): warning CS0168: 声明了变量“ex”，但从未使用过 [D:\C#\VM\Core\VM.Core.csproj]
D:\C#\VM\Core\Toolkit\BlockingQueue.cs(64,24): warning CS8601: 可能的 null 引用赋值。 [D:\C#\VM\Core\VM.Core.csproj]
D:\C#\VM\Core\Toolkit\BlockingQueue.cs(67,48): warning CS8601: 可能的 null 引用赋值。 [D:\C#\VM\Core\VM.Core.csproj]
D:\C#\VM\Core\Toolkit\DebounceThrottle.cs(22,43): warning CS8600: 将 null 文本或可能的 null 值转换为不可为 null 类型。 [D:\C#\VM\Core\VM.Core.csproj]
D:\C#\VM\Core\Toolkit\EventExtensions.cs(53,51): warning CS8601: 可能的 null 引用赋值。 [D:\C#\VM\Core\VM.Core.csproj]
D:\C#\VM\Core\Toolkit\EventExtensions.cs(33,13): warning CS8602: 解引用可能出现空引用。 [D:\C#\VM\Core\VM.Core.csproj]
D:\C#\VM\Core\Toolkit\BatchDataWriter.cs(198,30): warning CS0168: 声明了变量“ex”，但从未使用过 [D:\C#\VM\Core\VM.Core.csproj]
D:\C#\VM\Core\Models\FlowModel.cs(124,73): warning CS8603: 可能返回 null 引用。 [D:\C#\VM\Core\VM.Core.csproj]
D:\C#\VM\Core\Toolkit\MemoryManager.cs(137,21): warning CS8622: “void MemoryManager.OnTimerTick(object state)”的参数“state”类型中引用类型的为 Null 性与目标委托“TimerCallback”不匹配(可能是由于为 Null 性特性)。 [D:\C#\VM\Core\VM.Core.csproj]
D:\C#\VM\Core\Toolkit\MemoryManager.cs(158,26): warning CS8625: 无法将 null 字面量转换为非 null 的引用类型。 [D:\C#\VM\Core\VM.Core.csproj]
D:\C#\VM\Core\Models\Compileds\BranchVariableRegistry.cs(84,94): warning CS8601: 可能的 null 引用赋值。 [D:\C#\VM\Core\VM.Core.csproj]
D:\C#\VM\Core\Toolkit\MemoryManager.cs(188,30): warning CS0168: 声明了变量“ex”，但从未使用过 [D:\C#\VM\Core\VM.Core.csproj]
D:\C#\VM\Core\Toolkit\GlobalExceptionHandler.cs(73,35): warning CS8602: 解引用可能出现空引用。 [D:\C#\VM\Core\VM.Core.csproj]
D:\C#\VM\Core\Toolkit\MemoryManager.cs(225,30): warning CS0168: 声明了变量“ex”，但从未使用过 [D:\C#\VM\Core\VM.Core.csproj]
D:\C#\VM\Core\Models\LocalVariableItem.cs(23,23): warning CS9264: 在退出构造函数时，不可为 null 的 属性 'Name' 必须包含非 null 值。请考虑添加“required”修饰符，或将 属性 声明为可为 null，或安全地处理“get”访问器中“field”为 null 的情况。 [D:\C#\VM\Core\VM.Core.csproj]
D:\C#\VM\Core\Toolkit\MemoryManager.cs(285,30): warning CS0168: 声明了变量“ex”，但从未使用过 [D:\C#\VM\Core\VM.Core.csproj]
D:\C#\VM\Core\Toolkit\HighPrecisionTimer.cs(83,30): warning CS0168: 声明了变量“ex”，但从未使用过 [D:\C#\VM\Core\VM.Core.csproj]
D:\C#\VM\Core\Toolkit\HighPrecisionTimer.cs(95,27): warning CS8625: 无法将 null 字面量转换为非 null 的引用类型。 [D:\C#\VM\Core\VM.Core.csproj]
D:\C#\VM\Core\Helpers\WatchPortWrapper.cs(61,41): warning CS8604: “string ArrayWatchValueFormatter.FormatElement(object element)”中的形参“element”可能传入 null 引用实参。 [D:\C#\VM\Core\VM.Core.csproj]
D:\C#\VM\Core\Helpers\WatchPortWrapper.cs(75,20): warning CS8603: 可能返回 null 引用。 [D:\C#\VM\Core\VM.Core.csproj]
D:\C#\VM\Core\Models\MandatoryFlows.cs(50,16): warning CS8603: 可能返回 null 引用。 [D:\C#\VM\Core\VM.Core.csproj]
D:\C#\VM\Core\Toolkit\LockFreeRingBuffer.cs(114,20): warning CS8625: 无法将 null 字面量转换为非 null 的引用类型。 [D:\C#\VM\Core\VM.Core.csproj]
D:\C#\VM\Core\Models\Variable\RuntimeVariableProxyPort.cs(86,28): warning CS8603: 可能返回 null 引用。 [D:\C#\VM\Core\VM.Core.csproj]
D:\C#\VM\Core\Models\Variable\RuntimeVariableProxyPort.cs(92,24): warning CS8603: 可能返回 null 引用。 [D:\C#\VM\Core\VM.Core.csproj]
D:\C#\VM\Core\Models\ProcessStep\CaseStep.cs(50,16): warning CS9264: 在退出构造函数时，不可为 null 的 属性 'JudgeExpression' 必须包含非 null 值。请考虑添加“required”修饰符，或将 属性 声明为可为 null，或安全地处理“get”访问器中“field”为 null 的情况。 [D:\C#\VM\Core\VM.Core.csproj]
D:\C#\VM\Core\Models\ProcessStep\StepCollection.cs(42,23): warning CS9264: 在退出构造函数时，不可为 null 的 属性 'StepName' 必须包含非 null 值。请考虑添加“required”修饰符，或将 属性 声明为可为 null，或安全地处理“get”访问器中“field”为 null 的情况。 [D:\C#\VM\Core\VM.Core.csproj]
D:\C#\VM\Core\Models\ProcessStep\StepCollection.cs(62,23): warning CS9264: 在退出构造函数时，不可为 null 的 属性 'Expression' 必须包含非 null 值。请考虑添加“required”修饰符，或将 属性 声明为可为 null，或安全地处理“get”访问器中“field”为 null 的情况。 [D:\C#\VM\Core\VM.Core.csproj]
D:\C#\VM\Core\Toolkit\HardwareHeartbeatMonitor.cs(30,38): warning CS8622: “void HardwareHeartbeatMonitor.OnGlobalHeartbeatTick(object state)”的参数“state”类型中引用类型的为 Null 性与目标委托“TimerCallback”不匹配(可能是由于为 Null 性特性)。 [D:\C#\VM\Core\VM.Core.csproj]
D:\C#\VM\Core\Models\Variable\NetworkVariableModel.cs(183,65): warning CS8604: “ICommunicationConnection? ICommunicationManager.GetConnection(string connectionName)”中的形参“connectionName”可能传入 null 引用实参。 [D:\C#\VM\Core\VM.Core.csproj]
D:\C#\VM\Core\Toolkit\HardwareHeartbeatMonitor.cs(79,35): warning CS8625: 无法将 null 字面量转换为非 null 的引用类型。 [D:\C#\VM\Core\VM.Core.csproj]
D:\C#\VM\Core\Models\FlowSession.cs(342,43): warning CS8604: “void FlowSession.AddBlueprintsDeep(IEnumerable<StepModel> steps)”中的形参“steps”可能传入 null 引用实参。 [D:\C#\VM\Core\VM.Core.csproj]
D:\C#\VM\Core\Models\VariableNode.cs(215,37): warning CS8601: 可能的 null 引用赋值。 [D:\C#\VM\Core\VM.Core.csproj]
D:\C#\VM\Core\Models\FlowModel.cs(325,16): warning CS9264: 在退出构造函数时，不可为 null 的 属性 'FlowName' 必须包含非 null 值。请考虑添加“required”修饰符，或将 属性 声明为可为 null，或安全地处理“get”访问器中“field”为 null 的情况。 [D:\C#\VM\Core\VM.Core.csproj]
D:\C#\VM\Core\Models\FlowModel.cs(325,16): warning CS9264: 在退出构造函数时，不可为 null 的 属性 'Description' 必须包含非 null 值。请考虑添加“required”修饰符，或将 属性 声明为可为 null，或安全地处理“get”访问器中“field”为 null 的情况。 [D:\C#\VM\Core\VM.Core.csproj]
D:\C#\VM\Core\Models\FlowModel.cs(325,16): warning CS9264: 在退出构造函数时，不可为 null 的 属性 'TriggerVariable' 必须包含非 null 值。请考虑添加“required”修饰符，或将 属性 声明为可为 null，或安全地处理“get”访问器中“field”为 null 的情况。 [D:\C#\VM\Core\VM.Core.csproj]
D:\C#\VM\Core\Toolkit\HardwareHeartbeatMonitor.cs(92,34): warning CS0168: 声明了变量“ex”，但从未使用过 [D:\C#\VM\Core\VM.Core.csproj]
D:\C#\VM\Core\Models\FlowModel.cs(370,41): warning CS8622: “void FlowModel.OnStepPropertyChanged(object sender, PropertyChangedEventArgs e)”的参数“sender”类型中引用类型的为 Null 性与目标委托“PropertyChangedEventHandler”不匹配(可能是由于为 Null 性特性)。 [D:\C#\VM\Core\VM.Core.csproj]
D:\C#\VM\Core\Models\FlowModel.cs(383,45): warning CS8622: “void FlowModel.OnStepPropertyChanged(object sender, PropertyChangedEventArgs e)”的参数“sender”类型中引用类型的为 Null 性与目标委托“PropertyChangedEventHandler”不匹配(可能是由于为 Null 性特性)。 [D:\C#\VM\Core\VM.Core.csproj]
D:\C#\VM\Core\Models\VariableNode.cs(278,37): warning CS8601: 可能的 null 引用赋值。 [D:\C#\VM\Core\VM.Core.csproj]
D:\C#\VM\Core\Models\VariableNode.cs(279,30): warning CS8601: 可能的 null 引用赋值。 [D:\C#\VM\Core\VM.Core.csproj]
D:\C#\VM\Core\Toolkit\HardwareHeartbeatMonitor.cs(115,30): warning CS0168: 声明了变量“ex”，但从未使用过 [D:\C#\VM\Core\VM.Core.csproj]
D:\C#\VM\Core\Toolkit\HardwareHeartbeatMonitor.cs(163,38): warning CS0168: 声明了变量“ex”，但从未使用过 [D:\C#\VM\Core\VM.Core.csproj]
D:\C#\VM\Core\Models\ProcessStep\StepModel.cs(232,26): warning CS8625: 无法将 null 字面量转换为非 null 的引用类型。 [D:\C#\VM\Core\VM.Core.csproj]
D:\C#\VM\Core\Models\ProcessStep\StepModel.cs(243,51): warning CS8625: 无法将 null 字面量转换为非 null 的引用类型。 [D:\C#\VM\Core\VM.Core.csproj]
D:\C#\VM\Core\Models\ProcessStep\StepModel.cs(335,16): warning CS8603: 可能返回 null 引用。 [D:\C#\VM\Core\VM.Core.csproj]
D:\C#\VM\Core\Models\ProcessStep\StepModel.cs(340,16): warning CS8603: 可能返回 null 引用。 [D:\C#\VM\Core\VM.Core.csproj]
D:\C#\VM\Core\LogService.cs(31,21): warning CS0169: 从不使用字段“LogService._droppedCount” [D:\C#\VM\Core\VM.Core.csproj]
D:\C#\VM\Engine\FlowSessionFactory.cs(36,31): warning CS8625: 无法将 null 字面量转换为非 null 的引用类型。 [D:\C#\VM\Engine\VM.FlowEngine.csproj]
D:\C#\VM\Engine\FlowEngineService.cs(119,39): warning CS8625: 无法将 null 字面量转换为非 null 的引用类型。 [D:\C#\VM\Engine\VM.FlowEngine.csproj]
D:\C#\VM\Engine\FlowEngineService.cs(208,102): warning CS8625: 无法将 null 字面量转换为非 null 的引用类型。 [D:\C#\VM\Engine\VM.FlowEngine.csproj]
D:\C#\VM\Engine\FlowTimerScheduler.cs(67,42): warning CS8625: 无法将 null 字面量转换为非 null 的引用类型。 [D:\C#\VM\Engine\VM.FlowEngine.csproj]
D:\C#\VM\Engine\PluginTestRunner.cs(55,39): warning CS8625: 无法将 null 字面量转换为非 null 的引用类型。 [D:\C#\VM\Engine\VM.FlowEngine.csproj]
D:\C#\VM\Engine\PluginTestRunner.cs(56,39): warning CS8625: 无法将 null 字面量转换为非 null 的引用类型。 [D:\C#\VM\Engine\VM.FlowEngine.csproj]
D:\C#\VM\Engine\PluginTestRunner.cs(57,40): warning CS8625: 无法将 null 字面量转换为非 null 的引用类型。 [D:\C#\VM\Engine\VM.FlowEngine.csproj]
D:\C#\VM\Engine\ResourceLockService.cs(50,102): warning CS8625: 无法将 null 字面量转换为非 null 的引用类型。 [D:\C#\VM\Engine\VM.FlowEngine.csproj]
D:\C#\VM\Engine\ResourceLockService.cs(58,117): warning CS8625: 无法将 null 字面量转换为非 null 的引用类型。 [D:\C#\VM\Engine\VM.FlowEngine.csproj]
D:\C#\VM\Engine\ResourceLockService.cs(79,112): warning CS8625: 无法将 null 字面量转换为非 null 的引用类型。 [D:\C#\VM\Engine\VM.FlowEngine.csproj]
D:\C#\VM\Engine\FlowEngineService.cs(172,20): warning CS8603: 可能返回 null 引用。 [D:\C#\VM\Engine\VM.FlowEngine.csproj]
D:\C#\VM\Engine\FlowTickSource.cs(89,30): warning CS8625: 无法将 null 字面量转换为非 null 的引用类型。 [D:\C#\VM\Engine\VM.FlowEngine.csproj]
D:\C#\VM\Engine\FlowSessionFactory.cs(38,23): warning CS8625: 无法将 null 字面量转换为非 null 的引用类型。 [D:\C#\VM\Engine\VM.FlowEngine.csproj]
D:\C#\VM\Engine\FlowSessionFactory.cs(39,21): warning CS8625: 无法将 null 字面量转换为非 null 的引用类型。 [D:\C#\VM\Engine\VM.FlowEngine.csproj]
D:\C#\VM\Engine\ResourceLockService.cs(81,29): warning CS8625: 无法将 null 字面量转换为非 null 的引用类型。 [D:\C#\VM\Engine\VM.FlowEngine.csproj]
D:\C#\VM\Engine\FlowTickSource.cs(154,26): warning CS8625: 无法将 null 字面量转换为非 null 的引用类型。 [D:\C#\VM\Engine\VM.FlowEngine.csproj]
D:\C#\VM\Engine\FlowTickSource.cs(155,23): warning CS8625: 无法将 null 字面量转换为非 null 的引用类型。 [D:\C#\VM\Engine\VM.FlowEngine.csproj]
D:\C#\VM\Engine\ResourceLockService.cs(120,20): warning CS8603: 可能返回 null 引用。 [D:\C#\VM\Engine\VM.FlowEngine.csproj]
D:\C#\VM\Engine\ResourceLockService.cs(138,43): warning CS8625: 无法将 null 字面量转换为非 null 的引用类型。 [D:\C#\VM\Engine\VM.FlowEngine.csproj]
D:\C#\VM\Engine\FlowInvoker.cs(143,39): warning CS8603: 可能返回 null 引用。 [D:\C#\VM\Engine\VM.FlowEngine.csproj]
D:\C#\VM\Engine\FlowInvoker.cs(147,20): warning CS8603: 可能返回 null 引用。 [D:\C#\VM\Engine\VM.FlowEngine.csproj]
D:\C#\VM\Engine\ResourceLockService.cs(157,44): warning CS8625: 无法将 null 字面量转换为非 null 的引用类型。 [D:\C#\VM\Engine\VM.FlowEngine.csproj]
D:\C#\VM\Engine\FlowTickSource.cs(230,29): warning CS8625: 无法将 null 字面量转换为非 null 的引用类型。 [D:\C#\VM\Engine\VM.FlowEngine.csproj]
D:\C#\VM\Engine\FlowTickSource.cs(249,25): warning CS8625: 无法将 null 字面量转换为非 null 的引用类型。 [D:\C#\VM\Engine\VM.FlowEngine.csproj]
D:\C#\VM\Engine\FlowCompiler.cs(189,24): warning CS8603: 可能返回 null 引用。 [D:\C#\VM\Engine\VM.FlowEngine.csproj]
D:\C#\VM\Engine\FlowCompiler.cs(195,20): warning CS8603: 可能返回 null 引用。 [D:\C#\VM\Engine\VM.FlowEngine.csproj]
D:\C#\VM\Engine\FlowCompiler.cs(205,20): warning CS8625: 无法将 null 字面量转换为非 null 的引用类型。 [D:\C#\VM\Engine\VM.FlowEngine.csproj]
D:\C#\VM\Engine\FlowQueryHelper.cs(74,44): warning CS8601: 可能的 null 引用赋值。 [D:\C#\VM\Engine\VM.FlowEngine.csproj]
D:\C#\VM\Engine\FlowQueryHelper.cs(122,44): warning CS8601: 可能的 null 引用赋值。 [D:\C#\VM\Engine\VM.FlowEngine.csproj]
D:\C#\VM\Engine\FlowQueryHelper.cs(178,36): warning CS8601: 可能的 null 引用赋值。 [D:\C#\VM\Engine\VM.FlowEngine.csproj]
D:\C#\VM\Engine\FlowEngineService.cs(428,43): warning CS8625: 无法将 null 字面量转换为非 null 的引用类型。 [D:\C#\VM\Engine\VM.FlowEngine.csproj]
D:\C#\VM\Engine\FlowEngineService.cs(444,55): warning CS8625: 无法将 null 字面量转换为非 null 的引用类型。 [D:\C#\VM\Engine\VM.FlowEngine.csproj]
D:\C#\VM\Engine\FlowTickSource.cs(280,50): warning CS8601: 可能的 null 引用赋值。 [D:\C#\VM\Engine\VM.FlowEngine.csproj]
D:\C#\VM\Engine\FlowQueryHelper.cs(204,28): warning CS8625: 无法将 null 字面量转换为非 null 的引用类型。 [D:\C#\VM\Engine\VM.FlowEngine.csproj]
D:\C#\VM\Engine\FlowTickSource.cs(320,22): warning CS8625: 无法将 null 字面量转换为非 null 的引用类型。 [D:\C#\VM\Engine\VM.FlowEngine.csproj]
D:\C#\VM\Engine\FlowTickSource.cs(321,21): warning CS8625: 无法将 null 字面量转换为非 null 的引用类型。 [D:\C#\VM\Engine\VM.FlowEngine.csproj]
D:\C#\VM\Engine\FlowVariableTriggerService.cs(63,48): warning CS8622: “void FlowVariableTriggerService.OnVariablesCollectionChanged(object sender, NotifyCollectionChangedEventArgs e)”的参数“sender”类型中引用类型的为 Null 性与目标委托“NotifyCollectionChangedEventHandler”不匹配(可能是由于为 Null 性特性)。 [D:\C#\VM\Engine\VM.FlowEngine.csproj]
D:\C#\VM\Engine\FlowTimerScheduler.cs(87,41): warning CS8622: “void FlowTimerScheduler.OnWorkspacePropertyChanged(object sender, PropertyChangedEventArgs e)”的参数“sender”类型中引用类型的为 Null 性与目标委托“PropertyChangedEventHandler”不匹配(可能是由于为 Null 性特性)。 [D:\C#\VM\Engine\VM.FlowEngine.csproj]
D:\C#\VM\Engine\FlowTimerScheduler.cs(99,31): warning CS8625: 无法将 null 字面量转换为非 null 的引用类型。 [D:\C#\VM\Engine\VM.FlowEngine.csproj]
D:\C#\VM\Engine\FlowTickSource.cs(341,22): warning CS8625: 无法将 null 字面量转换为非 null 的引用类型。 [D:\C#\VM\Engine\VM.FlowEngine.csproj]
D:\C#\VM\Engine\FlowTickSource.cs(342,21): warning CS8625: 无法将 null 字面量转换为非 null 的引用类型。 [D:\C#\VM\Engine\VM.FlowEngine.csproj]
D:\C#\VM\Engine\FlowVariableTriggerService.cs(74,67): warning CS8622: “void FlowVariableTriggerService.OnVariablesCollectionChanged(object sender, NotifyCollectionChangedEventArgs e)”的参数“sender”类型中引用类型的为 Null 性与目标委托“NotifyCollectionChangedEventHandler”不匹配(可能是由于为 Null 性特性)。 [D:\C#\VM\Engine\VM.FlowEngine.csproj]
D:\C#\VM\Engine\FlowVariableTriggerService.cs(78,63): warning CS8622: “void FlowVariableTriggerService.OnVariableValueChanged(object sender, EventArgs e)”的参数“sender”类型中引用类型的为 Null 性与目标委托“EventHandler”不匹配(可能是由于为 Null 性特性)。 [D:\C#\VM\Engine\VM.FlowEngine.csproj]
D:\C#\VM\Engine\PluginTestRunner.cs(60,28): warning CS8625: 无法将 null 字面量转换为非 null 的引用类型。 [D:\C#\VM\Engine\VM.FlowEngine.csproj]
D:\C#\VM\Engine\FlowTimerScheduler.cs(108,41): warning CS8622: “void FlowTimerScheduler.OnWorkspacePropertyChanged(object sender, PropertyChangedEventArgs e)”的参数“sender”类型中引用类型的为 Null 性与目标委托“PropertyChangedEventHandler”不匹配(可能是由于为 Null 性特性)。 [D:\C#\VM\Engine\VM.FlowEngine.csproj]
D:\C#\VM\Engine\FlowTimerScheduler.cs(110,51): warning CS8601: 可能的 null 引用赋值。 [D:\C#\VM\Engine\VM.FlowEngine.csproj]
D:\C#\VM\Engine\FlowVariableTriggerService.cs(89,63): warning CS8622: “void FlowVariableTriggerService.OnVariableValueChanged(object sender, EventArgs e)”的参数“sender”类型中引用类型的为 Null 性与目标委托“EventHandler”不匹配(可能是由于为 Null 性特性)。 [D:\C#\VM\Engine\VM.FlowEngine.csproj]
D:\C#\VM\Engine\PluginProvider.cs(84,24): warning CS8603: 可能返回 null 引用。 [D:\C#\VM\Engine\VM.FlowEngine.csproj]
D:\C#\VM\Engine\FlowVariableTriggerService.cs(108,39): warning CS8622: “void FlowVariableTriggerService.OnVariableValueChanged(object sender, EventArgs e)”的参数“sender”类型中引用类型的为 Null 性与目标委托“EventHandler”不匹配(可能是由于为 Null 性特性)。 [D:\C#\VM\Engine\VM.FlowEngine.csproj]
D:\C#\VM\Engine\FlowVariableTriggerService.cs(112,85): warning CS8604: “void FlowVariableTriggerService.Evaluate(IVariable variable)”中的形参“variable”可能传入 null 引用实参。 [D:\C#\VM\Engine\VM.FlowEngine.csproj]
D:\C#\VM\Engine\IRuntimeManager.cs(157,39): warning CS8604: “void RuntimeManager.StopSessionGracefully(FlowSession session, int timeoutMs = 3000)”中的形参“session”可能传入 null 引用实参。 [D:\C#\VM\Engine\VM.FlowEngine.csproj]
D:\C#\VM\Engine\PluginProvider.cs(149,24): warning CS8603: 可能返回 null 引用。 [D:\C#\VM\Engine\VM.FlowEngine.csproj]
D:\C#\VM\Engine\PluginProvider.cs(165,24): warning CS8603: 可能返回 null 引用。 [D:\C#\VM\Engine\VM.FlowEngine.csproj]
D:\C#\VM\Engine\FlowTimerScheduler.cs(157,40): warning CS8604: “void FlowAutoRunner.RunOnce(IWorkspaceManager workspace, IRuntimeManager runtime, IFlowEngine engine, FlowCompiler compiler, ILogService log, FlowModel flow, string reason)”中的形参“workspace”可能传入 null 引用实参。 [D:\C#\VM\Engine\VM.FlowEngine.csproj]
D:\C#\VM\Engine\IRuntimeManager.cs(199,24): warning CS8603: 可能返回 null 引用。 [D:\C#\VM\Engine\VM.FlowEngine.csproj]
D:\C#\VM\Engine\FlowEngineService.cs(590,43): warning CS8625: 无法将 null 字面量转换为非 null 的引用类型。 [D:\C#\VM\Engine\VM.FlowEngine.csproj]
D:\C#\VM\Engine\FlowEngineService.cs(606,55): warning CS8625: 无法将 null 字面量转换为非 null 的引用类型。 [D:\C#\VM\Engine\VM.FlowEngine.csproj]
D:\C#\VM\Engine\PluginTestRunner.cs(238,47): warning CS8625: 无法将 null 字面量转换为非 null 的引用类型。 [D:\C#\VM\Engine\VM.FlowEngine.csproj]
D:\C#\VM\Engine\IRuntimeManager.cs(211,24): warning CS8603: 可能返回 null 引用。 [D:\C#\VM\Engine\VM.FlowEngine.csproj]
D:\C#\VM\Engine\FlowVariableTriggerService.cs(168,40): warning CS8604: “void FlowAutoRunner.RunOnce(IWorkspaceManager workspace, IRuntimeManager runtime, IFlowEngine engine, FlowCompiler compiler, ILogService log, FlowModel flow, string reason)”中的形参“workspace”可能传入 null 引用实参。 [D:\C#\VM\Engine\VM.FlowEngine.csproj]
D:\C#\VM\Engine\PluginService.cs(228,32): warning CS8601: 可能的 null 引用赋值。 [D:\C#\VM\Engine\VM.FlowEngine.csproj]
D:\C#\VM\Engine\PluginService.cs(229,35): warning CS8601: 可能的 null 引用赋值。 [D:\C#\VM\Engine\VM.FlowEngine.csproj]
D:\C#\VM\Engine\PluginService.cs(230,28): warning CS8601: 可能的 null 引用赋值。 [D:\C#\VM\Engine\VM.FlowEngine.csproj]
D:\C#\VM\Engine\PluginService.cs(231,28): warning CS8601: 可能的 null 引用赋值。 [D:\C#\VM\Engine\VM.FlowEngine.csproj]
D:\C#\VM\Engine\PluginService.cs(232,38): warning CS8601: 可能的 null 引用赋值。 [D:\C#\VM\Engine\VM.FlowEngine.csproj]
D:\C#\VM\Engine\PluginService.cs(248,52): warning CS8601: 可能的 null 引用赋值。 [D:\C#\VM\Engine\VM.FlowEngine.csproj]
D:\C#\VM\Engine\PluginService.cs(265,48): warning CS8601: 可能的 null 引用赋值。 [D:\C#\VM\Engine\VM.FlowEngine.csproj]
D:\C#\VM\Engine\PluginService.cs(286,50): warning CS8604: “void IPluginProvider.RegisterModule(ToolItemModel plugin)”中的形参“plugin”可能传入 null 引用实参。 [D:\C#\VM\Engine\VM.FlowEngine.csproj]
D:\C#\VM\Engine\PluginService.cs(327,32): warning CS8601: 可能的 null 引用赋值。 [D:\C#\VM\Engine\VM.FlowEngine.csproj]
D:\C#\VM\Engine\PluginService.cs(328,35): warning CS8601: 可能的 null 引用赋值。 [D:\C#\VM\Engine\VM.FlowEngine.csproj]
D:\C#\VM\Engine\PluginService.cs(329,28): warning CS8601: 可能的 null 引用赋值。 [D:\C#\VM\Engine\VM.FlowEngine.csproj]
D:\C#\VM\Engine\PluginService.cs(330,28): warning CS8601: 可能的 null 引用赋值。 [D:\C#\VM\Engine\VM.FlowEngine.csproj]
D:\C#\VM\Engine\PluginService.cs(331,38): warning CS8601: 可能的 null 引用赋值。 [D:\C#\VM\Engine\VM.FlowEngine.csproj]
D:\C#\VM\Engine\PluginService.cs(368,32): warning CS8601: 可能的 null 引用赋值。 [D:\C#\VM\Engine\VM.FlowEngine.csproj]
D:\C#\VM\Engine\PluginService.cs(369,35): warning CS8601: 可能的 null 引用赋值。 [D:\C#\VM\Engine\VM.FlowEngine.csproj]
D:\C#\VM\Engine\PluginService.cs(370,28): warning CS8601: 可能的 null 引用赋值。 [D:\C#\VM\Engine\VM.FlowEngine.csproj]
D:\C#\VM\Engine\PluginService.cs(371,28): warning CS8601: 可能的 null 引用赋值。 [D:\C#\VM\Engine\VM.FlowEngine.csproj]
D:\C#\VM\Engine\PluginService.cs(372,38): warning CS8601: 可能的 null 引用赋值。 [D:\C#\VM\Engine\VM.FlowEngine.csproj]
D:\C#\VM\Engine\FlowCompiler.cs(426,42): warning CS8600: 将 null 文本或可能的 null 值转换为不可为 null 类型。 [D:\C#\VM\Engine\VM.FlowEngine.csproj]
D:\C#\VM\Engine\FlowCompiler.cs(427,44): warning CS8600: 将 null 文本或可能的 null 值转换为不可为 null 类型。 [D:\C#\VM\Engine\VM.FlowEngine.csproj]
D:\C#\VM\Engine\FlowCompiler.cs(428,44): warning CS8600: 将 null 文本或可能的 null 值转换为不可为 null 类型。 [D:\C#\VM\Engine\VM.FlowEngine.csproj]
D:\C#\VM\Engine\FlowCompiler.cs(434,41): warning CS8600: 将 null 文本或可能的 null 值转换为不可为 null 类型。 [D:\C#\VM\Engine\VM.FlowEngine.csproj]
D:\C#\VM\Engine\FlowCompiler.cs(454,45): warning CS8600: 将 null 文本或可能的 null 值转换为不可为 null 类型。 [D:\C#\VM\Engine\VM.FlowEngine.csproj]
D:\C#\VM\Engine\FlowCompiler.cs(479,52): warning CS8600: 将 null 文本或可能的 null 值转换为不可为 null 类型。 [D:\C#\VM\Engine\VM.FlowEngine.csproj]
D:\C#\VM\Engine\FlowCompiler.cs(482,46): warning CS8600: 将 null 文本或可能的 null 值转换为不可为 null 类型。 [D:\C#\VM\Engine\VM.FlowEngine.csproj]
D:\C#\VM\Engine\FlowCompiler.cs(610,51): warning CS8601: 可能的 null 引用赋值。 [D:\C#\VM\Engine\VM.FlowEngine.csproj]
D:\C#\VM\Engine\FlowCompiler.cs(616,52): warning CS8601: 可能的 null 引用赋值。 [D:\C#\VM\Engine\VM.FlowEngine.csproj]
D:\C#\VM\Engine\FlowCompiler.cs(739,44): warning CS8600: 将 null 文本或可能的 null 值转换为不可为 null 类型。 [D:\C#\VM\Engine\VM.FlowEngine.csproj]
D:\C#\VM\Engine\FlowCompiler.cs(742,37): warning CS8600: 将 null 文本或可能的 null 值转换为不可为 null 类型。 [D:\C#\VM\Engine\VM.FlowEngine.csproj]
D:\C#\VM\Engine\FlowCompiler.cs(746,34): warning CS8600: 将 null 文本或可能的 null 值转换为不可为 null 类型。 [D:\C#\VM\Engine\VM.FlowEngine.csproj]
D:\C#\VM\Engine\FlowCompiler.cs(747,25): warning CS8602: 解引用可能出现空引用。 [D:\C#\VM\Engine\VM.FlowEngine.csproj]
D:\C#\VM\Engine\FlowCompiler.cs(857,46): warning CS8600: 将 null 文本或可能的 null 值转换为不可为 null 类型。 [D:\C#\VM\Engine\VM.FlowEngine.csproj]
D:\C#\VM\Engine\FlowCompiler.cs(941,34): warning CS8600: 将 null 文本或可能的 null 值转换为不可为 null 类型。 [D:\C#\VM\Engine\VM.FlowEngine.csproj]
D:\C#\VM\Engine\FlowCompiler.cs(994,85): warning CS8600: 将 null 文本或可能的 null 值转换为不可为 null 类型。 [D:\C#\VM\Engine\VM.FlowEngine.csproj]
D:\C#\VM\Engine\FlowCompiler.cs(1228,31): warning CS8600: 将 null 文本或可能的 null 值转换为不可为 null 类型。 [D:\C#\VM\Engine\VM.FlowEngine.csproj]
D:\C#\VM\Engine\FlowCompiler.cs(1339,32): warning CS8603: 可能返回 null 引用。 [D:\C#\VM\Engine\VM.FlowEngine.csproj]
D:\C#\VM\Engine\FlowCompiler.cs(1343,20): warning CS8603: 可能返回 null 引用。 [D:\C#\VM\Engine\VM.FlowEngine.csproj]
D:\C#\VM\UI\Controls\Core\ObservableObject.cs(11,50): warning CS8612: “event PropertyChangedEventHandler ObservableObject.PropertyChanged”的类型中引用类型的为 Null 性与隐式实现的成员“event PropertyChangedEventHandler? INotifyPropertyChanged.PropertyChanged”不匹配。 [D:\C#\VM\UI\Controls\UI_5nqcxhpr_wpftmp.csproj]
D:\C#\VM\UI\Controls\Core\ObservableObject.cs(17,91): warning CS8625: 无法将 null 字面量转换为非 null 的引用类型。 [D:\C#\VM\UI\Controls\UI_5nqcxhpr_wpftmp.csproj]
D:\C#\VM\UI\Controls\Core\ObservableObject.cs(30,112): warning CS8625: 无法将 null 字面量转换为非 null 的引用类型。 [D:\C#\VM\UI\Controls\UI_5nqcxhpr_wpftmp.csproj]
D:\C#\VM\UI\Controls\Models\PropertyItem.cs(83,50): warning CS8612: “event PropertyChangedEventHandler PropertyItem.PropertyChanged”的类型中引用类型的为 Null 性与隐式实现的成员“event PropertyChangedEventHandler? INotifyPropertyChanged.PropertyChanged”不匹配。 [D:\C#\VM\UI\Controls\UI_5nqcxhpr_wpftmp.csproj]
D:\C#\VM\UI\Controls\Core\MarkupCommandBase.cs(28,29): warning CS8767: “bool MarkupCommandBase.CanExecute(object parameter)”的参数“parameter”类型中引用类型的为 Null 性与隐式实现的成员“bool ICommand.CanExecute(object? parameter)”不匹配(可能是由于为 Null 性特性)。 [D:\C#\VM\UI\Controls\UI_5nqcxhpr_wpftmp.csproj]
D:\C#\VM\UI\Controls\Core\MarkupCommandBase.cs(32,30): warning CS8767: “void MarkupCommandBase.Execute(object parameter)”的参数“parameter”类型中引用类型的为 Null 性与隐式实现的成员“void ICommand.Execute(object? parameter)”不匹配(可能是由于为 Null 性特性)。 [D:\C#\VM\UI\Controls\UI_5nqcxhpr_wpftmp.csproj]
D:\C#\VM\UI\Controls\Core\MarkupCommandBase.cs(17,35): warning CS8612: “event EventHandler MarkupCommandBase.CanExecuteChanged”的类型中引用类型的为 Null 性与隐式实现的成员“event EventHandler? ICommand.CanExecuteChanged”不匹配。 [D:\C#\VM\UI\Controls\UI_5nqcxhpr_wpftmp.csproj]
D:\C#\VM\UI\Controls\Core\MarkupCommandBase.cs(72,50): warning CS8612: “event PropertyChangedEventHandler MarkupCommandBase.PropertyChanged”的类型中引用类型的为 Null 性与隐式实现的成员“event PropertyChangedEventHandler? INotifyPropertyChanged.PropertyChanged”不匹配。 [D:\C#\VM\UI\Controls\UI_5nqcxhpr_wpftmp.csproj]
D:\C#\VM\UI\Controls\Core\ElementExtention.cs(80,93): warning CS8625: 无法将 null 字面量转换为非 null 的引用类型。 [D:\C#\VM\UI\Controls\UI_5nqcxhpr_wpftmp.csproj]
D:\C#\VM\UI\Controls\Core\ElementExtention.cs(102,109): warning CS8625: 无法将 null 字面量转换为非 null 的引用类型。 [D:\C#\VM\UI\Controls\UI_5nqcxhpr_wpftmp.csproj]
D:\C#\VM\UI\Controls\Core\ElementExtention.cs(405,111): warning CS8625: 无法将 null 字面量转换为非 null 的引用类型。 [D:\C#\VM\UI\Controls\UI_5nqcxhpr_wpftmp.csproj]
D:\C#\VM\UI\Controls\Core\ElementExtention.cs(413,97): warning CS8625: 无法将 null 字面量转换为非 null 的引用类型。 [D:\C#\VM\UI\Controls\UI_5nqcxhpr_wpftmp.csproj]
D:\C#\VM\UI\Controls\Core\ElementExtention.cs(428,96): warning CS8625: 无法将 null 字面量转换为非 null 的引用类型。 [D:\C#\VM\UI\Controls\UI_5nqcxhpr_wpftmp.csproj]
D:\C#\VM\UI\Controls\Core\ElementExtention.cs(451,98): warning CS8625: 无法将 null 字面量转换为非 null 的引用类型。 [D:\C#\VM\UI\Controls\UI_5nqcxhpr_wpftmp.csproj]
D:\C#\VM\UI\Controls\Core\ElementExtention.cs(491,104): warning CS8625: 无法将 null 字面量转换为非 null 的引用类型。 [D:\C#\VM\UI\Controls\UI_5nqcxhpr_wpftmp.csproj]
D:\C#\VM\UI\Controls\Models\PropertyItem.cs(41,27): warning CS8601: 可能的 null 引用赋值。 [D:\C#\VM\UI\Controls\UI_5nqcxhpr_wpftmp.csproj]
D:\C#\VM\UI\Controls\Models\PropertyItem.cs(46,31): warning CS8601: 可能的 null 引用赋值。 [D:\C#\VM\UI\Controls\UI_5nqcxhpr_wpftmp.csproj]
D:\C#\VM\UI\Controls\Models\PropertyItem.cs(49,24): warning CS8601: 可能的 null 引用赋值。 [D:\C#\VM\UI\Controls\UI_5nqcxhpr_wpftmp.csproj]
D:\C#\VM\UI\Controls\Models\PropertyItem.cs(66,20): warning CS8603: 可能返回 null 引用。 [D:\C#\VM\UI\Controls\UI_5nqcxhpr_wpftmp.csproj]
D:\C#\VM\UI\Controls\AttachedProperties\IconHelper.cs(81,20): warning CS8603: 可能返回 null 引用。 [D:\C#\VM\UI\Controls\UI_5nqcxhpr_wpftmp.csproj]
D:\C#\VM\UI\Controls\Converters\UniversalValueConverter.cs(30,20): warning CS8603: 可能返回 null 引用。 [D:\C#\VM\UI\Controls\UI_5nqcxhpr_wpftmp.csproj]
D:\C#\VM\UI\Controls\AttachedProperties\PasswordBoxHelper.cs(67,39): warning CS8600: 将 null 文本或可能的 null 值转换为不可为 null 类型。 [D:\C#\VM\UI\Controls\UI_5nqcxhpr_wpftmp.csproj]
D:\C#\VM\UI\Controls\AttachedProperties\PasswordBoxHelper.cs(68,27): warning CS8604: “void PasswordBoxHelper.SetIsUpdating(DependencyObject dp, bool value)”中的形参“dp”可能传入 null 引用实参。 [D:\C#\VM\UI\Controls\UI_5nqcxhpr_wpftmp.csproj]
D:\C#\VM\UI\Controls\Core\MarkupCommandBase.cs(38,20): warning CS8603: 可能返回 null 引用。 [D:\C#\VM\UI\Controls\UI_5nqcxhpr_wpftmp.csproj]
D:\C#\VM\UI\Controls\Core\MarkupCommandBase.cs(45,24): warning CS8603: 可能返回 null 引用。 [D:\C#\VM\UI\Controls\UI_5nqcxhpr_wpftmp.csproj]
D:\C#\VM\UI\Controls\Core\MarkupCommandBase.cs(39,13): warning CS0162: 检测到无法访问的代码 [D:\C#\VM\UI\Controls\UI_5nqcxhpr_wpftmp.csproj]
D:\C#\VM\UI\Controls\Core\MarkupCommandBase.cs(62,49): warning CS8603: 可能返回 null 引用。 [D:\C#\VM\UI\Controls\UI_5nqcxhpr_wpftmp.csproj]
D:\C#\VM\UI\Controls\Converters\TypeNameToFriendlyNameConverter.cs(22,35): warning CS8600: 将 null 文本或可能的 null 值转换为不可为 null 类型。 [D:\C#\VM\UI\Controls\UI_5nqcxhpr_wpftmp.csproj]
D:\C#\VM\UI\Controls\Converters\TypeNameToFriendlyNameConverter.cs(40,31): warning CS8600: 将 null 文本或可能的 null 值转换为不可为 null 类型。 [D:\C#\VM\UI\Controls\UI_5nqcxhpr_wpftmp.csproj]
D:\C#\VM\UI\Controls\Converters\TypeNameToFriendlyNameConverter.cs(49,32): warning CS8602: 解引用可能出现空引用。 [D:\C#\VM\UI\Controls\UI_5nqcxhpr_wpftmp.csproj]
D:\C#\VM\UI\Controls\Core\ElementExtention.cs(84,35): warning CS8600: 将 null 文本或可能的 null 值转换为不可为 null 类型。 [D:\C#\VM\UI\Controls\UI_5nqcxhpr_wpftmp.csproj]
D:\C#\VM\UI\Controls\Core\ElementExtention.cs(96,20): warning CS8603: 可能返回 null 引用。 [D:\C#\VM\UI\Controls\UI_5nqcxhpr_wpftmp.csproj]
D:\C#\VM\UI\Controls\Helper\ControlBindHelper.cs(28,43): warning CS8604: “FieldInfo? Type.GetField(string name)”中的形参“name”可能传入 null 引用实参。 [D:\C#\VM\UI\Controls\UI_5nqcxhpr_wpftmp.csproj]
D:\C#\VM\UI\Controls\Helper\ControlBindHelper.cs(30,46): warning CS8604: “Attribute? Attribute.GetCustomAttribute(MemberInfo element, Type attributeType)”中的形参“element”可能传入 null 引用实参。 [D:\C#\VM\UI\Controls\UI_5nqcxhpr_wpftmp.csproj]
D:\C#\VM\UI\Controls\Helper\ControlBindHelper.cs(29,31): warning CS8600: 将 null 文本或可能的 null 值转换为不可为 null 类型。 [D:\C#\VM\UI\Controls\UI_5nqcxhpr_wpftmp.csproj]
D:\C#\VM\UI\Controls\Helper\ControlBindHelper.cs(31,20): warning CS8603: 可能返回 null 引用。 [D:\C#\VM\UI\Controls\UI_5nqcxhpr_wpftmp.csproj]
D:\C#\VM\UI\Controls\Core\ElementExtention.cs(106,35): warning CS8600: 将 null 文本或可能的 null 值转换为不可为 null 类型。 [D:\C#\VM\UI\Controls\UI_5nqcxhpr_wpftmp.csproj]
D:\C#\VM\UI\Controls\Core\ElementExtention.cs(112,55): warning CS8604: “IEnumerable<T> ElementExtention.GetChildren<T>(DependencyObject p_element, Func<T, bool> p_func = null, bool filterContain = false)”中的形参“p_func”可能传入 null 引用实参。 [D:\C#\VM\UI\Controls\UI_5nqcxhpr_wpftmp.csproj]
D:\C#\VM\UI\Controls\Core\ElementExtention.cs(125,55): warning CS8604: “IEnumerable<T> ElementExtention.GetChildren<T>(DependencyObject p_element, Func<T, bool> p_func = null, bool filterContain = false)”中的形参“p_func”可能传入 null 引用实参。 [D:\C#\VM\UI\Controls\UI_5nqcxhpr_wpftmp.csproj]
D:\C#\VM\UI\Controls\Behaviors\TreeViewBehavior.cs(203,20): warning CS8603: 可能返回 null 引用。 [D:\C#\VM\UI\Controls\UI_5nqcxhpr_wpftmp.csproj]
D:\C#\VM\UI\Controls\Core\ElementExtention.cs(136,41): warning CS8603: 可能返回 null 引用。 [D:\C#\VM\UI\Controls\UI_5nqcxhpr_wpftmp.csproj]
D:\C#\VM\UI\Controls\Core\ElementExtention.cs(153,20): warning CS8603: 可能返回 null 引用。 [D:\C#\VM\UI\Controls\UI_5nqcxhpr_wpftmp.csproj]
D:\C#\VM\UI\Controls\CustomControl\DialogArrayEditor.xaml.cs(106,20): warning CS8601: 可能的 null 引用赋值。 [D:\C#\VM\UI\Controls\UI_5nqcxhpr_wpftmp.csproj]
D:\C#\VM\UI\Controls\Core\ElementExtention.cs(161,41): warning CS8603: 可能返回 null 引用。 [D:\C#\VM\UI\Controls\UI_5nqcxhpr_wpftmp.csproj]
D:\C#\VM\UI\Controls\Core\ElementExtention.cs(163,65): warning CS8604: “bool Func<T, bool>.Invoke(T arg)”中的形参“arg”可能传入 null 引用实参。 [D:\C#\VM\UI\Controls\UI_5nqcxhpr_wpftmp.csproj]
D:\C#\VM\UI\Controls\Core\ElementExtention.cs(177,20): warning CS8603: 可能返回 null 引用。 [D:\C#\VM\UI\Controls\UI_5nqcxhpr_wpftmp.csproj]
D:\C#\VM\UI\Controls\Core\ElementExtention.cs(188,24): warning CS8603: 可能返回 null 引用。 [D:\C#\VM\UI\Controls\UI_5nqcxhpr_wpftmp.csproj]
D:\C#\VM\UI\Controls\Core\ElementExtention.cs(189,20): warning CS8603: 可能返回 null 引用。 [D:\C#\VM\UI\Controls\UI_5nqcxhpr_wpftmp.csproj]
D:\C#\VM\UI\Controls\Core\ElementExtention.cs(209,32): warning CS8604: “T ElementExtention.GetElement<T>(DependencyObject element)”中的形参“element”可能传入 null 引用实参。 [D:\C#\VM\UI\Controls\UI_5nqcxhpr_wpftmp.csproj]
D:\C#\VM\UI\Controls\Core\ElementExtention.cs(215,29): warning CS8604: “T ElementExtention.GetElement<T>(DependencyObject element)”中的形参“element”可能传入 null 引用实参。 [D:\C#\VM\UI\Controls\UI_5nqcxhpr_wpftmp.csproj]
D:\C#\VM\UI\Controls\Core\ElementExtention.cs(217,20): warning CS8603: 可能返回 null 引用。 [D:\C#\VM\UI\Controls\UI_5nqcxhpr_wpftmp.csproj]
D:\C#\VM\UI\Controls\Core\ElementExtention.cs(230,41): warning CS8604: “IEnumerable<T> ElementExtention.GetElements<T>(DependencyObject element)”中的形参“element”可能传入 null 引用实参。 [D:\C#\VM\UI\Controls\UI_5nqcxhpr_wpftmp.csproj]
D:\C#\VM\UI\Controls\Core\ElementExtention.cs(238,41): warning CS8604: “IEnumerable<T> ElementExtention.GetElements<T>(DependencyObject element)”中的形参“element”可能传入 null 引用实参。 [D:\C#\VM\UI\Controls\UI_5nqcxhpr_wpftmp.csproj]
D:\C#\VM\UI\Controls\Core\ElementExtention.cs(253,38): warning CS8603: 可能返回 null 引用。 [D:\C#\VM\UI\Controls\UI_5nqcxhpr_wpftmp.csproj]
D:\C#\VM\UI\Controls\Core\ElementExtention.cs(255,20): warning CS8603: 可能返回 null 引用。 [D:\C#\VM\UI\Controls\UI_5nqcxhpr_wpftmp.csproj]
D:\C#\VM\UI\Controls\Core\ElementExtention.cs(263,20): warning CS8603: 可能返回 null 引用。 [D:\C#\VM\UI\Controls\UI_5nqcxhpr_wpftmp.csproj]
D:\C#\VM\UI\Controls\Core\ElementExtention.cs(308,39): warning CS8604: “IEnumerable<T> ElementExtention.FindAllVisualChild<T>(DependencyObject obj, Predicate<T> match)”中的形参“obj”可能传入 null 引用实参。 [D:\C#\VM\UI\Controls\UI_5nqcxhpr_wpftmp.csproj]
D:\C#\VM\UI\Controls\Core\ElementExtention.cs(352,24): warning CS8603: 可能返回 null 引用。 [D:\C#\VM\UI\Controls\UI_5nqcxhpr_wpftmp.csproj]
D:\C#\VM\UI\Controls\Core\ElementExtention.cs(366,20): warning CS8603: 可能返回 null 引用。 [D:\C#\VM\UI\Controls\UI_5nqcxhpr_wpftmp.csproj]
D:\C#\VM\UI\Controls\Core\ElementExtention.cs(408,39): warning CS8603: 可能返回 null 引用。 [D:\C#\VM\UI\Controls\UI_5nqcxhpr_wpftmp.csproj]
D:\C#\VM\UI\Controls\Core\ElementExtention.cs(409,20): warning CS8603: 可能返回 null 引用。 [D:\C#\VM\UI\Controls\UI_5nqcxhpr_wpftmp.csproj]
D:\C#\VM\UI\Controls\Core\ElementExtention.cs(415,20): warning CS8603: 可能返回 null 引用。 [D:\C#\VM\UI\Controls\UI_5nqcxhpr_wpftmp.csproj]
D:\C#\VM\UI\Controls\Core\ElementExtention.cs(453,24): warning CS8600: 将 null 文本或可能的 null 值转换为不可为 null 类型。 [D:\C#\VM\UI\Controls\UI_5nqcxhpr_wpftmp.csproj]
D:\C#\VM\UI\Controls\Core\ElementExtention.cs(480,20): warning CS8603: 可能返回 null 引用。 [D:\C#\VM\UI\Controls\UI_5nqcxhpr_wpftmp.csproj]
D:\C#\VM\UI\Controls\Core\ElementExtention.cs(487,20): warning CS8603: 可能返回 null 引用。 [D:\C#\VM\UI\Controls\UI_5nqcxhpr_wpftmp.csproj]
D:\C#\VM\UI\Controls\Core\ElementExtention.cs(493,24): warning CS8600: 将 null 文本或可能的 null 值转换为不可为 null 类型。 [D:\C#\VM\UI\Controls\UI_5nqcxhpr_wpftmp.csproj]
D:\C#\VM\UI\Controls\Core\ElementExtention.cs(519,20): warning CS8603: 可能返回 null 引用。 [D:\C#\VM\UI\Controls\UI_5nqcxhpr_wpftmp.csproj]
D:\C#\VM\UI\Controls\Core\ElementExtention.cs(529,20): warning CS8603: 可能返回 null 引用。 [D:\C#\VM\UI\Controls\UI_5nqcxhpr_wpftmp.csproj]
D:\C#\VM\UI\Controls\Core\ElementExtention.cs(538,20): warning CS8603: 可能返回 null 引用。 [D:\C#\VM\UI\Controls\UI_5nqcxhpr_wpftmp.csproj]
D:\C#\VM\UI\Controls\Core\ElementExtention.cs(545,20): warning CS8603: 可能返回 null 引用。 [D:\C#\VM\UI\Controls\UI_5nqcxhpr_wpftmp.csproj]
D:\C#\VM\UI\Controls\Core\ElementExtention.cs(561,28): warning CS8603: 可能返回 null 引用。 [D:\C#\VM\UI\Controls\UI_5nqcxhpr_wpftmp.csproj]
D:\C#\VM\UI\Controls\Core\MarkupCommandBase.cs(28,29): warning CS8767: “bool MarkupCommandBase.CanExecute(object parameter)”的参数“parameter”类型中引用类型的为 Null 性与隐式实现的成员“bool ICommand.CanExecute(object? parameter)”不匹配(可能是由于为 Null 性特性)。 [D:\C#\VM\UI\Controls\UI.csproj]
D:\C#\VM\UI\Controls\Core\MarkupCommandBase.cs(32,30): warning CS8767: “void MarkupCommandBase.Execute(object parameter)”的参数“parameter”类型中引用类型的为 Null 性与隐式实现的成员“void ICommand.Execute(object? parameter)”不匹配(可能是由于为 Null 性特性)。 [D:\C#\VM\UI\Controls\UI.csproj]
D:\C#\VM\UI\Controls\Core\MarkupCommandBase.cs(17,35): warning CS8612: “event EventHandler MarkupCommandBase.CanExecuteChanged”的类型中引用类型的为 Null 性与隐式实现的成员“event EventHandler? ICommand.CanExecuteChanged”不匹配。 [D:\C#\VM\UI\Controls\UI.csproj]
D:\C#\VM\UI\Controls\Core\MarkupCommandBase.cs(72,50): warning CS8612: “event PropertyChangedEventHandler MarkupCommandBase.PropertyChanged”的类型中引用类型的为 Null 性与隐式实现的成员“event PropertyChangedEventHandler? INotifyPropertyChanged.PropertyChanged”不匹配。 [D:\C#\VM\UI\Controls\UI.csproj]
D:\C#\VM\UI\Controls\Models\PropertyItem.cs(83,50): warning CS8612: “event PropertyChangedEventHandler PropertyItem.PropertyChanged”的类型中引用类型的为 Null 性与隐式实现的成员“event PropertyChangedEventHandler? INotifyPropertyChanged.PropertyChanged”不匹配。 [D:\C#\VM\UI\Controls\UI.csproj]
D:\C#\VM\UI\Controls\Core\ObservableObject.cs(11,50): warning CS8612: “event PropertyChangedEventHandler ObservableObject.PropertyChanged”的类型中引用类型的为 Null 性与隐式实现的成员“event PropertyChangedEventHandler? INotifyPropertyChanged.PropertyChanged”不匹配。 [D:\C#\VM\UI\Controls\UI.csproj]
D:\C#\VM\UI\Controls\Core\ObservableObject.cs(17,91): warning CS8625: 无法将 null 字面量转换为非 null 的引用类型。 [D:\C#\VM\UI\Controls\UI.csproj]
D:\C#\VM\UI\Controls\Core\ObservableObject.cs(30,112): warning CS8625: 无法将 null 字面量转换为非 null 的引用类型。 [D:\C#\VM\UI\Controls\UI.csproj]
D:\C#\VM\UI\Controls\Core\ElementExtention.cs(80,93): warning CS8625: 无法将 null 字面量转换为非 null 的引用类型。 [D:\C#\VM\UI\Controls\UI.csproj]
D:\C#\VM\UI\Controls\Core\ElementExtention.cs(102,109): warning CS8625: 无法将 null 字面量转换为非 null 的引用类型。 [D:\C#\VM\UI\Controls\UI.csproj]
D:\C#\VM\UI\Controls\Core\ElementExtention.cs(405,111): warning CS8625: 无法将 null 字面量转换为非 null 的引用类型。 [D:\C#\VM\UI\Controls\UI.csproj]
D:\C#\VM\UI\Controls\Core\ElementExtention.cs(413,97): warning CS8625: 无法将 null 字面量转换为非 null 的引用类型。 [D:\C#\VM\UI\Controls\UI.csproj]
D:\C#\VM\UI\Controls\Core\ElementExtention.cs(428,96): warning CS8625: 无法将 null 字面量转换为非 null 的引用类型。 [D:\C#\VM\UI\Controls\UI.csproj]
D:\C#\VM\UI\Controls\Core\ElementExtention.cs(451,98): warning CS8625: 无法将 null 字面量转换为非 null 的引用类型。 [D:\C#\VM\UI\Controls\UI.csproj]
D:\C#\VM\UI\Controls\Core\ElementExtention.cs(491,104): warning CS8625: 无法将 null 字面量转换为非 null 的引用类型。 [D:\C#\VM\UI\Controls\UI.csproj]
D:\C#\VM\UI\Controls\Converters\UniversalValueConverter.cs(30,20): warning CS8603: 可能返回 null 引用。 [D:\C#\VM\UI\Controls\UI.csproj]
D:\C#\VM\UI\Controls\Models\PropertyItem.cs(41,27): warning CS8601: 可能的 null 引用赋值。 [D:\C#\VM\UI\Controls\UI.csproj]
D:\C#\VM\UI\Controls\Models\PropertyItem.cs(46,31): warning CS8601: 可能的 null 引用赋值。 [D:\C#\VM\UI\Controls\UI.csproj]
D:\C#\VM\UI\Controls\Models\PropertyItem.cs(49,24): warning CS8601: 可能的 null 引用赋值。 [D:\C#\VM\UI\Controls\UI.csproj]
D:\C#\VM\UI\Controls\Converters\TypeNameToFriendlyNameConverter.cs(22,35): warning CS8600: 将 null 文本或可能的 null 值转换为不可为 null 类型。 [D:\C#\VM\UI\Controls\UI.csproj]
D:\C#\VM\UI\Controls\Models\PropertyItem.cs(66,20): warning CS8603: 可能返回 null 引用。 [D:\C#\VM\UI\Controls\UI.csproj]
D:\C#\VM\UI\Controls\Converters\TypeNameToFriendlyNameConverter.cs(40,31): warning CS8600: 将 null 文本或可能的 null 值转换为不可为 null 类型。 [D:\C#\VM\UI\Controls\UI.csproj]
D:\C#\VM\UI\Controls\Converters\TypeNameToFriendlyNameConverter.cs(49,32): warning CS8602: 解引用可能出现空引用。 [D:\C#\VM\UI\Controls\UI.csproj]
D:\C#\VM\UI\Controls\Core\MarkupCommandBase.cs(38,20): warning CS8603: 可能返回 null 引用。 [D:\C#\VM\UI\Controls\UI.csproj]
D:\C#\VM\UI\Controls\Core\MarkupCommandBase.cs(45,24): warning CS8603: 可能返回 null 引用。 [D:\C#\VM\UI\Controls\UI.csproj]
D:\C#\VM\UI\Controls\Core\MarkupCommandBase.cs(39,13): warning CS0162: 检测到无法访问的代码 [D:\C#\VM\UI\Controls\UI.csproj]
D:\C#\VM\UI\Controls\Core\MarkupCommandBase.cs(62,49): warning CS8603: 可能返回 null 引用。 [D:\C#\VM\UI\Controls\UI.csproj]
D:\C#\VM\UI\Controls\Helper\ControlBindHelper.cs(28,43): warning CS8604: “FieldInfo? Type.GetField(string name)”中的形参“name”可能传入 null 引用实参。 [D:\C#\VM\UI\Controls\UI.csproj]
D:\C#\VM\UI\Controls\Helper\ControlBindHelper.cs(30,46): warning CS8604: “Attribute? Attribute.GetCustomAttribute(MemberInfo element, Type attributeType)”中的形参“element”可能传入 null 引用实参。 [D:\C#\VM\UI\Controls\UI.csproj]
D:\C#\VM\UI\Controls\Helper\ControlBindHelper.cs(29,31): warning CS8600: 将 null 文本或可能的 null 值转换为不可为 null 类型。 [D:\C#\VM\UI\Controls\UI.csproj]
D:\C#\VM\UI\Controls\Helper\ControlBindHelper.cs(31,20): warning CS8603: 可能返回 null 引用。 [D:\C#\VM\UI\Controls\UI.csproj]
D:\C#\VM\UI\Controls\AttachedProperties\PasswordBoxHelper.cs(67,39): warning CS8600: 将 null 文本或可能的 null 值转换为不可为 null 类型。 [D:\C#\VM\UI\Controls\UI.csproj]
D:\C#\VM\UI\Controls\AttachedProperties\PasswordBoxHelper.cs(68,27): warning CS8604: “void PasswordBoxHelper.SetIsUpdating(DependencyObject dp, bool value)”中的形参“dp”可能传入 null 引用实参。 [D:\C#\VM\UI\Controls\UI.csproj]
D:\C#\VM\UI\Controls\Core\ElementExtention.cs(84,35): warning CS8600: 将 null 文本或可能的 null 值转换为不可为 null 类型。 [D:\C#\VM\UI\Controls\UI.csproj]
D:\C#\VM\UI\Controls\Core\ElementExtention.cs(96,20): warning CS8603: 可能返回 null 引用。 [D:\C#\VM\UI\Controls\UI.csproj]
D:\C#\VM\UI\Controls\AttachedProperties\IconHelper.cs(81,20): warning CS8603: 可能返回 null 引用。 [D:\C#\VM\UI\Controls\UI.csproj]
D:\C#\VM\UI\Controls\Core\ElementExtention.cs(106,35): warning CS8600: 将 null 文本或可能的 null 值转换为不可为 null 类型。 [D:\C#\VM\UI\Controls\UI.csproj]
D:\C#\VM\UI\Controls\Core\ElementExtention.cs(112,55): warning CS8604: “IEnumerable<T> ElementExtention.GetChildren<T>(DependencyObject p_element, Func<T, bool> p_func = null, bool filterContain = false)”中的形参“p_func”可能传入 null 引用实参。 [D:\C#\VM\UI\Controls\UI.csproj]
D:\C#\VM\UI\Controls\Core\ElementExtention.cs(125,55): warning CS8604: “IEnumerable<T> ElementExtention.GetChildren<T>(DependencyObject p_element, Func<T, bool> p_func = null, bool filterContain = false)”中的形参“p_func”可能传入 null 引用实参。 [D:\C#\VM\UI\Controls\UI.csproj]
D:\C#\VM\UI\Controls\Core\ElementExtention.cs(136,41): warning CS8603: 可能返回 null 引用。 [D:\C#\VM\UI\Controls\UI.csproj]
D:\C#\VM\UI\Controls\Core\ElementExtention.cs(153,20): warning CS8603: 可能返回 null 引用。 [D:\C#\VM\UI\Controls\UI.csproj]
D:\C#\VM\UI\Controls\Core\ElementExtention.cs(161,41): warning CS8603: 可能返回 null 引用。 [D:\C#\VM\UI\Controls\UI.csproj]
D:\C#\VM\UI\Controls\Core\ElementExtention.cs(163,65): warning CS8604: “bool Func<T, bool>.Invoke(T arg)”中的形参“arg”可能传入 null 引用实参。 [D:\C#\VM\UI\Controls\UI.csproj]
D:\C#\VM\UI\Controls\Core\ElementExtention.cs(177,20): warning CS8603: 可能返回 null 引用。 [D:\C#\VM\UI\Controls\UI.csproj]
D:\C#\VM\UI\Controls\Core\ElementExtention.cs(188,24): warning CS8603: 可能返回 null 引用。 [D:\C#\VM\UI\Controls\UI.csproj]
D:\C#\VM\UI\Controls\Core\ElementExtention.cs(189,20): warning CS8603: 可能返回 null 引用。 [D:\C#\VM\UI\Controls\UI.csproj]
D:\C#\VM\UI\Controls\Core\ElementExtention.cs(209,32): warning CS8604: “T ElementExtention.GetElement<T>(DependencyObject element)”中的形参“element”可能传入 null 引用实参。 [D:\C#\VM\UI\Controls\UI.csproj]
D:\C#\VM\UI\Controls\Core\ElementExtention.cs(215,29): warning CS8604: “T ElementExtention.GetElement<T>(DependencyObject element)”中的形参“element”可能传入 null 引用实参。 [D:\C#\VM\UI\Controls\UI.csproj]
D:\C#\VM\UI\Controls\Core\ElementExtention.cs(217,20): warning CS8603: 可能返回 null 引用。 [D:\C#\VM\UI\Controls\UI.csproj]
D:\C#\VM\UI\Controls\Behaviors\TreeViewBehavior.cs(203,20): warning CS8603: 可能返回 null 引用。 [D:\C#\VM\UI\Controls\UI.csproj]
D:\C#\VM\UI\Controls\Core\ElementExtention.cs(230,41): warning CS8604: “IEnumerable<T> ElementExtention.GetElements<T>(DependencyObject element)”中的形参“element”可能传入 null 引用实参。 [D:\C#\VM\UI\Controls\UI.csproj]
D:\C#\VM\UI\Controls\Core\ElementExtention.cs(238,41): warning CS8604: “IEnumerable<T> ElementExtention.GetElements<T>(DependencyObject element)”中的形参“element”可能传入 null 引用实参。 [D:\C#\VM\UI\Controls\UI.csproj]
D:\C#\VM\UI\Controls\Core\ElementExtention.cs(253,38): warning CS8603: 可能返回 null 引用。 [D:\C#\VM\UI\Controls\UI.csproj]
D:\C#\VM\UI\Controls\Core\ElementExtention.cs(255,20): warning CS8603: 可能返回 null 引用。 [D:\C#\VM\UI\Controls\UI.csproj]
D:\C#\VM\UI\Controls\Core\ElementExtention.cs(263,20): warning CS8603: 可能返回 null 引用。 [D:\C#\VM\UI\Controls\UI.csproj]
D:\C#\VM\UI\Controls\CustomControl\DialogArrayEditor.xaml.cs(106,20): warning CS8601: 可能的 null 引用赋值。 [D:\C#\VM\UI\Controls\UI.csproj]
D:\C#\VM\UI\Controls\Core\ElementExtention.cs(308,39): warning CS8604: “IEnumerable<T> ElementExtention.FindAllVisualChild<T>(DependencyObject obj, Predicate<T> match)”中的形参“obj”可能传入 null 引用实参。 [D:\C#\VM\UI\Controls\UI.csproj]
D:\C#\VM\UI\Controls\Core\ElementExtention.cs(352,24): warning CS8603: 可能返回 null 引用。 [D:\C#\VM\UI\Controls\UI.csproj]
D:\C#\VM\UI\Controls\Core\ElementExtention.cs(366,20): warning CS8603: 可能返回 null 引用。 [D:\C#\VM\UI\Controls\UI.csproj]
D:\C#\VM\UI\Controls\Core\ElementExtention.cs(408,39): warning CS8603: 可能返回 null 引用。 [D:\C#\VM\UI\Controls\UI.csproj]
D:\C#\VM\UI\Controls\Core\ElementExtention.cs(409,20): warning CS8603: 可能返回 null 引用。 [D:\C#\VM\UI\Controls\UI.csproj]
D:\C#\VM\UI\Controls\Core\ElementExtention.cs(415,20): warning CS8603: 可能返回 null 引用。 [D:\C#\VM\UI\Controls\UI.csproj]
D:\C#\VM\UI\Controls\Core\ElementExtention.cs(453,24): warning CS8600: 将 null 文本或可能的 null 值转换为不可为 null 类型。 [D:\C#\VM\UI\Controls\UI.csproj]
D:\C#\VM\UI\Controls\Core\ElementExtention.cs(480,20): warning CS8603: 可能返回 null 引用。 [D:\C#\VM\UI\Controls\UI.csproj]
D:\C#\VM\UI\Controls\Core\ElementExtention.cs(487,20): warning CS8603: 可能返回 null 引用。 [D:\C#\VM\UI\Controls\UI.csproj]
D:\C#\VM\UI\Controls\Core\ElementExtention.cs(493,24): warning CS8600: 将 null 文本或可能的 null 值转换为不可为 null 类型。 [D:\C#\VM\UI\Controls\UI.csproj]
D:\C#\VM\UI\Controls\Core\ElementExtention.cs(519,20): warning CS8603: 可能返回 null 引用。 [D:\C#\VM\UI\Controls\UI.csproj]
D:\C#\VM\UI\Controls\Core\ElementExtention.cs(529,20): warning CS8603: 可能返回 null 引用。 [D:\C#\VM\UI\Controls\UI.csproj]
D:\C#\VM\UI\Controls\Core\ElementExtention.cs(538,20): warning CS8603: 可能返回 null 引用。 [D:\C#\VM\UI\Controls\UI.csproj]
D:\C#\VM\UI\Controls\Core\ElementExtention.cs(545,20): warning CS8603: 可能返回 null 引用。 [D:\C#\VM\UI\Controls\UI.csproj]
D:\C#\VM\UI\Controls\Core\ElementExtention.cs(561,28): warning CS8603: 可能返回 null 引用。 [D:\C#\VM\UI\Controls\UI.csproj]
D:\C#\VM\VisionMaster\ViewModels\DialogViewModels\VariableBindingViewModel.cs(512,62): warning CS8625: 无法将 null 字面量转换为非 null 的引用类型。 [D:\C#\VM\VisionMaster\VisionMaster_nwnaffn2_wpftmp.csproj]
D:\C#\VM\VisionMaster\Services\StepParameterDialog.cs(53,112): warning CS8625: 无法将 null 字面量转换为非 null 的引用类型。 [D:\C#\VM\VisionMaster\VisionMaster_nwnaffn2_wpftmp.csproj]
D:\C#\VM\VisionMaster\ShellViewModel.cs(77,43): warning CS8603: 可能返回 null 引用。 [D:\C#\VM\VisionMaster\VisionMaster_nwnaffn2_wpftmp.csproj]
D:\C#\VM\VisionMaster\Services\FlowOutputCollector.cs(48,51): warning CS8604: “Dictionary<string, Guid> FlowOutputCollector.BuildStepNameIndex(FlowSession session)”中的形参“session”可能传入 null 引用实参。 [D:\C#\VM\VisionMaster\VisionMaster_nwnaffn2_wpftmp.csproj]
D:\C#\VM\VisionMaster\Services\Camera\NetworkCameraServer.cs(131,23): warning CS8625: 无法将 null 字面量转换为非 null 的引用类型。 [D:\C#\VM\VisionMaster\VisionMaster_nwnaffn2_wpftmp.csproj]
D:\C#\VM\VisionMaster\Services\Camera\CameraProvider.cs(196,20): warning CS8603: 可能返回 null 引用。 [D:\C#\VM\VisionMaster\VisionMaster_nwnaffn2_wpftmp.csproj]
D:\C#\VM\VisionMaster\Services\Camera\CameraProvider.cs(210,59): warning CS8601: 可能的 null 引用赋值。 [D:\C#\VM\VisionMaster\VisionMaster_nwnaffn2_wpftmp.csproj]
D:\C#\VM\VisionMaster\Services\FlowOutputCollector.cs(114,77): warning CS8603: 可能返回 null 引用。 [D:\C#\VM\VisionMaster\VisionMaster_nwnaffn2_wpftmp.csproj]
D:\C#\VM\VisionMaster\Services\FlowOutputCollector.cs(115,20): warning CS8603: 可能返回 null 引用。 [D:\C#\VM\VisionMaster\VisionMaster_nwnaffn2_wpftmp.csproj]
D:\C#\VM\VisionMaster\Services\Camera\CameraProvider.cs(219,22): warning CS8625: 无法将 null 字面量转换为非 null 的引用类型。 [D:\C#\VM\VisionMaster\VisionMaster_nwnaffn2_wpftmp.csproj]
D:\C#\VM\VisionMaster\Services\Camera\CameraProvider.cs(227,53): warning CS8601: 可能的 null 引用赋值。 [D:\C#\VM\VisionMaster\VisionMaster_nwnaffn2_wpftmp.csproj]
D:\C#\VM\VisionMaster\Views\ScadaRuntimeWindow.xaml.cs(41,23): warning CS8622: “void ScadaRuntimeWindow.OnWindowClosed(object sender, EventArgs e)”的参数“sender”类型中引用类型的为 Null 性与目标委托“EventHandler”不匹配(可能是由于为 Null 性特性)。 [D:\C#\VM\VisionMaster\VisionMaster_nwnaffn2_wpftmp.csproj]
D:\C#\VM\VisionMaster\Services\FlowOutputCollector.cs(127,31): warning CS8600: 将 null 文本或可能的 null 值转换为不可为 null 类型。 [D:\C#\VM\VisionMaster\VisionMaster_nwnaffn2_wpftmp.csproj]
D:\C#\VM\VisionMaster\Services\FlowOutputCollector.cs(137,62): warning CS8604: “object FlowOutputCollector.ToJsonValue(object value)”中的形参“value”可能传入 null 引用实参。 [D:\C#\VM\VisionMaster\VisionMaster_nwnaffn2_wpftmp.csproj]
D:\C#\VM\VisionMaster\Services\FlowOutputCollector.cs(165,28): warning CS8603: 可能返回 null 引用。 [D:\C#\VM\VisionMaster\VisionMaster_nwnaffn2_wpftmp.csproj]
D:\C#\VM\VisionMaster\Services\FlowOutputCollector.cs(230,28): warning CS8603: 可能返回 null 引用。 [D:\C#\VM\VisionMaster\VisionMaster_nwnaffn2_wpftmp.csproj]
D:\C#\VM\VisionMaster\Services\Camera\CameraProvider.cs(304,32): warning CS8625: 无法将 null 字面量转换为非 null 的引用类型。 [D:\C#\VM\VisionMaster\VisionMaster_nwnaffn2_wpftmp.csproj]
D:\C#\VM\VisionMaster\Services\Camera\CameraProvider.cs(360,28): warning CS8604: “void CameraProvider.RememberSynced(SolutionModel solution, int count)”中的形参“solution”可能传入 null 引用实参。 [D:\C#\VM\VisionMaster\VisionMaster_nwnaffn2_wpftmp.csproj]
D:\C#\VM\VisionMaster\Services\Camera\NetworkCameraServer.cs(261,22): warning CS8625: 无法将 null 字面量转换为非 null 的引用类型。 [D:\C#\VM\VisionMaster\VisionMaster_nwnaffn2_wpftmp.csproj]
D:\C#\VM\VisionMaster\Services\Camera\NetworkCameraServer.cs(262,20): warning CS8625: 无法将 null 字面量转换为非 null 的引用类型。 [D:\C#\VM\VisionMaster\VisionMaster_nwnaffn2_wpftmp.csproj]
D:\C#\VM\VisionMaster\ShellViewModel.cs(334,55): warning CS8622: “void ShellViewModel.OnSessionStateChanged(object sender, SessionStateChangedEventArgs e)”的参数“sender”类型中引用类型的为 Null 性与目标委托“EventHandler<SessionStateChangedEventArgs>”不匹配(可能是由于为 Null 性特性)。 [D:\C#\VM\VisionMaster\VisionMaster_nwnaffn2_wpftmp.csproj]
D:\C#\VM\VisionMaster\ShellViewModel.cs(296,16): warning CS9264: 在退出构造函数时，不可为 null 的 属性 'HandleCountStr' 必须包含非 null 值。请考虑添加“required”修饰符，或将 属性 声明为可为 null，或安全地处理“get”访问器中“field”为 null 的情况。 [D:\C#\VM\VisionMaster\VisionMaster_nwnaffn2_wpftmp.csproj]
D:\C#\VM\VisionMaster\ShellViewModel.cs(296,16): warning CS9264: 在退出构造函数时，不可为 null 的 属性 'ThreadCountStr' 必须包含非 null 值。请考虑添加“required”修饰符，或将 属性 声明为可为 null，或安全地处理“get”访问器中“field”为 null 的情况。 [D:\C#\VM\VisionMaster\VisionMaster_nwnaffn2_wpftmp.csproj]
D:\C#\VM\VisionMaster\ShellViewModel.cs(296,16): warning CS9264: 在退出构造函数时，不可为 null 的 属性 'CpuUsageStr' 必须包含非 null 值。请考虑添加“required”修饰符，或将 属性 声明为可为 null，或安全地处理“get”访问器中“field”为 null 的情况。 [D:\C#\VM\VisionMaster\VisionMaster_nwnaffn2_wpftmp.csproj]
D:\C#\VM\VisionMaster\ShellViewModel.cs(296,16): warning CS9264: 在退出构造函数时，不可为 null 的 属性 'MemoryUsageStr' 必须包含非 null 值。请考虑添加“required”修饰符，或将 属性 声明为可为 null，或安全地处理“get”访问器中“field”为 null 的情况。 [D:\C#\VM\VisionMaster\VisionMaster_nwnaffn2_wpftmp.csproj]
D:\C#\VM\VisionMaster\ShellViewModel.cs(296,16): warning CS9264: 在退出构造函数时，不可为 null 的 属性 'CurrentTimeText' 必须包含非 null 值。请考虑添加“required”修饰符，或将 属性 声明为可为 null，或安全地处理“get”访问器中“field”为 null 的情况。 [D:\C#\VM\VisionMaster\VisionMaster_nwnaffn2_wpftmp.csproj]
D:\C#\VM\VisionMaster\Services\Camera\CameraProvider.cs(433,24): warning CS8603: 可能返回 null 引用。 [D:\C#\VM\VisionMaster\VisionMaster_nwnaffn2_wpftmp.csproj]
D:\C#\VM\VisionMaster\Services\Camera\CameraProvider.cs(444,28): warning CS8603: 可能返回 null 引用。 [D:\C#\VM\VisionMaster\VisionMaster_nwnaffn2_wpftmp.csproj]
D:\C#\VM\VisionMaster\Services\Camera\CameraProvider.cs(457,24): warning CS8603: 可能返回 null 引用。 [D:\C#\VM\VisionMaster\VisionMaster_nwnaffn2_wpftmp.csproj]
D:\C#\VM\VisionMaster\Services\HttpImageServer.cs(140,23): warning CS8625: 无法将 null 字面量转换为非 null 的引用类型。 [D:\C#\VM\VisionMaster\VisionMaster_nwnaffn2_wpftmp.csproj]
D:\C#\VM\VisionMaster\Services\Help\HelpCatalogService.cs(187,29): warning CS8601: 可能的 null 引用赋值。 [D:\C#\VM\VisionMaster\VisionMaster_nwnaffn2_wpftmp.csproj]
D:\C#\VM\VisionMaster\ViewModels\DebugHitViewModel.cs(70,16): warning CS9264: 在退出构造函数时，不可为 null 的 属性 'Header' 必须包含非 null 值。请考虑添加“required”修饰符，或将 属性 声明为可为 null，或安全地处理“get”访问器中“field”为 null 的情况。 [D:\C#\VM\VisionMaster\VisionMaster_nwnaffn2_wpftmp.csproj]
D:\C#\VM\VisionMaster\ViewModels\DebugHitViewModel.cs(70,16): warning CS9264: 在退出构造函数时，不可为 null 的 属性 'FlowName' 必须包含非 null 值。请考虑添加“required”修饰符，或将 属性 声明为可为 null，或安全地处理“get”访问器中“field”为 null 的情况。 [D:\C#\VM\VisionMaster\VisionMaster_nwnaffn2_wpftmp.csproj]
D:\C#\VM\VisionMaster\ViewModels\DebugHitViewModel.cs(70,16): warning CS9264: 在退出构造函数时，不可为 null 的 属性 'StepName' 必须包含非 null 值。请考虑添加“required”修饰符，或将 属性 声明为可为 null，或安全地处理“get”访问器中“field”为 null 的情况。 [D:\C#\VM\VisionMaster\VisionMaster_nwnaffn2_wpftmp.csproj]
D:\C#\VM\VisionMaster\Services\StepParameterDialog.cs(65,41): warning CS8600: 将 null 文本或可能的 null 值转换为不可为 null 类型。 [D:\C#\VM\VisionMaster\VisionMaster_nwnaffn2_wpftmp.csproj]
D:\C#\VM\VisionMaster\Services\StepParameterDialog.cs(76,51): warning CS8604: “AutoPortConfigView.AutoPortConfigView(IVisionPlugin plugin)”中的形参“plugin”可能传入 null 引用实参。 [D:\C#\VM\VisionMaster\VisionMaster_nwnaffn2_wpftmp.csproj]
D:\C#\VM\VisionMaster\Services\StepParameterDialog.cs(135,24): warning CS8603: 可能返回 null 引用。 [D:\C#\VM\VisionMaster\VisionMaster_nwnaffn2_wpftmp.csproj]
D:\C#\VM\VisionMaster\Services\StepParameterDialog.cs(141,28): warning CS8603: 可能返回 null 引用。 [D:\C#\VM\VisionMaster\VisionMaster_nwnaffn2_wpftmp.csproj]
D:\C#\VM\VisionMaster\Services\StepParameterDialog.cs(148,24): warning CS8603: 可能返回 null 引用。 [D:\C#\VM\VisionMaster\VisionMaster_nwnaffn2_wpftmp.csproj]
D:\C#\VM\VisionMaster\Services\StepParameterDialog.cs(152,24): warning CS8603: 可能返回 null 引用。 [D:\C#\VM\VisionMaster\VisionMaster_nwnaffn2_wpftmp.csproj]
D:\C#\VM\VisionMaster\Services\HttpImageServer.cs(241,42): warning CS8604: “object HttpImageServer.Fail(ApiRequest req, int statusCode, string message)”中的形参“message”可能传入 null 引用实参。 [D:\C#\VM\VisionMaster\VisionMaster_nwnaffn2_wpftmp.csproj]
D:\C#\VM\VisionMaster\Services\HttpImageServer.cs(329,39): warning CS8603: 可能返回 null 引用。 [D:\C#\VM\VisionMaster\VisionMaster_nwnaffn2_wpftmp.csproj]
D:\C#\VM\VisionMaster\Services\HttpImageServer.cs(333,20): warning CS8603: 可能返回 null 引用。 [D:\C#\VM\VisionMaster\VisionMaster_nwnaffn2_wpftmp.csproj]
D:\C#\VM\VisionMaster\Services\ScadaVariablePicker.cs(40,35): warning CS8604: “void ParametersBase.Add(string key, object value)”中的形参“value”可能传入 null 引用实参。 [D:\C#\VM\VisionMaster\VisionMaster_nwnaffn2_wpftmp.csproj]
D:\C#\VM\VisionMaster\Services\ImageCollectionService.cs(304,17): warning CS8602: 解引用可能出现空引用。 [D:\C#\VM\VisionMaster\VisionMaster_nwnaffn2_wpftmp.csproj]
D:\C#\VM\VisionMaster\Services\LayoutHelper.cs(88,20): warning CS8603: 可能返回 null 引用。 [D:\C#\VM\VisionMaster\VisionMaster_nwnaffn2_wpftmp.csproj]
D:\C#\VM\VisionMaster\ViewModels\DialogViewModels\VariableBindingViewModel.cs(67,38): warning CS8625: 无法将 null 字面量转换为非 null 的引用类型。 [D:\C#\VM\VisionMaster\VisionMaster_nwnaffn2_wpftmp.csproj]
D:\C#\VM\VisionMaster\Services\LayoutHelper.cs(157,45): warning CS8603: 可能返回 null 引用。 [D:\C#\VM\VisionMaster\VisionMaster_nwnaffn2_wpftmp.csproj]
D:\C#\VM\VisionMaster\Services\LayoutHelper.cs(172,24): warning CS8603: 可能返回 null 引用。 [D:\C#\VM\VisionMaster\VisionMaster_nwnaffn2_wpftmp.csproj]
D:\C#\VM\VisionMaster\Services\LayoutHelper.cs(275,26): warning CS8625: 无法将 null 字面量转换为非 null 的引用类型。 [D:\C#\VM\VisionMaster\VisionMaster_nwnaffn2_wpftmp.csproj]
D:\C#\VM\VisionMaster\ViewModels\DialogViewModels\VariableBindingViewModel.cs(260,33): warning CS8601: 可能的 null 引用赋值。 [D:\C#\VM\VisionMaster\VisionMaster_nwnaffn2_wpftmp.csproj]
D:\C#\VM\VisionMaster\Services\LayoutHelper.cs(329,57): warning CS8603: 可能返回 null 引用。 [D:\C#\VM\VisionMaster\VisionMaster_nwnaffn2_wpftmp.csproj]
D:\C#\VM\VisionMaster\Services\LayoutHelper.cs(332,41): warning CS8603: 可能返回 null 引用。 [D:\C#\VM\VisionMaster\VisionMaster_nwnaffn2_wpftmp.csproj]
D:\C#\VM\VisionMaster\Services\LayoutHelper.cs(334,20): warning CS8603: 可能返回 null 引用。 [D:\C#\VM\VisionMaster\VisionMaster_nwnaffn2_wpftmp.csproj]
D:\C#\VM\VisionMaster\ViewModels\DialogViewModels\SolutionListViewModel.cs(215,32): warning CS8601: 可能的 null 引用赋值。 [D:\C#\VM\VisionMaster\VisionMaster_nwnaffn2_wpftmp.csproj]
D:\C#\VM\VisionMaster\Services\LayoutHelper.cs(422,50): warning CS8604: “bool Dictionary<string, Func<object>>.TryGetValue(string key, out Func<object> value)”中的形参“key”可能传入 null 引用实参。 [D:\C#\VM\VisionMaster\VisionMaster_nwnaffn2_wpftmp.csproj]
D:\C#\VM\VisionMaster\Views\ProcessView.xaml.cs(160,28): warning CS8603: 可能返回 null 引用。 [D:\C#\VM\VisionMaster\VisionMaster_nwnaffn2_wpftmp.csproj]
D:\C#\VM\VisionMaster\Views\ProcessView.xaml.cs(168,20): warning CS8603: 可能返回 null 引用。 [D:\C#\VM\VisionMaster\VisionMaster_nwnaffn2_wpftmp.csproj]
D:\C#\VM\VisionMaster\ShellViewModel.cs(921,42): warning CS8602: 解引用可能出现空引用。 [D:\C#\VM\VisionMaster\VisionMaster_nwnaffn2_wpftmp.csproj]
D:\C#\VM\VisionMaster\Services\LayoutHelper.cs(439,32): warning CS8600: 将 null 文本或可能的 null 值转换为不可为 null 类型。 [D:\C#\VM\VisionMaster\VisionMaster_nwnaffn2_wpftmp.csproj]
D:\C#\VM\VisionMaster\ViewModels\DialogViewModels\VariableBindingViewModel.cs(538,62): warning CS8604: “InputPortUIModel.InputPortUIModel(PortDefinition schema, string linkedAddress)”中的形参“linkedAddress”可能传入 null 引用实参。 [D:\C#\VM\VisionMaster\VisionMaster_nwnaffn2_wpftmp.csproj]
D:\C#\VM\VisionMaster\ViewModels\DialogViewModels\VariableBindingViewModel.cs(604,17): warning CS8601: 可能的 null 引用赋值。 [D:\C#\VM\VisionMaster\VisionMaster_nwnaffn2_wpftmp.csproj]
D:\C#\VM\VisionMaster\ViewModels\DialogViewModels\VariableBindingViewModel.cs(610,23): warning CS8604: “void VariableBindingViewModel.BuildTree(IDialogParameters parameters = null)”中的形参“parameters”可能传入 null 引用实参。 [D:\C#\VM\VisionMaster\VisionMaster_nwnaffn2_wpftmp.csproj]
D:\C#\VM\VisionMaster\Services\NetworkVariableBridge.cs(110,29): warning CS8601: 可能的 null 引用赋值。 [D:\C#\VM\VisionMaster\VisionMaster_nwnaffn2_wpftmp.csproj]
D:\C#\VM\VisionMaster\ViewModels\FlowListViewModel.cs(66,16): warning CS9264: 在退出构造函数时，不可为 null 的 属性 'SelectFlow' 必须包含非 null 值。请考虑添加“required”修饰符，或将 属性 声明为可为 null，或安全地处理“get”访问器中“field”为 null 的情况。 [D:\C#\VM\VisionMaster\VisionMaster_nwnaffn2_wpftmp.csproj]
D:\C#\VM\VisionMaster\Services\ScadaPagePicker.cs(39,35): warning CS8604: “void ParametersBase.Add(string key, object value)”中的形参“value”可能传入 null 引用实参。 [D:\C#\VM\VisionMaster\VisionMaster_nwnaffn2_wpftmp.csproj]
D:\C#\VM\VisionMaster\ViewModels\DialogViewModels\ConditionEditorViewModel .cs(641,32): warning CS8603: 可能返回 null 引用。 [D:\C#\VM\VisionMaster\VisionMaster_nwnaffn2_wpftmp.csproj]
D:\C#\VM\VisionMaster\ViewModels\DialogViewModels\FlowManagerViewModel.cs(98,43): warning CS8622: “void FlowManagerViewModel.OnWorkspacePropertyChanged(object sender, PropertyChangedEventArgs e)”的参数“sender”类型中引用类型的为 Null 性与目标委托“PropertyChangedEventHandler”不匹配(可能是由于为 Null 性特性)。 [D:\C#\VM\VisionMaster\VisionMaster_nwnaffn2_wpftmp.csproj]
D:\C#\VM\VisionMaster\ViewModels\DialogViewModels\ConditionEditorViewModel .cs(647,61): warning CS8603: 可能返回 null 引用。 [D:\C#\VM\VisionMaster\VisionMaster_nwnaffn2_wpftmp.csproj]
D:\C#\VM\VisionMaster\ViewModels\DialogViewModels\ConditionEditorViewModel .cs(649,32): warning CS8600: 将 null 文本或可能的 null 值转换为不可为 null 类型。 [D:\C#\VM\VisionMaster\VisionMaster_nwnaffn2_wpftmp.csproj]
D:\C#\VM\VisionMaster\ViewModels\DialogViewModels\ConditionEditorViewModel .cs(651,28): warning CS8603: 可能返回 null 引用。 [D:\C#\VM\VisionMaster\VisionMaster_nwnaffn2_wpftmp.csproj]
D:\C#\VM\VisionMaster\ViewModels\DialogViewModels\ConditionEditorViewModel .cs(656,24): warning CS8603: 可能返回 null 引用。 [D:\C#\VM\VisionMaster\VisionMaster_nwnaffn2_wpftmp.csproj]
D:\C#\VM\VisionMaster\ViewModels\DialogViewModels\ConditionEditorViewModel .cs(623,23): warning CS9264: 在退出构造函数时，不可为 null 的 属性 'AliasName' 必须包含非 null 值。请考虑添加“required”修饰符，或将 属性 声明为可为 null，或安全地处理“get”访问器中“field”为 null 的情况。 [D:\C#\VM\VisionMaster\VisionMaster_nwnaffn2_wpftmp.csproj]
D:\C#\VM\VisionMaster\ViewModels\DialogViewModels\ConditionEditorViewModel .cs(633,23): warning CS9264: 在退出构造函数时，不可为 null 的 属性 'SourceAddress' 必须包含非 null 值。请考虑添加“required”修饰符，或将 属性 声明为可为 null，或安全地处理“get”访问器中“field”为 null 的情况。 [D:\C#\VM\VisionMaster\VisionMaster_nwnaffn2_wpftmp.csproj]
D:\C#\VM\VisionMaster\ViewModels\DialogViewModels\ConditionEditorViewModel .cs(162,31): warning CS8625: 无法将 null 字面量转换为非 null 的引用类型。 [D:\C#\VM\VisionMaster\VisionMaster_nwnaffn2_wpftmp.csproj]
D:\C#\VM\VisionMaster\ViewModels\DialogViewModels\ConditionEditorViewModel .cs(171,68): warning CS8601: 可能的 null 引用赋值。 [D:\C#\VM\VisionMaster\VisionMaster_nwnaffn2_wpftmp.csproj]
D:\C#\VM\VisionMaster\ViewModels\DialogViewModels\ConditionEditorViewModel .cs(172,39): warning CS8601: 可能的 null 引用赋值。 [D:\C#\VM\VisionMaster\VisionMaster_nwnaffn2_wpftmp.csproj]
D:\C#\VM\VisionMaster\ViewModels\DialogViewModels\ConditionEditorViewModel .cs(222,44): warning CS8600: 将 null 文本或可能的 null 值转换为不可为 null 类型。 [D:\C#\VM\VisionMaster\VisionMaster_nwnaffn2_wpftmp.csproj]
D:\C#\VM\VisionMaster\ViewModels\DialogViewModels\ConditionEditorViewModel .cs(228,30): warning CS8601: 可能的 null 引用赋值。 [D:\C#\VM\VisionMaster\VisionMaster_nwnaffn2_wpftmp.csproj]
D:\C#\VM\VisionMaster\ViewModels\DialogViewModels\ConditionEditorViewModel .cs(232,16): warning CS9264: 在退出构造函数时，不可为 null 的 属性 'Branches' 必须包含非 null 值。请考虑添加“required”修饰符，或将 属性 声明为可为 null，或安全地处理“get”访问器中“field”为 null 的情况。 [D:\C#\VM\VisionMaster\VisionMaster_nwnaffn2_wpftmp.csproj]
D:\C#\VM\VisionMaster\ViewModels\DialogViewModels\ConditionEditorViewModel .cs(232,16): warning CS9264: 在退出构造函数时，不可为 null 的 属性 'SelectedBranch' 必须包含非 null 值。请考虑添加“required”修饰符，或将 属性 声明为可为 null，或安全地处理“get”访问器中“field”为 null 的情况。 [D:\C#\VM\VisionMaster\VisionMaster_nwnaffn2_wpftmp.csproj]
D:\C#\VM\VisionMaster\ViewModels\DialogViewModels\ConditionEditorViewModel .cs(232,16): warning CS9264: 在退出构造函数时，不可为 null 的 属性 'JudgeExpressionDraft' 必须包含非 null 值。请考虑添加“required”修饰符，或将 属性 声明为可为 null，或安全地处理“get”访问器中“field”为 null 的情况。 [D:\C#\VM\VisionMaster\VisionMaster_nwnaffn2_wpftmp.csproj]
D:\C#\VM\VisionMaster\ViewModels\DialogViewModels\ConditionEditorViewModel .cs(232,16): warning CS9264: 在退出构造函数时，不可为 null 的 属性 'LoopCountSourceText' 必须包含非 null 值。请考虑添加“required”修饰符，或将 属性 声明为可为 null，或安全地处理“get”访问器中“field”为 null 的情况。 [D:\C#\VM\VisionMaster\VisionMaster_nwnaffn2_wpftmp.csproj]
D:\C#\VM\VisionMaster\ShellViewModel.cs(1366,39): warning CS8603: 可能返回 null 引用。 [D:\C#\VM\VisionMaster\VisionMaster_nwnaffn2_wpftmp.csproj]
D:\C#\VM\VisionMaster\ShellViewModel.cs(1374,20): warning CS8603: 可能返回 null 引用。 [D:\C#\VM\VisionMaster\VisionMaster_nwnaffn2_wpftmp.csproj]
D:\C#\VM\VisionMaster\ShellViewModel.cs(1379,39): warning CS8603: 可能返回 null 引用。 [D:\C#\VM\VisionMaster\VisionMaster_nwnaffn2_wpftmp.csproj]
D:\C#\VM\VisionMaster\ShellViewModel.cs(1390,56): warning CS8604: “StepModel ShellViewModel.FindDebugStoppedStep(IEnumerable<StepModel> steps)”中的形参“steps”可能传入 null 引用实参。 [D:\C#\VM\VisionMaster\VisionMaster_nwnaffn2_wpftmp.csproj]
D:\C#\VM\VisionMaster\ShellViewModel.cs(1396,20): warning CS8603: 可能返回 null 引用。 [D:\C#\VM\VisionMaster\VisionMaster_nwnaffn2_wpftmp.csproj]
D:\C#\VM\VisionMaster\ViewModels\DialogViewModels\ConditionEditorViewModel .cs(307,35): warning CS8625: 无法将 null 字面量转换为非 null 的引用类型。 [D:\C#\VM\VisionMaster\VisionMaster_nwnaffn2_wpftmp.csproj]
D:\C#\VM\VisionMaster\ViewModels\DialogViewModels\ConditionEditorViewModel .cs(308,35): warning CS8625: 无法将 null 字面量转换为非 null 的引用类型。 [D:\C#\VM\VisionMaster\VisionMaster_nwnaffn2_wpftmp.csproj]
D:\C#\VM\VisionMaster\ViewModels\MonitorViewModel.cs(117,61): warning CS8622: “void MonitorViewModel.OnGlobalVariablesChanged(object sender, NotifyCollectionChangedEventArgs e)”的参数“sender”类型中引用类型的为 Null 性与目标委托“NotifyCollectionChangedEventHandler”不匹配(可能是由于为 Null 性特性)。 [D:\C#\VM\VisionMaster\VisionMaster_nwnaffn2_wpftmp.csproj]
D:\C#\VM\VisionMaster\ViewModels\MonitorViewModel.cs(123,60): warning CS8622: “void MonitorViewModel.OnVariableRenamed(object sender, VariableRenamedEventArgs e)”的参数“sender”类型中引用类型的为 Null 性与目标委托“EventHandler<VariableRenamedEventArgs>”不匹配(可能是由于为 Null 性特性)。 [D:\C#\VM\VisionMaster\VisionMaster_nwnaffn2_wpftmp.csproj]
D:\C#\VM\VisionMaster\ViewModels\MonitorViewModel.cs(131,50): warning CS8622: “void MonitorViewModel.OnWorkspacePropertyChanged(object sender, PropertyChangedEventArgs e)”的参数“sender”类型中引用类型的为 Null 性与目标委托“PropertyChangedEventHandler”不匹配(可能是由于为 Null 性特性)。 [D:\C#\VM\VisionMaster\VisionMaster_nwnaffn2_wpftmp.csproj]
D:\C#\VM\VisionMaster\ViewModels\MonitorViewModel.cs(138,65): warning CS8622: “void MonitorViewModel.OnSessionsChanged(object sender, NotifyCollectionChangedEventArgs e)”的参数“sender”类型中引用类型的为 Null 性与目标委托“NotifyCollectionChangedEventHandler”不匹配(可能是由于为 Null 性特性)。 [D:\C#\VM\VisionMaster\VisionMaster_nwnaffn2_wpftmp.csproj]
D:\C#\VM\VisionMaster\ViewModels\FlowListViewModel.cs(149,48): warning CS8604: “int Collection<FlowModel>.IndexOf(FlowModel item)”中的形参“item”可能传入 null 引用实参。 [D:\C#\VM\VisionMaster\VisionMaster_nwnaffn2_wpftmp.csproj]
D:\C#\VM\VisionMaster\ViewModels\FlowListViewModel.cs(153,52): warning CS8604: “bool MandatoryFlows.IsMandatory(FlowModel flow)”中的形参“flow”可能传入 null 引用实参。 [D:\C#\VM\VisionMaster\VisionMaster_nwnaffn2_wpftmp.csproj]
D:\C#\VM\VisionMaster\ViewModels\FlowListViewModel.cs(171,25): warning CS8602: 解引用可能出现空引用。 [D:\C#\VM\VisionMaster\VisionMaster_nwnaffn2_wpftmp.csproj]
D:\C#\VM\VisionMaster\ViewModels\FlowListViewModel.cs(206,79): warning CS8602: 解引用可能出现空引用。 [D:\C#\VM\VisionMaster\VisionMaster_nwnaffn2_wpftmp.csproj]
D:\C#\VM\VisionMaster\Views\DialogViews\ConditionEditorView.xaml.cs(52,41): warning CS8622: “void ConditionEditorView.Vm_BranchChanged(object sender, StepCollection e)”的参数“sender”类型中引用类型的为 Null 性与目标委托“EventHandler<StepCollection>”不匹配(可能是由于为 Null 性特性)。 [D:\C#\VM\VisionMaster\VisionMaster_nwnaffn2_wpftmp.csproj]
D:\C#\VM\VisionMaster\Views\DialogViews\ConditionEditorView.xaml.cs(53,41): warning CS8622: “void ConditionEditorView.Vm_BranchChanged(object sender, StepCollection e)”的参数“sender”类型中引用类型的为 Null 性与目标委托“EventHandler<StepCollection>”不匹配(可能是由于为 Null 性特性)。 [D:\C#\VM\VisionMaster\VisionMaster_nwnaffn2_wpftmp.csproj]
D:\C#\VM\VisionMaster\Views\DialogViews\ConditionEditorView.xaml.cs(55,55): warning CS8622: “void ConditionEditorView.Variables_CollectionChanged(object sender, NotifyCollectionChangedEventArgs e)”的参数“sender”类型中引用类型的为 Null 性与目标委托“NotifyCollectionChangedEventHandler”不匹配(可能是由于为 Null 性特性)。 [D:\C#\VM\VisionMaster\VisionMaster_nwnaffn2_wpftmp.csproj]
D:\C#\VM\VisionMaster\Views\DialogViews\ConditionEditorView.xaml.cs(56,55): warning CS8622: “void ConditionEditorView.Variables_CollectionChanged(object sender, NotifyCollectionChangedEventArgs e)”的参数“sender”类型中引用类型的为 Null 性与目标委托“NotifyCollectionChangedEventHandler”不匹配(可能是由于为 Null 性特性)。 [D:\C#\VM\VisionMaster\VisionMaster_nwnaffn2_wpftmp.csproj]
D:\C#\VM\VisionMaster\Views\DialogViews\ConditionEditorView.xaml.cs(355,58): warning CS8603: 可能返回 null 引用。 [D:\C#\VM\VisionMaster\VisionMaster_nwnaffn2_wpftmp.csproj]
D:\C#\VM\VisionMaster\ViewModels\MonitorViewModel.cs(184,64): warning CS8622: “void MonitorViewModel.OnWatchItemsChanged(object sender, NotifyCollectionChangedEventArgs e)”的参数“sender”类型中引用类型的为 Null 性与目标委托“NotifyCollectionChangedEventHandler”不匹配(可能是由于为 Null 性特性)。 [D:\C#\VM\VisionMaster\VisionMaster_nwnaffn2_wpftmp.csproj]
D:\C#\VM\VisionMaster\ViewModels\MonitorViewModel.cs(185,45): warning CS8625: 无法将 null 字面量转换为非 null 的引用类型。 [D:\C#\VM\VisionMaster\VisionMaster_nwnaffn2_wpftmp.csproj]
D:\C#\VM\VisionMaster\ViewModels\MonitorViewModel.cs(196,60): warning CS8622: “void MonitorViewModel.OnWatchItemsChanged(object sender, NotifyCollectionChangedEventArgs e)”的参数“sender”类型中引用类型的为 Null 性与目标委托“NotifyCollectionChangedEventHandler”不匹配(可能是由于为 Null 性特性)。 [D:\C#\VM\VisionMaster\VisionMaster_nwnaffn2_wpftmp.csproj]
D:\C#\VM\VisionMaster\ViewModels\MonitorViewModel.cs(198,56): warning CS8622: “void MonitorViewModel.OnWatchItemsChanged(object sender, NotifyCollectionChangedEventArgs e)”的参数“sender”类型中引用类型的为 Null 性与目标委托“NotifyCollectionChangedEventHandler”不匹配(可能是由于为 Null 性特性)。 [D:\C#\VM\VisionMaster\VisionMaster_nwnaffn2_wpftmp.csproj]
D:\C#\VM\VisionMaster\ViewModels\FlowListViewModel.cs(268,28): warning CS1998: This async method lacks 'await' operators and will run synchronously. Consider using the 'await' operator to await non-blocking API calls, or 'await Task.Run(...)' to do CPU-bound work on a background thread. [D:\C#\VM\VisionMaster\VisionMaster_nwnaffn2_wpftmp.csproj]
D:\C#\VM\VisionMaster\Views\DialogViews\ConditionEditorView.xaml.cs(178,76): warning CS8625: 无法将 null 字面量转换为非 null 的引用类型。 [D:\C#\VM\VisionMaster\VisionMaster_nwnaffn2_wpftmp.csproj]
D:\C#\VM\VisionMaster\Views\DialogViews\ConditionEditorView.xaml.cs(182,37): warning CS8625: 无法将 null 字面量转换为非 null 的引用类型。 [D:\C#\VM\VisionMaster\VisionMaster_nwnaffn2_wpftmp.csproj]
D:\C#\VM\VisionMaster\Views\DialogViews\ConditionEditorView.xaml.cs(191,40): warning CS8622: “void ConditionEditorView.Vm_BranchChanged(object sender, StepCollection e)”的参数“sender”类型中引用类型的为 Null 性与目标委托“EventHandler<StepCollection>”不匹配(可能是由于为 Null 性特性)。 [D:\C#\VM\VisionMaster\VisionMaster_nwnaffn2_wpftmp.csproj]
D:\C#\VM\VisionMaster\Views\DialogViews\ConditionEditorView.xaml.cs(192,54): warning CS8622: “void ConditionEditorView.Variables_CollectionChanged(object sender, NotifyCollectionChangedEventArgs e)”的参数“sender”类型中引用类型的为 Null 性与目标委托“NotifyCollectionChangedEventHandler”不匹配(可能是由于为 Null 性特性)。 [D:\C#\VM\VisionMaster\VisionMaster_nwnaffn2_wpftmp.csproj]
D:\C#\VM\VisionMaster\Views\DialogViews\ConditionEditorView.xaml.cs(198,40): warning CS8622: “void ConditionEditorView.Vm_BranchChanged(object sender, StepCollection e)”的参数“sender”类型中引用类型的为 Null 性与目标委托“EventHandler<StepCollection>”不匹配(可能是由于为 Null 性特性)。 [D:\C#\VM\VisionMaster\VisionMaster_nwnaffn2_wpftmp.csproj]
D:\C#\VM\VisionMaster\Views\DialogViews\ConditionEditorView.xaml.cs(199,54): warning CS8622: “void ConditionEditorView.Variables_CollectionChanged(object sender, NotifyCollectionChangedEventArgs e)”的参数“sender”类型中引用类型的为 Null 性与目标委托“NotifyCollectionChangedEventHandler”不匹配(可能是由于为 Null 性特性)。 [D:\C#\VM\VisionMaster\VisionMaster_nwnaffn2_wpftmp.csproj]
D:\C#\VM\VisionMaster\ViewModels\DialogViewModels\ConditionEditorViewModel .cs(358,32): warning CS8600: 将 null 文本或可能的 null 值转换为不可为 null 类型。 [D:\C#\VM\VisionMaster\VisionMaster_nwnaffn2_wpftmp.csproj]
D:\C#\VM\VisionMaster\ViewModels\DialogViewModels\ConditionEditorViewModel .cs(459,32): warning CS8600: 将 null 文本或可能的 null 值转换为不可为 null 类型。 [D:\C#\VM\VisionMaster\VisionMaster_nwnaffn2_wpftmp.csproj]
D:\C#\VM\VisionMaster\ViewModels\ProcessViewModel.cs(94,34): warning CS8625: 无法将 null 字面量转换为非 null 的引用类型。 [D:\C#\VM\VisionMaster\VisionMaster_nwnaffn2_wpftmp.csproj]
D:\C#\VM\VisionMaster\ViewModels\ProcessViewModel.cs(99,44): warning CS8601: 可能的 null 引用赋值。 [D:\C#\VM\VisionMaster\VisionMaster_nwnaffn2_wpftmp.csproj]
D:\C#\VM\VisionMaster\ViewModels\ProcessViewModel.cs(108,42): warning CS8604: “void IWorkspaceManager.SwitchStep(StepModel step)”中的形参“step”可能传入 null 引用实参。 [D:\C#\VM\VisionMaster\VisionMaster_nwnaffn2_wpftmp.csproj]
D:\C#\VM\VisionMaster\Views\DialogViews\ConditionEditorView.xaml.cs(218,46): warning CS8622: “void ConditionEditorView.VariableItem_PropertyChanged(object sender, PropertyChangedEventArgs e)”的参数“sender”类型中引用类型的为 Null 性与目标委托“PropertyChangedEventHandler”不匹配(可能是由于为 Null 性特性)。 [D:\C#\VM\VisionMaster\VisionMaster_nwnaffn2_wpftmp.csproj]
D:\C#\VM\VisionMaster\Views\DialogViews\ConditionEditorView.xaml.cs(219,46): warning CS8622: “void ConditionEditorView.VariableItem_PropertyChanged(object sender, PropertyChangedEventArgs e)”的参数“sender”类型中引用类型的为 Null 性与目标委托“PropertyChangedEventHandler”不匹配(可能是由于为 Null 性特性)。 [D:\C#\VM\VisionMaster\VisionMaster_nwnaffn2_wpftmp.csproj]
D:\C#\VM\VisionMaster\ViewModels\ProcessViewModel.cs(138,16): warning CS9264: 在退出构造函数时，不可为 null 的 属性 'SelectStep' 必须包含非 null 值。请考虑添加“required”修饰符，或将 属性 声明为可为 null，或安全地处理“get”访问器中“field”为 null 的情况。 [D:\C#\VM\VisionMaster\VisionMaster_nwnaffn2_wpftmp.csproj]
D:\C#\VM\VisionMaster\ViewModels\ProcessViewModel.cs(180,54): warning CS8622: “void ProcessViewModel.OnWorkspacePropertyChanged(object sender, PropertyChangedEventArgs e)”的参数“sender”类型中引用类型的为 Null 性与目标委托“PropertyChangedEventHandler”不匹配(可能是由于为 Null 性特性)。 [D:\C#\VM\VisionMaster\VisionMaster_nwnaffn2_wpftmp.csproj]
D:\C#\VM\VisionMaster\ViewModels\DialogViewModels\ConditionEditorViewModel .cs(492,32): warning CS8600: 将 null 文本或可能的 null 值转换为不可为 null 类型。 [D:\C#\VM\VisionMaster\VisionMaster_nwnaffn2_wpftmp.csproj]
D:\C#\VM\VisionMaster\ViewModels\DialogViewModels\ConditionEditorViewModel .cs(493,30): warning CS8600: 将 null 文本或可能的 null 值转换为不可为 null 类型。 [D:\C#\VM\VisionMaster\VisionMaster_nwnaffn2_wpftmp.csproj]
D:\C#\VM\VisionMaster\ViewModels\DialogViewModels\ConditionEditorViewModel .cs(526,29): warning CS8600: 将 null 文本或可能的 null 值转换为不可为 null 类型。 [D:\C#\VM\VisionMaster\VisionMaster_nwnaffn2_wpftmp.csproj]
D:\C#\VM\VisionMaster\ViewModels\ProcessViewModel.cs(200,54): warning CS8622: “void ProcessViewModel.OnWorkspacePropertyChanged(object sender, PropertyChangedEventArgs e)”的参数“sender”类型中引用类型的为 Null 性与目标委托“PropertyChangedEventHandler”不匹配(可能是由于为 Null 性特性)。 [D:\C#\VM\VisionMaster\VisionMaster_nwnaffn2_wpftmp.csproj]
D:\C#\VM\VisionMaster\ViewModels\ProcessViewModel.cs(206,33): warning CS8604: “void ProcessViewModel.TickRunningTimes(IEnumerable<StepModel> steps)”中的形参“steps”可能传入 null 引用实参。 [D:\C#\VM\VisionMaster\VisionMaster_nwnaffn2_wpftmp.csproj]
D:\C#\VM\VisionMaster\ViewModels\MonitorViewModel.cs(320,173): warning CS8625: 无法将 null 字面量转换为非 null 的引用类型。 [D:\C#\VM\VisionMaster\VisionMaster_nwnaffn2_wpftmp.csproj]
D:\C#\VM\VisionMaster\ViewModels\DialogViewModels\GlobalVariableViewModelBase.cs(29,61): warning CS8622: “void GlobalVariableViewModelBase.OnGlobalVariablesCollectionChanged(object sender, NotifyCollectionChangedEventArgs e)”的参数“sender”类型中引用类型的为 Null 性与目标委托“NotifyCollectionChangedEventHandler”不匹配(可能是由于为 Null 性特性)。 [D:\C#\VM\VisionMaster\VisionMaster_nwnaffn2_wpftmp.csproj]
D:\C#\VM\VisionMaster\ViewModels\ProcessViewModel.cs(268,41): warning CS8604: “void ParametersBase.Add(string key, object value)”中的形参“value”可能传入 null 引用实参。 [D:\C#\VM\VisionMaster\VisionMaster_nwnaffn2_wpftmp.csproj]
D:\C#\VM\VisionMaster\ViewModels\LogViewModel.cs(83,45): warning CS8622: “void LogViewModel.OnSystemLogsChanged(object sender, NotifyCollectionChangedEventArgs e)”的参数“sender”类型中引用类型的为 Null 性与目标委托“NotifyCollectionChangedEventHandler”不匹配(可能是由于为 Null 性特性)。 [D:\C#\VM\VisionMaster\VisionMaster_nwnaffn2_wpftmp.csproj]
D:\C#\VM\VisionMaster\ViewModels\LogViewModel.cs(106,32): warning CS8604: “void LogViewModel.BumpCounts(IList items, int delta)”中的形参“items”可能传入 null 引用实参。 [D:\C#\VM\VisionMaster\VisionMaster_nwnaffn2_wpftmp.csproj]
D:\C#\VM\VisionMaster\ViewModels\LogViewModel.cs(109,32): warning CS8604: “void LogViewModel.BumpCounts(IList items, int delta)”中的形参“items”可能传入 null 引用实参。 [D:\C#\VM\VisionMaster\VisionMaster_nwnaffn2_wpftmp.csproj]
D:\C#\VM\VisionMaster\ViewModels\FlowCanvasViewModel.cs(1242,74): warning CS8600: 将 null 文本或可能的 null 值转换为不可为 null 类型。 [D:\C#\VM\VisionMaster\VisionMaster_nwnaffn2_wpftmp.csproj]
D:\C#\VM\VisionMaster\ViewModels\FlowCanvasViewModel.cs(1278,25): warning CS8604: “CanvasLinkBinding.CanvasLinkBinding(StepModel consumer, string key, string display)”中的形参“consumer”可能传入 null 引用实参。 [D:\C#\VM\VisionMaster\VisionMaster_nwnaffn2_wpftmp.csproj]
D:\C#\VM\VisionMaster\ViewModels\DialogViewModels\GlobalVariableViewModelBase.cs(191,65): warning CS8622: “void GlobalVariableViewModelBase.OnGlobalVariablesCollectionChanged(object sender, NotifyCollectionChangedEventArgs e)”的参数“sender”类型中引用类型的为 Null 性与目标委托“NotifyCollectionChangedEventHandler”不匹配(可能是由于为 Null 性特性)。 [D:\C#\VM\VisionMaster\VisionMaster_nwnaffn2_wpftmp.csproj]
D:\C#\VM\VisionMaster\ViewModels\LogViewModel.cs(145,16): warning CS8603: 可能返回 null 引用。 [D:\C#\VM\VisionMaster\VisionMaster_nwnaffn2_wpftmp.csproj]
D:\C#\VM\VisionMaster\ViewModels\ProcessViewModel.cs(372,52): warning CS8625: 无法将 null 字面量转换为非 null 的引用类型。 [D:\C#\VM\VisionMaster\VisionMaster_nwnaffn2_wpftmp.csproj]
D:\C#\VM\VisionMaster\ViewModels\MonitorViewModel.cs(538,78): warning CS8625: 无法将 null 字面量转换为非 null 的引用类型。 [D:\C#\VM\VisionMaster\VisionMaster_nwnaffn2_wpftmp.csproj]
D:\C#\VM\VisionMaster\ViewModels\MonitorViewModel.cs(551,69): warning CS8625: 无法将 null 字面量转换为非 null 的引用类型。 [D:\C#\VM\VisionMaster\VisionMaster_nwnaffn2_wpftmp.csproj]
D:\C#\VM\VisionMaster\ViewModels\MonitorViewModel.cs(577,107): warning CS8625: 无法将 null 字面量转换为非 null 的引用类型。 [D:\C#\VM\VisionMaster\VisionMaster_nwnaffn2_wpftmp.csproj]
D:\C#\VM\VisionMaster\ViewModels\ProcessViewModel.cs(657,24): warning CS8603: 可能返回 null 引用。 [D:\C#\VM\VisionMaster\VisionMaster_nwnaffn2_wpftmp.csproj]
D:\C#\VM\VisionMaster\ViewModels\ProcessViewModel.cs(668,32): warning CS8603: 可能返回 null 引用。 [D:\C#\VM\VisionMaster\VisionMaster_nwnaffn2_wpftmp.csproj]
D:\C#\VM\VisionMaster\ViewModels\ProcessViewModel.cs(676,20): warning CS8603: 可能返回 null 引用。 [D:\C#\VM\VisionMaster\VisionMaster_nwnaffn2_wpftmp.csproj]
D:\C#\VM\VisionMaster\ViewModels\FlowCanvasViewModel.cs(1576,41): warning CS8604: “void Action<StepModel>.Invoke(StepModel obj)”中的形参“obj”可能传入 null 引用实参。 [D:\C#\VM\VisionMaster\VisionMaster_nwnaffn2_wpftmp.csproj]
D:\C#\VM\VisionMaster\ViewModels\DialogViewModels\GlobalVariableManagerViewModel.cs(528,16): warning CS9264: 在退出构造函数时，不可为 null 的 属性 'NewVarName' 必须包含非 null 值。请考虑添加“required”修饰符，或将 属性 声明为可为 null，或安全地处理“get”访问器中“field”为 null 的情况。 [D:\C#\VM\VisionMaster\VisionMaster_nwnaffn2_wpftmp.csproj]
D:\C#\VM\VisionMaster\ViewModels\DialogViewModels\GlobalVariableManagerViewModel.cs(528,16): warning CS9264: 在退出构造函数时，不可为 null 的 属性 'NewVarDescription' 必须包含非 null 值。请考虑添加“required”修饰符，或将 属性 声明为可为 null，或安全地处理“get”访问器中“field”为 null 的情况。 [D:\C#\VM\VisionMaster\VisionMaster_nwnaffn2_wpftmp.csproj]
D:\C#\VM\VisionMaster\ViewModels\DialogViewModels\GlobalVariableManagerViewModel.cs(596,28): warning CS8601: 可能的 null 引用赋值。 [D:\C#\VM\VisionMaster\VisionMaster_nwnaffn2_wpftmp.csproj]
D:\C#\VM\VisionMaster\ViewModels\DialogViewModels\GlobalVariableManagerViewModel.cs(598,37): warning CS8601: 可能的 null 引用赋值。 [D:\C#\VM\VisionMaster\VisionMaster_nwnaffn2_wpftmp.csproj]
D:\C#\VM\VisionMaster\ViewModels\DialogViewModels\GlobalVariableManagerViewModel.cs(671,36): warning CS8601: 可能的 null 引用赋值。 [D:\C#\VM\VisionMaster\VisionMaster_nwnaffn2_wpftmp.csproj]
D:\C#\VM\VisionMaster\ViewModels\DialogViewModels\GlobalVariableManagerViewModel.cs(672,36): warning CS8601: 可能的 null 引用赋值。 [D:\C#\VM\VisionMaster\VisionMaster_nwnaffn2_wpftmp.csproj]
D:\C#\VM\VisionMaster\ViewModels\DialogViewModels\GlobalVariableManagerViewModel.cs(674,29): warning CS8601: 可能的 null 引用赋值。 [D:\C#\VM\VisionMaster\VisionMaster_nwnaffn2_wpftmp.csproj]
D:\C#\VM\VisionMaster\ViewModels\DialogViewModels\GlobalVariableManagerViewModel.cs(676,29): warning CS8601: 可能的 null 引用赋值。 [D:\C#\VM\VisionMaster\VisionMaster_nwnaffn2_wpftmp.csproj]
D:\C#\VM\VisionMaster\ViewModels\DialogViewModels\GlobalVariableManagerViewModel.cs(701,38): warning CS8622: “void GlobalVariableManagerViewModel.OnVariableValueChanged(object sender, EventArgs e)”的参数“sender”类型中引用类型的为 Null 性与目标委托“EventHandler”不匹配(可能是由于为 Null 性特性)。 [D:\C#\VM\VisionMaster\VisionMaster_nwnaffn2_wpftmp.csproj]
D:\C#\VM\VisionMaster\ViewModels\DialogViewModels\GlobalVariableManagerViewModel.cs(707,38): warning CS8622: “void GlobalVariableManagerViewModel.OnVariableValueChanged(object sender, EventArgs e)”的参数“sender”类型中引用类型的为 Null 性与目标委托“EventHandler”不匹配(可能是由于为 Null 性特性)。 [D:\C#\VM\VisionMaster\VisionMaster_nwnaffn2_wpftmp.csproj]
D:\C#\VM\VisionMaster\ViewModels\DialogViewModels\GlobalVariableManagerViewModel.cs(752,40): warning CS8604: “Array Array.CreateInstance(Type elementType, int length)”中的形参“elementType”可能传入 null 引用实参。 [D:\C#\VM\VisionMaster\VisionMaster_nwnaffn2_wpftmp.csproj]
D:\C#\VM\VisionMaster\ViewModels\DialogViewModels\GlobalVariableManagerViewModel.cs(751,32): warning CS8600: 将 null 文本或可能的 null 值转换为不可为 null 类型。 [D:\C#\VM\VisionMaster\VisionMaster_nwnaffn2_wpftmp.csproj]
D:\C#\VM\VisionMaster\ViewModels\DialogViewModels\MotionBoardDebugTabViewModel.cs(504,72): warning CS8604: “void MotionDebugAxisRow.Update(AxisStatus? status, bool mapEnabled, bool deviceOnline, bool deviceHomed, string modeText)”中的形参“modeText”可能传入 null 引用实参。 [D:\C#\VM\VisionMaster\VisionMaster_nwnaffn2_wpftmp.csproj]
D:\C#\VM\VisionMaster\ViewModels\DialogViewModels\PluginConfigShellViewModel.cs(98,29): warning CS8625: 无法将 null 字面量转换为非 null 的引用类型。 [D:\C#\VM\VisionMaster\VisionMaster_nwnaffn2_wpftmp.csproj]
D:\C#\VM\VisionMaster\ViewModels\DialogViewModels\PluginConfigShellViewModel.cs(113,27): warning CS8625: 无法将 null 字面量转换为非 null 的引用类型。 [D:\C#\VM\VisionMaster\VisionMaster_nwnaffn2_wpftmp.csproj]
D:\C#\VM\VisionMaster\ViewModels\DialogViewModels\PluginConfigShellViewModel.cs(114,31): warning CS8625: 无法将 null 字面量转换为非 null 的引用类型。 [D:\C#\VM\VisionMaster\VisionMaster_nwnaffn2_wpftmp.csproj]
D:\C#\VM\VisionMaster\ViewModels\DialogViewModels\PluginConfigShellViewModel.cs(115,37): warning CS8625: 无法将 null 字面量转换为非 null 的引用类型。 [D:\C#\VM\VisionMaster\VisionMaster_nwnaffn2_wpftmp.csproj]
D:\C#\VM\VisionMaster\ViewModels\DialogViewModels\PluginConfigShellViewModel.cs(120,28): warning CS8625: 无法将 null 字面量转换为非 null 的引用类型。 [D:\C#\VM\VisionMaster\VisionMaster_nwnaffn2_wpftmp.csproj]
D:\C#\VM\VisionMaster\ViewModels\DialogViewModels\PluginConfigShellViewModel.cs(129,76): warning CS8600: 将 null 文本或可能的 null 值转换为不可为 null 类型。 [D:\C#\VM\VisionMaster\VisionMaster_nwnaffn2_wpftmp.csproj]
D:\C#\VM\VisionMaster\ViewModels\DialogViewModels\PluginConfigShellViewModel.cs(136,31): warning CS8601: 可能的 null 引用赋值。 [D:\C#\VM\VisionMaster\VisionMaster_nwnaffn2_wpftmp.csproj]
D:\C#\VM\VisionMaster\ViewModels\DialogViewModels\GlobalVariableManagerViewModel.cs(966,25): warning CS8604: “void DialogArrayEditor.Load(IEnumerable<string?> values)”中的形参“values”可能传入 null 引用实参。 [D:\C#\VM\VisionMaster\VisionMaster_nwnaffn2_wpftmp.csproj]
D:\C#\VM\VisionMaster\ViewModels\DialogViewModels\GlobalVariableManagerViewModel.cs(1113,40): warning CS8622: “void GlobalVariableManagerViewModel.OnVariableValueChanged(object sender, EventArgs e)”的参数“sender”类型中引用类型的为 Null 性与目标委托“EventHandler”不匹配(可能是由于为 Null 性特性)。 [D:\C#\VM\VisionMaster\VisionMaster_nwnaffn2_wpftmp.csproj]
D:\C#\VM\VisionMaster\ViewModels\ProcessViewModel.cs(779,32): warning CS8600: 将 null 文本或可能的 null 值转换为不可为 null 类型。 [D:\C#\VM\VisionMaster\VisionMaster_nwnaffn2_wpftmp.csproj]
D:\C#\VM\VisionMaster\ViewModels\ProcessViewModel.cs(840,36): warning CS8600: 将 null 文本或可能的 null 值转换为不可为 null 类型。 [D:\C#\VM\VisionMaster\VisionMaster_nwnaffn2_wpftmp.csproj]
D:\C#\VM\VisionMaster\ViewModels\DialogViewModels\PluginConfigShellViewModel.cs(328,29): warning CS8625: 无法将 null 字面量转换为非 null 的引用类型。 [D:\C#\VM\VisionMaster\VisionMaster_nwnaffn2_wpftmp.csproj]
D:\C#\VM\VisionMaster\ViewModels\DialogViewModels\PluginConfigShellViewModel.cs(350,46): warning CS8600: 将 null 文本或可能的 null 值转换为不可为 null 类型。 [D:\C#\VM\VisionMaster\VisionMaster_nwnaffn2_wpftmp.csproj]
D:\C#\VM\VisionMaster\ViewModels\DialogViewModels\PluginConfigShellViewModel.cs(351,39): warning CS8600: 将 null 文本或可能的 null 值转换为不可为 null 类型。 [D:\C#\VM\VisionMaster\VisionMaster_nwnaffn2_wpftmp.csproj]
D:\C#\VM\VisionMaster\ViewModels\DialogViewModels\PluginConfigShellViewModel.cs(352,35): warning CS8600: 将 null 文本或可能的 null 值转换为不可为 null 类型。 [D:\C#\VM\VisionMaster\VisionMaster_nwnaffn2_wpftmp.csproj]
D:\C#\VM\VisionMaster\ViewModels\DialogViewModels\PluginConfigShellViewModel.cs(376,69): warning CS8604: “void PluginConfigShellViewModel.CompleteExecute(int runId, PluginExecuteResult result, FlowSession session, bool cancelled, Exception error)”中的形参“result”可能传入 null 引用实参。 [D:\C#\VM\VisionMaster\VisionMaster_nwnaffn2_wpftmp.csproj]
D:\C#\VM\VisionMaster\ViewModels\DialogViewModels\PluginConfigShellViewModel.cs(376,77): warning CS8604: “void PluginConfigShellViewModel.CompleteExecute(int runId, PluginExecuteResult result, FlowSession session, bool cancelled, Exception error)”中的形参“session”可能传入 null 引用实参。 [D:\C#\VM\VisionMaster\VisionMaster_nwnaffn2_wpftmp.csproj]
D:\C#\VM\VisionMaster\ViewModels\DialogViewModels\PluginConfigShellViewModel.cs(376,97): warning CS8604: “void PluginConfigShellViewModel.CompleteExecute(int runId, PluginExecuteResult result, FlowSession session, bool cancelled, Exception error)”中的形参“error”可能传入 null 引用实参。 [D:\C#\VM\VisionMaster\VisionMaster_nwnaffn2_wpftmp.csproj]
D:\C#\VM\VisionMaster\ViewModels\DialogViewModels\MotionBoardViewModel.cs(155,51): warning CS8600: 将 null 文本或可能的 null 值转换为不可为 null 类型。 [D:\C#\VM\VisionMaster\VisionMaster_nwnaffn2_wpftmp.csproj]
D:\C#\VM\VisionMaster\ShellViewModel.cs(591,29): warning CS0169: 从不使用字段“ShellViewModel._currentSession” [D:\C#\VM\VisionMaster\VisionMaster_nwnaffn2_wpftmp.csproj]
D:\C#\VM\VisionMaster\ViewModels\DialogViewModels\VariableBindingViewModel.cs(512,62): warning CS8625: 无法将 null 字面量转换为非 null 的引用类型。 [D:\C#\VM\VisionMaster\VisionMaster.csproj]
D:\C#\VM\VisionMaster\Services\StepParameterDialog.cs(53,112): warning CS8625: 无法将 null 字面量转换为非 null 的引用类型。 [D:\C#\VM\VisionMaster\VisionMaster.csproj]
D:\C#\VM\VisionMaster\Services\FlowOutputCollector.cs(48,51): warning CS8604: “Dictionary<string, Guid> FlowOutputCollector.BuildStepNameIndex(FlowSession session)”中的形参“session”可能传入 null 引用实参。 [D:\C#\VM\VisionMaster\VisionMaster.csproj]
D:\C#\VM\VisionMaster\Services\Camera\NetworkCameraServer.cs(131,23): warning CS8625: 无法将 null 字面量转换为非 null 的引用类型。 [D:\C#\VM\VisionMaster\VisionMaster.csproj]
D:\C#\VM\VisionMaster\Services\Camera\CameraProvider.cs(196,20): warning CS8603: 可能返回 null 引用。 [D:\C#\VM\VisionMaster\VisionMaster.csproj]
D:\C#\VM\VisionMaster\Services\FlowOutputCollector.cs(114,77): warning CS8603: 可能返回 null 引用。 [D:\C#\VM\VisionMaster\VisionMaster.csproj]
D:\C#\VM\VisionMaster\Services\FlowOutputCollector.cs(115,20): warning CS8603: 可能返回 null 引用。 [D:\C#\VM\VisionMaster\VisionMaster.csproj]
D:\C#\VM\VisionMaster\Services\Camera\CameraProvider.cs(210,59): warning CS8601: 可能的 null 引用赋值。 [D:\C#\VM\VisionMaster\VisionMaster.csproj]
D:\C#\VM\VisionMaster\Services\Camera\CameraProvider.cs(219,22): warning CS8625: 无法将 null 字面量转换为非 null 的引用类型。 [D:\C#\VM\VisionMaster\VisionMaster.csproj]
D:\C#\VM\VisionMaster\Services\Camera\CameraProvider.cs(227,53): warning CS8601: 可能的 null 引用赋值。 [D:\C#\VM\VisionMaster\VisionMaster.csproj]
D:\C#\VM\VisionMaster\Services\FlowOutputCollector.cs(127,31): warning CS8600: 将 null 文本或可能的 null 值转换为不可为 null 类型。 [D:\C#\VM\VisionMaster\VisionMaster.csproj]
D:\C#\VM\VisionMaster\Services\FlowOutputCollector.cs(137,62): warning CS8604: “object FlowOutputCollector.ToJsonValue(object value)”中的形参“value”可能传入 null 引用实参。 [D:\C#\VM\VisionMaster\VisionMaster.csproj]
D:\C#\VM\VisionMaster\ShellViewModel.cs(77,43): warning CS8603: 可能返回 null 引用。 [D:\C#\VM\VisionMaster\VisionMaster.csproj]
D:\C#\VM\VisionMaster\Services\FlowOutputCollector.cs(165,28): warning CS8603: 可能返回 null 引用。 [D:\C#\VM\VisionMaster\VisionMaster.csproj]
D:\C#\VM\VisionMaster\Services\FlowOutputCollector.cs(230,28): warning CS8603: 可能返回 null 引用。 [D:\C#\VM\VisionMaster\VisionMaster.csproj]
D:\C#\VM\VisionMaster\Services\StepParameterDialog.cs(65,41): warning CS8600: 将 null 文本或可能的 null 值转换为不可为 null 类型。 [D:\C#\VM\VisionMaster\VisionMaster.csproj]
D:\C#\VM\VisionMaster\Services\StepParameterDialog.cs(76,51): warning CS8604: “AutoPortConfigView.AutoPortConfigView(IVisionPlugin plugin)”中的形参“plugin”可能传入 null 引用实参。 [D:\C#\VM\VisionMaster\VisionMaster.csproj]
D:\C#\VM\VisionMaster\Services\Camera\NetworkCameraServer.cs(261,22): warning CS8625: 无法将 null 字面量转换为非 null 的引用类型。 [D:\C#\VM\VisionMaster\VisionMaster.csproj]
D:\C#\VM\VisionMaster\Services\Camera\NetworkCameraServer.cs(262,20): warning CS8625: 无法将 null 字面量转换为非 null 的引用类型。 [D:\C#\VM\VisionMaster\VisionMaster.csproj]
D:\C#\VM\VisionMaster\Services\StepParameterDialog.cs(135,24): warning CS8603: 可能返回 null 引用。 [D:\C#\VM\VisionMaster\VisionMaster.csproj]
D:\C#\VM\VisionMaster\Services\StepParameterDialog.cs(141,28): warning CS8603: 可能返回 null 引用。 [D:\C#\VM\VisionMaster\VisionMaster.csproj]
D:\C#\VM\VisionMaster\Services\StepParameterDialog.cs(148,24): warning CS8603: 可能返回 null 引用。 [D:\C#\VM\VisionMaster\VisionMaster.csproj]
D:\C#\VM\VisionMaster\Services\StepParameterDialog.cs(152,24): warning CS8603: 可能返回 null 引用。 [D:\C#\VM\VisionMaster\VisionMaster.csproj]
D:\C#\VM\VisionMaster\Views\ScadaRuntimeWindow.xaml.cs(41,23): warning CS8622: “void ScadaRuntimeWindow.OnWindowClosed(object sender, EventArgs e)”的参数“sender”类型中引用类型的为 Null 性与目标委托“EventHandler”不匹配(可能是由于为 Null 性特性)。 [D:\C#\VM\VisionMaster\VisionMaster.csproj]
D:\C#\VM\VisionMaster\Services\HttpImageServer.cs(140,23): warning CS8625: 无法将 null 字面量转换为非 null 的引用类型。 [D:\C#\VM\VisionMaster\VisionMaster.csproj]
D:\C#\VM\VisionMaster\Services\Camera\CameraProvider.cs(304,32): warning CS8625: 无法将 null 字面量转换为非 null 的引用类型。 [D:\C#\VM\VisionMaster\VisionMaster.csproj]
D:\C#\VM\VisionMaster\Services\Camera\CameraProvider.cs(360,28): warning CS8604: “void CameraProvider.RememberSynced(SolutionModel solution, int count)”中的形参“solution”可能传入 null 引用实参。 [D:\C#\VM\VisionMaster\VisionMaster.csproj]
D:\C#\VM\VisionMaster\Services\Help\HelpCatalogService.cs(187,29): warning CS8601: 可能的 null 引用赋值。 [D:\C#\VM\VisionMaster\VisionMaster.csproj]
D:\C#\VM\VisionMaster\ShellViewModel.cs(334,55): warning CS8622: “void ShellViewModel.OnSessionStateChanged(object sender, SessionStateChangedEventArgs e)”的参数“sender”类型中引用类型的为 Null 性与目标委托“EventHandler<SessionStateChangedEventArgs>”不匹配(可能是由于为 Null 性特性)。 [D:\C#\VM\VisionMaster\VisionMaster.csproj]
D:\C#\VM\VisionMaster\ShellViewModel.cs(296,16): warning CS9264: 在退出构造函数时，不可为 null 的 属性 'HandleCountStr' 必须包含非 null 值。请考虑添加“required”修饰符，或将 属性 声明为可为 null，或安全地处理“get”访问器中“field”为 null 的情况。 [D:\C#\VM\VisionMaster\VisionMaster.csproj]
D:\C#\VM\VisionMaster\ShellViewModel.cs(296,16): warning CS9264: 在退出构造函数时，不可为 null 的 属性 'ThreadCountStr' 必须包含非 null 值。请考虑添加“required”修饰符，或将 属性 声明为可为 null，或安全地处理“get”访问器中“field”为 null 的情况。 [D:\C#\VM\VisionMaster\VisionMaster.csproj]
D:\C#\VM\VisionMaster\ShellViewModel.cs(296,16): warning CS9264: 在退出构造函数时，不可为 null 的 属性 'CpuUsageStr' 必须包含非 null 值。请考虑添加“required”修饰符，或将 属性 声明为可为 null，或安全地处理“get”访问器中“field”为 null 的情况。 [D:\C#\VM\VisionMaster\VisionMaster.csproj]
D:\C#\VM\VisionMaster\ShellViewModel.cs(296,16): warning CS9264: 在退出构造函数时，不可为 null 的 属性 'MemoryUsageStr' 必须包含非 null 值。请考虑添加“required”修饰符，或将 属性 声明为可为 null，或安全地处理“get”访问器中“field”为 null 的情况。 [D:\C#\VM\VisionMaster\VisionMaster.csproj]
D:\C#\VM\VisionMaster\ShellViewModel.cs(296,16): warning CS9264: 在退出构造函数时，不可为 null 的 属性 'CurrentTimeText' 必须包含非 null 值。请考虑添加“required”修饰符，或将 属性 声明为可为 null，或安全地处理“get”访问器中“field”为 null 的情况。 [D:\C#\VM\VisionMaster\VisionMaster.csproj]
D:\C#\VM\VisionMaster\Services\Camera\CameraProvider.cs(433,24): warning CS8603: 可能返回 null 引用。 [D:\C#\VM\VisionMaster\VisionMaster.csproj]
D:\C#\VM\VisionMaster\Services\Camera\CameraProvider.cs(444,28): warning CS8603: 可能返回 null 引用。 [D:\C#\VM\VisionMaster\VisionMaster.csproj]
D:\C#\VM\VisionMaster\Services\Camera\CameraProvider.cs(457,24): warning CS8603: 可能返回 null 引用。 [D:\C#\VM\VisionMaster\VisionMaster.csproj]
D:\C#\VM\VisionMaster\Services\LayoutHelper.cs(88,20): warning CS8603: 可能返回 null 引用。 [D:\C#\VM\VisionMaster\VisionMaster.csproj]
D:\C#\VM\VisionMaster\Services\HttpImageServer.cs(241,42): warning CS8604: “object HttpImageServer.Fail(ApiRequest req, int statusCode, string message)”中的形参“message”可能传入 null 引用实参。 [D:\C#\VM\VisionMaster\VisionMaster.csproj]
D:\C#\VM\VisionMaster\Services\HttpImageServer.cs(329,39): warning CS8603: 可能返回 null 引用。 [D:\C#\VM\VisionMaster\VisionMaster.csproj]
D:\C#\VM\VisionMaster\Services\HttpImageServer.cs(333,20): warning CS8603: 可能返回 null 引用。 [D:\C#\VM\VisionMaster\VisionMaster.csproj]
D:\C#\VM\VisionMaster\Services\LayoutHelper.cs(157,45): warning CS8603: 可能返回 null 引用。 [D:\C#\VM\VisionMaster\VisionMaster.csproj]
D:\C#\VM\VisionMaster\Services\LayoutHelper.cs(172,24): warning CS8603: 可能返回 null 引用。 [D:\C#\VM\VisionMaster\VisionMaster.csproj]
D:\C#\VM\VisionMaster\Services\LayoutHelper.cs(275,26): warning CS8625: 无法将 null 字面量转换为非 null 的引用类型。 [D:\C#\VM\VisionMaster\VisionMaster.csproj]
D:\C#\VM\VisionMaster\Services\ImageCollectionService.cs(304,17): warning CS8602: 解引用可能出现空引用。 [D:\C#\VM\VisionMaster\VisionMaster.csproj]
D:\C#\VM\VisionMaster\Services\NetworkVariableBridge.cs(110,29): warning CS8601: 可能的 null 引用赋值。 [D:\C#\VM\VisionMaster\VisionMaster.csproj]
D:\C#\VM\VisionMaster\Services\LayoutHelper.cs(329,57): warning CS8603: 可能返回 null 引用。 [D:\C#\VM\VisionMaster\VisionMaster.csproj]
D:\C#\VM\VisionMaster\Services\LayoutHelper.cs(332,41): warning CS8603: 可能返回 null 引用。 [D:\C#\VM\VisionMaster\VisionMaster.csproj]
D:\C#\VM\VisionMaster\Services\LayoutHelper.cs(334,20): warning CS8603: 可能返回 null 引用。 [D:\C#\VM\VisionMaster\VisionMaster.csproj]
D:\C#\VM\VisionMaster\Views\DialogViews\ConditionEditorView.xaml.cs(52,41): warning CS8622: “void ConditionEditorView.Vm_BranchChanged(object sender, StepCollection e)”的参数“sender”类型中引用类型的为 Null 性与目标委托“EventHandler<StepCollection>”不匹配(可能是由于为 Null 性特性)。 [D:\C#\VM\VisionMaster\VisionMaster.csproj]
D:\C#\VM\VisionMaster\Views\DialogViews\ConditionEditorView.xaml.cs(53,41): warning CS8622: “void ConditionEditorView.Vm_BranchChanged(object sender, StepCollection e)”的参数“sender”类型中引用类型的为 Null 性与目标委托“EventHandler<StepCollection>”不匹配(可能是由于为 Null 性特性)。 [D:\C#\VM\VisionMaster\VisionMaster.csproj]
D:\C#\VM\VisionMaster\Views\DialogViews\ConditionEditorView.xaml.cs(55,55): warning CS8622: “void ConditionEditorView.Variables_CollectionChanged(object sender, NotifyCollectionChangedEventArgs e)”的参数“sender”类型中引用类型的为 Null 性与目标委托“NotifyCollectionChangedEventHandler”不匹配(可能是由于为 Null 性特性)。 [D:\C#\VM\VisionMaster\VisionMaster.csproj]
D:\C#\VM\VisionMaster\Views\DialogViews\ConditionEditorView.xaml.cs(56,55): warning CS8622: “void ConditionEditorView.Variables_CollectionChanged(object sender, NotifyCollectionChangedEventArgs e)”的参数“sender”类型中引用类型的为 Null 性与目标委托“NotifyCollectionChangedEventHandler”不匹配(可能是由于为 Null 性特性)。 [D:\C#\VM\VisionMaster\VisionMaster.csproj]
D:\C#\VM\VisionMaster\Views\DialogViews\ConditionEditorView.xaml.cs(355,58): warning CS8603: 可能返回 null 引用。 [D:\C#\VM\VisionMaster\VisionMaster.csproj]
D:\C#\VM\VisionMaster\Views\DialogViews\ConditionEditorView.xaml.cs(178,76): warning CS8625: 无法将 null 字面量转换为非 null 的引用类型。 [D:\C#\VM\VisionMaster\VisionMaster.csproj]
D:\C#\VM\VisionMaster\Views\DialogViews\ConditionEditorView.xaml.cs(182,37): warning CS8625: 无法将 null 字面量转换为非 null 的引用类型。 [D:\C#\VM\VisionMaster\VisionMaster.csproj]
D:\C#\VM\VisionMaster\Views\DialogViews\ConditionEditorView.xaml.cs(191,40): warning CS8622: “void ConditionEditorView.Vm_BranchChanged(object sender, StepCollection e)”的参数“sender”类型中引用类型的为 Null 性与目标委托“EventHandler<StepCollection>”不匹配(可能是由于为 Null 性特性)。 [D:\C#\VM\VisionMaster\VisionMaster.csproj]
D:\C#\VM\VisionMaster\Views\DialogViews\ConditionEditorView.xaml.cs(192,54): warning CS8622: “void ConditionEditorView.Variables_CollectionChanged(object sender, NotifyCollectionChangedEventArgs e)”的参数“sender”类型中引用类型的为 Null 性与目标委托“NotifyCollectionChangedEventHandler”不匹配(可能是由于为 Null 性特性)。 [D:\C#\VM\VisionMaster\VisionMaster.csproj]
D:\C#\VM\VisionMaster\Views\DialogViews\ConditionEditorView.xaml.cs(198,40): warning CS8622: “void ConditionEditorView.Vm_BranchChanged(object sender, StepCollection e)”的参数“sender”类型中引用类型的为 Null 性与目标委托“EventHandler<StepCollection>”不匹配(可能是由于为 Null 性特性)。 [D:\C#\VM\VisionMaster\VisionMaster.csproj]
D:\C#\VM\VisionMaster\Views\DialogViews\ConditionEditorView.xaml.cs(199,54): warning CS8622: “void ConditionEditorView.Variables_CollectionChanged(object sender, NotifyCollectionChangedEventArgs e)”的参数“sender”类型中引用类型的为 Null 性与目标委托“NotifyCollectionChangedEventHandler”不匹配(可能是由于为 Null 性特性)。 [D:\C#\VM\VisionMaster\VisionMaster.csproj]
D:\C#\VM\VisionMaster\Views\DialogViews\ConditionEditorView.xaml.cs(218,46): warning CS8622: “void ConditionEditorView.VariableItem_PropertyChanged(object sender, PropertyChangedEventArgs e)”的参数“sender”类型中引用类型的为 Null 性与目标委托“PropertyChangedEventHandler”不匹配(可能是由于为 Null 性特性)。 [D:\C#\VM\VisionMaster\VisionMaster.csproj]
D:\C#\VM\VisionMaster\Views\DialogViews\ConditionEditorView.xaml.cs(219,46): warning CS8622: “void ConditionEditorView.VariableItem_PropertyChanged(object sender, PropertyChangedEventArgs e)”的参数“sender”类型中引用类型的为 Null 性与目标委托“PropertyChangedEventHandler”不匹配(可能是由于为 Null 性特性)。 [D:\C#\VM\VisionMaster\VisionMaster.csproj]
D:\C#\VM\VisionMaster\Services\LayoutHelper.cs(422,50): warning CS8604: “bool Dictionary<string, Func<object>>.TryGetValue(string key, out Func<object> value)”中的形参“key”可能传入 null 引用实参。 [D:\C#\VM\VisionMaster\VisionMaster.csproj]
D:\C#\VM\VisionMaster\Services\LayoutHelper.cs(439,32): warning CS8600: 将 null 文本或可能的 null 值转换为不可为 null 类型。 [D:\C#\VM\VisionMaster\VisionMaster.csproj]
D:\C#\VM\VisionMaster\Services\ScadaPagePicker.cs(39,35): warning CS8604: “void ParametersBase.Add(string key, object value)”中的形参“value”可能传入 null 引用实参。 [D:\C#\VM\VisionMaster\VisionMaster.csproj]
D:\C#\VM\VisionMaster\Services\ScadaVariablePicker.cs(40,35): warning CS8604: “void ParametersBase.Add(string key, object value)”中的形参“value”可能传入 null 引用实参。 [D:\C#\VM\VisionMaster\VisionMaster.csproj]
D:\C#\VM\VisionMaster\Views\ProcessView.xaml.cs(160,28): warning CS8603: 可能返回 null 引用。 [D:\C#\VM\VisionMaster\VisionMaster.csproj]
D:\C#\VM\VisionMaster\Views\ProcessView.xaml.cs(168,20): warning CS8603: 可能返回 null 引用。 [D:\C#\VM\VisionMaster\VisionMaster.csproj]
D:\C#\VM\VisionMaster\ViewModels\DialogViewModels\VariableBindingViewModel.cs(67,38): warning CS8625: 无法将 null 字面量转换为非 null 的引用类型。 [D:\C#\VM\VisionMaster\VisionMaster.csproj]
D:\C#\VM\VisionMaster\ViewModels\DialogViewModels\ConditionEditorViewModel .cs(641,32): warning CS8603: 可能返回 null 引用。 [D:\C#\VM\VisionMaster\VisionMaster.csproj]
D:\C#\VM\VisionMaster\ViewModels\DialogViewModels\ConditionEditorViewModel .cs(647,61): warning CS8603: 可能返回 null 引用。 [D:\C#\VM\VisionMaster\VisionMaster.csproj]
D:\C#\VM\VisionMaster\ViewModels\DialogViewModels\ConditionEditorViewModel .cs(649,32): warning CS8600: 将 null 文本或可能的 null 值转换为不可为 null 类型。 [D:\C#\VM\VisionMaster\VisionMaster.csproj]
D:\C#\VM\VisionMaster\ViewModels\DialogViewModels\ConditionEditorViewModel .cs(651,28): warning CS8603: 可能返回 null 引用。 [D:\C#\VM\VisionMaster\VisionMaster.csproj]
D:\C#\VM\VisionMaster\ViewModels\DialogViewModels\ConditionEditorViewModel .cs(656,24): warning CS8603: 可能返回 null 引用。 [D:\C#\VM\VisionMaster\VisionMaster.csproj]
D:\C#\VM\VisionMaster\ViewModels\DialogViewModels\ConditionEditorViewModel .cs(623,23): warning CS9264: 在退出构造函数时，不可为 null 的 属性 'AliasName' 必须包含非 null 值。请考虑添加“required”修饰符，或将 属性 声明为可为 null，或安全地处理“get”访问器中“field”为 null 的情况。 [D:\C#\VM\VisionMaster\VisionMaster.csproj]
D:\C#\VM\VisionMaster\ViewModels\DialogViewModels\ConditionEditorViewModel .cs(633,23): warning CS9264: 在退出构造函数时，不可为 null 的 属性 'SourceAddress' 必须包含非 null 值。请考虑添加“required”修饰符，或将 属性 声明为可为 null，或安全地处理“get”访问器中“field”为 null 的情况。 [D:\C#\VM\VisionMaster\VisionMaster.csproj]
D:\C#\VM\VisionMaster\ViewModels\DialogViewModels\FlowManagerViewModel.cs(98,43): warning CS8622: “void FlowManagerViewModel.OnWorkspacePropertyChanged(object sender, PropertyChangedEventArgs e)”的参数“sender”类型中引用类型的为 Null 性与目标委托“PropertyChangedEventHandler”不匹配(可能是由于为 Null 性特性)。 [D:\C#\VM\VisionMaster\VisionMaster.csproj]
D:\C#\VM\VisionMaster\ShellViewModel.cs(921,42): warning CS8602: 解引用可能出现空引用。 [D:\C#\VM\VisionMaster\VisionMaster.csproj]
D:\C#\VM\VisionMaster\ViewModels\DebugHitViewModel.cs(70,16): warning CS9264: 在退出构造函数时，不可为 null 的 属性 'Header' 必须包含非 null 值。请考虑添加“required”修饰符，或将 属性 声明为可为 null，或安全地处理“get”访问器中“field”为 null 的情况。 [D:\C#\VM\VisionMaster\VisionMaster.csproj]
D:\C#\VM\VisionMaster\ViewModels\DebugHitViewModel.cs(70,16): warning CS9264: 在退出构造函数时，不可为 null 的 属性 'FlowName' 必须包含非 null 值。请考虑添加“required”修饰符，或将 属性 声明为可为 null，或安全地处理“get”访问器中“field”为 null 的情况。 [D:\C#\VM\VisionMaster\VisionMaster.csproj]
D:\C#\VM\VisionMaster\ViewModels\DebugHitViewModel.cs(70,16): warning CS9264: 在退出构造函数时，不可为 null 的 属性 'StepName' 必须包含非 null 值。请考虑添加“required”修饰符，或将 属性 声明为可为 null，或安全地处理“get”访问器中“field”为 null 的情况。 [D:\C#\VM\VisionMaster\VisionMaster.csproj]
D:\C#\VM\VisionMaster\ViewModels\FlowListViewModel.cs(66,16): warning CS9264: 在退出构造函数时，不可为 null 的 属性 'SelectFlow' 必须包含非 null 值。请考虑添加“required”修饰符，或将 属性 声明为可为 null，或安全地处理“get”访问器中“field”为 null 的情况。 [D:\C#\VM\VisionMaster\VisionMaster.csproj]
D:\C#\VM\VisionMaster\ShellViewModel.cs(1366,39): warning CS8603: 可能返回 null 引用。 [D:\C#\VM\VisionMaster\VisionMaster.csproj]
D:\C#\VM\VisionMaster\ShellViewModel.cs(1374,20): warning CS8603: 可能返回 null 引用。 [D:\C#\VM\VisionMaster\VisionMaster.csproj]
D:\C#\VM\VisionMaster\ViewModels\LogViewModel.cs(83,45): warning CS8622: “void LogViewModel.OnSystemLogsChanged(object sender, NotifyCollectionChangedEventArgs e)”的参数“sender”类型中引用类型的为 Null 性与目标委托“NotifyCollectionChangedEventHandler”不匹配(可能是由于为 Null 性特性)。 [D:\C#\VM\VisionMaster\VisionMaster.csproj]
D:\C#\VM\VisionMaster\ShellViewModel.cs(1379,39): warning CS8603: 可能返回 null 引用。 [D:\C#\VM\VisionMaster\VisionMaster.csproj]
D:\C#\VM\VisionMaster\ShellViewModel.cs(1390,56): warning CS8604: “StepModel ShellViewModel.FindDebugStoppedStep(IEnumerable<StepModel> steps)”中的形参“steps”可能传入 null 引用实参。 [D:\C#\VM\VisionMaster\VisionMaster.csproj]
D:\C#\VM\VisionMaster\ShellViewModel.cs(1396,20): warning CS8603: 可能返回 null 引用。 [D:\C#\VM\VisionMaster\VisionMaster.csproj]
D:\C#\VM\VisionMaster\ViewModels\LogViewModel.cs(106,32): warning CS8604: “void LogViewModel.BumpCounts(IList items, int delta)”中的形参“items”可能传入 null 引用实参。 [D:\C#\VM\VisionMaster\VisionMaster.csproj]
D:\C#\VM\VisionMaster\ViewModels\LogViewModel.cs(109,32): warning CS8604: “void LogViewModel.BumpCounts(IList items, int delta)”中的形参“items”可能传入 null 引用实参。 [D:\C#\VM\VisionMaster\VisionMaster.csproj]
D:\C#\VM\VisionMaster\ViewModels\MonitorViewModel.cs(117,61): warning CS8622: “void MonitorViewModel.OnGlobalVariablesChanged(object sender, NotifyCollectionChangedEventArgs e)”的参数“sender”类型中引用类型的为 Null 性与目标委托“NotifyCollectionChangedEventHandler”不匹配(可能是由于为 Null 性特性)。 [D:\C#\VM\VisionMaster\VisionMaster.csproj]
D:\C#\VM\VisionMaster\ViewModels\MonitorViewModel.cs(123,60): warning CS8622: “void MonitorViewModel.OnVariableRenamed(object sender, VariableRenamedEventArgs e)”的参数“sender”类型中引用类型的为 Null 性与目标委托“EventHandler<VariableRenamedEventArgs>”不匹配(可能是由于为 Null 性特性)。 [D:\C#\VM\VisionMaster\VisionMaster.csproj]
D:\C#\VM\VisionMaster\ViewModels\MonitorViewModel.cs(131,50): warning CS8622: “void MonitorViewModel.OnWorkspacePropertyChanged(object sender, PropertyChangedEventArgs e)”的参数“sender”类型中引用类型的为 Null 性与目标委托“PropertyChangedEventHandler”不匹配(可能是由于为 Null 性特性)。 [D:\C#\VM\VisionMaster\VisionMaster.csproj]
D:\C#\VM\VisionMaster\ViewModels\MonitorViewModel.cs(138,65): warning CS8622: “void MonitorViewModel.OnSessionsChanged(object sender, NotifyCollectionChangedEventArgs e)”的参数“sender”类型中引用类型的为 Null 性与目标委托“NotifyCollectionChangedEventHandler”不匹配(可能是由于为 Null 性特性)。 [D:\C#\VM\VisionMaster\VisionMaster.csproj]
D:\C#\VM\VisionMaster\ViewModels\LogViewModel.cs(145,16): warning CS8603: 可能返回 null 引用。 [D:\C#\VM\VisionMaster\VisionMaster.csproj]
D:\C#\VM\VisionMaster\ViewModels\DialogViewModels\GlobalVariableViewModelBase.cs(29,61): warning CS8622: “void GlobalVariableViewModelBase.OnGlobalVariablesCollectionChanged(object sender, NotifyCollectionChangedEventArgs e)”的参数“sender”类型中引用类型的为 Null 性与目标委托“NotifyCollectionChangedEventHandler”不匹配(可能是由于为 Null 性特性)。 [D:\C#\VM\VisionMaster\VisionMaster.csproj]
D:\C#\VM\VisionMaster\ViewModels\MonitorViewModel.cs(184,64): warning CS8622: “void MonitorViewModel.OnWatchItemsChanged(object sender, NotifyCollectionChangedEventArgs e)”的参数“sender”类型中引用类型的为 Null 性与目标委托“NotifyCollectionChangedEventHandler”不匹配(可能是由于为 Null 性特性)。 [D:\C#\VM\VisionMaster\VisionMaster.csproj]
D:\C#\VM\VisionMaster\ViewModels\MonitorViewModel.cs(185,45): warning CS8625: 无法将 null 字面量转换为非 null 的引用类型。 [D:\C#\VM\VisionMaster\VisionMaster.csproj]
D:\C#\VM\VisionMaster\ViewModels\MonitorViewModel.cs(196,60): warning CS8622: “void MonitorViewModel.OnWatchItemsChanged(object sender, NotifyCollectionChangedEventArgs e)”的参数“sender”类型中引用类型的为 Null 性与目标委托“NotifyCollectionChangedEventHandler”不匹配(可能是由于为 Null 性特性)。 [D:\C#\VM\VisionMaster\VisionMaster.csproj]
D:\C#\VM\VisionMaster\ViewModels\MonitorViewModel.cs(198,56): warning CS8622: “void MonitorViewModel.OnWatchItemsChanged(object sender, NotifyCollectionChangedEventArgs e)”的参数“sender”类型中引用类型的为 Null 性与目标委托“NotifyCollectionChangedEventHandler”不匹配(可能是由于为 Null 性特性)。 [D:\C#\VM\VisionMaster\VisionMaster.csproj]
D:\C#\VM\VisionMaster\ViewModels\ProcessViewModel.cs(94,34): warning CS8625: 无法将 null 字面量转换为非 null 的引用类型。 [D:\C#\VM\VisionMaster\VisionMaster.csproj]
D:\C#\VM\VisionMaster\ViewModels\ProcessViewModel.cs(99,44): warning CS8601: 可能的 null 引用赋值。 [D:\C#\VM\VisionMaster\VisionMaster.csproj]
D:\C#\VM\VisionMaster\ViewModels\ProcessViewModel.cs(108,42): warning CS8604: “void IWorkspaceManager.SwitchStep(StepModel step)”中的形参“step”可能传入 null 引用实参。 [D:\C#\VM\VisionMaster\VisionMaster.csproj]
D:\C#\VM\VisionMaster\ViewModels\ProcessViewModel.cs(138,16): warning CS9264: 在退出构造函数时，不可为 null 的 属性 'SelectStep' 必须包含非 null 值。请考虑添加“required”修饰符，或将 属性 声明为可为 null，或安全地处理“get”访问器中“field”为 null 的情况。 [D:\C#\VM\VisionMaster\VisionMaster.csproj]
D:\C#\VM\VisionMaster\ViewModels\ProcessViewModel.cs(180,54): warning CS8622: “void ProcessViewModel.OnWorkspacePropertyChanged(object sender, PropertyChangedEventArgs e)”的参数“sender”类型中引用类型的为 Null 性与目标委托“PropertyChangedEventHandler”不匹配(可能是由于为 Null 性特性)。 [D:\C#\VM\VisionMaster\VisionMaster.csproj]
D:\C#\VM\VisionMaster\ViewModels\ProcessViewModel.cs(200,54): warning CS8622: “void ProcessViewModel.OnWorkspacePropertyChanged(object sender, PropertyChangedEventArgs e)”的参数“sender”类型中引用类型的为 Null 性与目标委托“PropertyChangedEventHandler”不匹配(可能是由于为 Null 性特性)。 [D:\C#\VM\VisionMaster\VisionMaster.csproj]
D:\C#\VM\VisionMaster\ViewModels\ProcessViewModel.cs(206,33): warning CS8604: “void ProcessViewModel.TickRunningTimes(IEnumerable<StepModel> steps)”中的形参“steps”可能传入 null 引用实参。 [D:\C#\VM\VisionMaster\VisionMaster.csproj]
D:\C#\VM\VisionMaster\ViewModels\DialogViewModels\GlobalVariableViewModelBase.cs(191,65): warning CS8622: “void GlobalVariableViewModelBase.OnGlobalVariablesCollectionChanged(object sender, NotifyCollectionChangedEventArgs e)”的参数“sender”类型中引用类型的为 Null 性与目标委托“NotifyCollectionChangedEventHandler”不匹配(可能是由于为 Null 性特性)。 [D:\C#\VM\VisionMaster\VisionMaster.csproj]
D:\C#\VM\VisionMaster\ViewModels\ProcessViewModel.cs(268,41): warning CS8604: “void ParametersBase.Add(string key, object value)”中的形参“value”可能传入 null 引用实参。 [D:\C#\VM\VisionMaster\VisionMaster.csproj]
D:\C#\VM\VisionMaster\ViewModels\DialogViewModels\VariableBindingViewModel.cs(260,33): warning CS8601: 可能的 null 引用赋值。 [D:\C#\VM\VisionMaster\VisionMaster.csproj]
D:\C#\VM\VisionMaster\ViewModels\ProcessViewModel.cs(372,52): warning CS8625: 无法将 null 字面量转换为非 null 的引用类型。 [D:\C#\VM\VisionMaster\VisionMaster.csproj]
D:\C#\VM\VisionMaster\ViewModels\DialogViewModels\ConditionEditorViewModel .cs(162,31): warning CS8625: 无法将 null 字面量转换为非 null 的引用类型。 [D:\C#\VM\VisionMaster\VisionMaster.csproj]
D:\C#\VM\VisionMaster\ViewModels\DialogViewModels\ConditionEditorViewModel .cs(171,68): warning CS8601: 可能的 null 引用赋值。 [D:\C#\VM\VisionMaster\VisionMaster.csproj]
D:\C#\VM\VisionMaster\ViewModels\DialogViewModels\ConditionEditorViewModel .cs(172,39): warning CS8601: 可能的 null 引用赋值。 [D:\C#\VM\VisionMaster\VisionMaster.csproj]
D:\C#\VM\VisionMaster\ViewModels\DialogViewModels\ConditionEditorViewModel .cs(222,44): warning CS8600: 将 null 文本或可能的 null 值转换为不可为 null 类型。 [D:\C#\VM\VisionMaster\VisionMaster.csproj]
D:\C#\VM\VisionMaster\ViewModels\DialogViewModels\ConditionEditorViewModel .cs(228,30): warning CS8601: 可能的 null 引用赋值。 [D:\C#\VM\VisionMaster\VisionMaster.csproj]
D:\C#\VM\VisionMaster\ViewModels\DialogViewModels\ConditionEditorViewModel .cs(232,16): warning CS9264: 在退出构造函数时，不可为 null 的 属性 'Branches' 必须包含非 null 值。请考虑添加“required”修饰符，或将 属性 声明为可为 null，或安全地处理“get”访问器中“field”为 null 的情况。 [D:\C#\VM\VisionMaster\VisionMaster.csproj]
D:\C#\VM\VisionMaster\ViewModels\DialogViewModels\ConditionEditorViewModel .cs(232,16): warning CS9264: 在退出构造函数时，不可为 null 的 属性 'SelectedBranch' 必须包含非 null 值。请考虑添加“required”修饰符，或将 属性 声明为可为 null，或安全地处理“get”访问器中“field”为 null 的情况。 [D:\C#\VM\VisionMaster\VisionMaster.csproj]
D:\C#\VM\VisionMaster\ViewModels\DialogViewModels\ConditionEditorViewModel .cs(232,16): warning CS9264: 在退出构造函数时，不可为 null 的 属性 'JudgeExpressionDraft' 必须包含非 null 值。请考虑添加“required”修饰符，或将 属性 声明为可为 null，或安全地处理“get”访问器中“field”为 null 的情况。 [D:\C#\VM\VisionMaster\VisionMaster.csproj]
D:\C#\VM\VisionMaster\ViewModels\DialogViewModels\ConditionEditorViewModel .cs(232,16): warning CS9264: 在退出构造函数时，不可为 null 的 属性 'LoopCountSourceText' 必须包含非 null 值。请考虑添加“required”修饰符，或将 属性 声明为可为 null，或安全地处理“get”访问器中“field”为 null 的情况。 [D:\C#\VM\VisionMaster\VisionMaster.csproj]
D:\C#\VM\VisionMaster\ViewModels\MonitorViewModel.cs(320,173): warning CS8625: 无法将 null 字面量转换为非 null 的引用类型。 [D:\C#\VM\VisionMaster\VisionMaster.csproj]
D:\C#\VM\VisionMaster\ViewModels\FlowListViewModel.cs(149,48): warning CS8604: “int Collection<FlowModel>.IndexOf(FlowModel item)”中的形参“item”可能传入 null 引用实参。 [D:\C#\VM\VisionMaster\VisionMaster.csproj]
D:\C#\VM\VisionMaster\ViewModels\FlowListViewModel.cs(153,52): warning CS8604: “bool MandatoryFlows.IsMandatory(FlowModel flow)”中的形参“flow”可能传入 null 引用实参。 [D:\C#\VM\VisionMaster\VisionMaster.csproj]
D:\C#\VM\VisionMaster\ViewModels\FlowListViewModel.cs(171,25): warning CS8602: 解引用可能出现空引用。 [D:\C#\VM\VisionMaster\VisionMaster.csproj]
D:\C#\VM\VisionMaster\ViewModels\FlowListViewModel.cs(206,79): warning CS8602: 解引用可能出现空引用。 [D:\C#\VM\VisionMaster\VisionMaster.csproj]
D:\C#\VM\VisionMaster\ViewModels\FlowListViewModel.cs(268,28): warning CS1998: This async method lacks 'await' operators and will run synchronously. Consider using the 'await' operator to await non-blocking API calls, or 'await Task.Run(...)' to do CPU-bound work on a background thread. [D:\C#\VM\VisionMaster\VisionMaster.csproj]
D:\C#\VM\VisionMaster\ViewModels\ProcessViewModel.cs(657,24): warning CS8603: 可能返回 null 引用。 [D:\C#\VM\VisionMaster\VisionMaster.csproj]
D:\C#\VM\VisionMaster\ViewModels\ProcessViewModel.cs(668,32): warning CS8603: 可能返回 null 引用。 [D:\C#\VM\VisionMaster\VisionMaster.csproj]
D:\C#\VM\VisionMaster\ViewModels\ProcessViewModel.cs(676,20): warning CS8603: 可能返回 null 引用。 [D:\C#\VM\VisionMaster\VisionMaster.csproj]
D:\C#\VM\VisionMaster\ViewModels\DialogViewModels\ConditionEditorViewModel .cs(307,35): warning CS8625: 无法将 null 字面量转换为非 null 的引用类型。 [D:\C#\VM\VisionMaster\VisionMaster.csproj]
D:\C#\VM\VisionMaster\ViewModels\DialogViewModels\ConditionEditorViewModel .cs(308,35): warning CS8625: 无法将 null 字面量转换为非 null 的引用类型。 [D:\C#\VM\VisionMaster\VisionMaster.csproj]
D:\C#\VM\VisionMaster\ViewModels\MonitorViewModel.cs(538,78): warning CS8625: 无法将 null 字面量转换为非 null 的引用类型。 [D:\C#\VM\VisionMaster\VisionMaster.csproj]
D:\C#\VM\VisionMaster\ViewModels\MonitorViewModel.cs(551,69): warning CS8625: 无法将 null 字面量转换为非 null 的引用类型。 [D:\C#\VM\VisionMaster\VisionMaster.csproj]
D:\C#\VM\VisionMaster\ViewModels\MonitorViewModel.cs(577,107): warning CS8625: 无法将 null 字面量转换为非 null 的引用类型。 [D:\C#\VM\VisionMaster\VisionMaster.csproj]
D:\C#\VM\VisionMaster\ViewModels\ProcessViewModel.cs(779,32): warning CS8600: 将 null 文本或可能的 null 值转换为不可为 null 类型。 [D:\C#\VM\VisionMaster\VisionMaster.csproj]
D:\C#\VM\VisionMaster\ViewModels\ProcessViewModel.cs(840,36): warning CS8600: 将 null 文本或可能的 null 值转换为不可为 null 类型。 [D:\C#\VM\VisionMaster\VisionMaster.csproj]
D:\C#\VM\VisionMaster\ViewModels\DialogViewModels\MotionBoardViewModel.cs(155,51): warning CS8600: 将 null 文本或可能的 null 值转换为不可为 null 类型。 [D:\C#\VM\VisionMaster\VisionMaster.csproj]
D:\C#\VM\VisionMaster\ViewModels\DialogViewModels\VariableBindingViewModel.cs(538,62): warning CS8604: “InputPortUIModel.InputPortUIModel(PortDefinition schema, string linkedAddress)”中的形参“linkedAddress”可能传入 null 引用实参。 [D:\C#\VM\VisionMaster\VisionMaster.csproj]
D:\C#\VM\VisionMaster\ViewModels\DialogViewModels\PluginConfigShellViewModel.cs(98,29): warning CS8625: 无法将 null 字面量转换为非 null 的引用类型。 [D:\C#\VM\VisionMaster\VisionMaster.csproj]
D:\C#\VM\VisionMaster\ViewModels\DialogViewModels\PluginConfigShellViewModel.cs(113,27): warning CS8625: 无法将 null 字面量转换为非 null 的引用类型。 [D:\C#\VM\VisionMaster\VisionMaster.csproj]
D:\C#\VM\VisionMaster\ViewModels\DialogViewModels\PluginConfigShellViewModel.cs(114,31): warning CS8625: 无法将 null 字面量转换为非 null 的引用类型。 [D:\C#\VM\VisionMaster\VisionMaster.csproj]
D:\C#\VM\VisionMaster\ViewModels\DialogViewModels\PluginConfigShellViewModel.cs(115,37): warning CS8625: 无法将 null 字面量转换为非 null 的引用类型。 [D:\C#\VM\VisionMaster\VisionMaster.csproj]
D:\C#\VM\VisionMaster\ViewModels\DialogViewModels\PluginConfigShellViewModel.cs(120,28): warning CS8625: 无法将 null 字面量转换为非 null 的引用类型。 [D:\C#\VM\VisionMaster\VisionMaster.csproj]
D:\C#\VM\VisionMaster\ViewModels\DialogViewModels\VariableBindingViewModel.cs(604,17): warning CS8601: 可能的 null 引用赋值。 [D:\C#\VM\VisionMaster\VisionMaster.csproj]
D:\C#\VM\VisionMaster\ViewModels\DialogViewModels\VariableBindingViewModel.cs(610,23): warning CS8604: “void VariableBindingViewModel.BuildTree(IDialogParameters parameters = null)”中的形参“parameters”可能传入 null 引用实参。 [D:\C#\VM\VisionMaster\VisionMaster.csproj]
D:\C#\VM\VisionMaster\ViewModels\DialogViewModels\ConditionEditorViewModel .cs(358,32): warning CS8600: 将 null 文本或可能的 null 值转换为不可为 null 类型。 [D:\C#\VM\VisionMaster\VisionMaster.csproj]
D:\C#\VM\VisionMaster\ViewModels\DialogViewModels\ConditionEditorViewModel .cs(459,32): warning CS8600: 将 null 文本或可能的 null 值转换为不可为 null 类型。 [D:\C#\VM\VisionMaster\VisionMaster.csproj]
D:\C#\VM\VisionMaster\ViewModels\DialogViewModels\PluginConfigShellViewModel.cs(129,76): warning CS8600: 将 null 文本或可能的 null 值转换为不可为 null 类型。 [D:\C#\VM\VisionMaster\VisionMaster.csproj]
D:\C#\VM\VisionMaster\ViewModels\DialogViewModels\PluginConfigShellViewModel.cs(136,31): warning CS8601: 可能的 null 引用赋值。 [D:\C#\VM\VisionMaster\VisionMaster.csproj]
D:\C#\VM\VisionMaster\ViewModels\DialogViewModels\ConditionEditorViewModel .cs(492,32): warning CS8600: 将 null 文本或可能的 null 值转换为不可为 null 类型。 [D:\C#\VM\VisionMaster\VisionMaster.csproj]
D:\C#\VM\VisionMaster\ViewModels\DialogViewModels\ConditionEditorViewModel .cs(493,30): warning CS8600: 将 null 文本或可能的 null 值转换为不可为 null 类型。 [D:\C#\VM\VisionMaster\VisionMaster.csproj]
D:\C#\VM\VisionMaster\ViewModels\DialogViewModels\ConditionEditorViewModel .cs(526,29): warning CS8600: 将 null 文本或可能的 null 值转换为不可为 null 类型。 [D:\C#\VM\VisionMaster\VisionMaster.csproj]
D:\C#\VM\VisionMaster\ViewModels\DialogViewModels\PluginConfigShellViewModel.cs(328,29): warning CS8625: 无法将 null 字面量转换为非 null 的引用类型。 [D:\C#\VM\VisionMaster\VisionMaster.csproj]
D:\C#\VM\VisionMaster\ViewModels\DialogViewModels\PluginConfigShellViewModel.cs(350,46): warning CS8600: 将 null 文本或可能的 null 值转换为不可为 null 类型。 [D:\C#\VM\VisionMaster\VisionMaster.csproj]
D:\C#\VM\VisionMaster\ViewModels\DialogViewModels\PluginConfigShellViewModel.cs(351,39): warning CS8600: 将 null 文本或可能的 null 值转换为不可为 null 类型。 [D:\C#\VM\VisionMaster\VisionMaster.csproj]
D:\C#\VM\VisionMaster\ViewModels\DialogViewModels\PluginConfigShellViewModel.cs(352,35): warning CS8600: 将 null 文本或可能的 null 值转换为不可为 null 类型。 [D:\C#\VM\VisionMaster\VisionMaster.csproj]
D:\C#\VM\VisionMaster\ViewModels\DialogViewModels\PluginConfigShellViewModel.cs(376,69): warning CS8604: “void PluginConfigShellViewModel.CompleteExecute(int runId, PluginExecuteResult result, FlowSession session, bool cancelled, Exception error)”中的形参“result”可能传入 null 引用实参。 [D:\C#\VM\VisionMaster\VisionMaster.csproj]
D:\C#\VM\VisionMaster\ViewModels\DialogViewModels\PluginConfigShellViewModel.cs(376,77): warning CS8604: “void PluginConfigShellViewModel.CompleteExecute(int runId, PluginExecuteResult result, FlowSession session, bool cancelled, Exception error)”中的形参“session”可能传入 null 引用实参。 [D:\C#\VM\VisionMaster\VisionMaster.csproj]
D:\C#\VM\VisionMaster\ViewModels\DialogViewModels\PluginConfigShellViewModel.cs(376,97): warning CS8604: “void PluginConfigShellViewModel.CompleteExecute(int runId, PluginExecuteResult result, FlowSession session, bool cancelled, Exception error)”中的形参“error”可能传入 null 引用实参。 [D:\C#\VM\VisionMaster\VisionMaster.csproj]
D:\C#\VM\VisionMaster\ViewModels\DialogViewModels\MotionBoardDebugTabViewModel.cs(504,72): warning CS8604: “void MotionDebugAxisRow.Update(AxisStatus? status, bool mapEnabled, bool deviceOnline, bool deviceHomed, string modeText)”中的形参“modeText”可能传入 null 引用实参。 [D:\C#\VM\VisionMaster\VisionMaster.csproj]
D:\C#\VM\VisionMaster\ViewModels\DialogViewModels\GlobalVariableManagerViewModel.cs(528,16): warning CS9264: 在退出构造函数时，不可为 null 的 属性 'NewVarName' 必须包含非 null 值。请考虑添加“required”修饰符，或将 属性 声明为可为 null，或安全地处理“get”访问器中“field”为 null 的情况。 [D:\C#\VM\VisionMaster\VisionMaster.csproj]
D:\C#\VM\VisionMaster\ViewModels\DialogViewModels\GlobalVariableManagerViewModel.cs(528,16): warning CS9264: 在退出构造函数时，不可为 null 的 属性 'NewVarDescription' 必须包含非 null 值。请考虑添加“required”修饰符，或将 属性 声明为可为 null，或安全地处理“get”访问器中“field”为 null 的情况。 [D:\C#\VM\VisionMaster\VisionMaster.csproj]
D:\C#\VM\VisionMaster\ViewModels\DialogViewModels\GlobalVariableManagerViewModel.cs(596,28): warning CS8601: 可能的 null 引用赋值。 [D:\C#\VM\VisionMaster\VisionMaster.csproj]
D:\C#\VM\VisionMaster\ViewModels\DialogViewModels\GlobalVariableManagerViewModel.cs(598,37): warning CS8601: 可能的 null 引用赋值。 [D:\C#\VM\VisionMaster\VisionMaster.csproj]
D:\C#\VM\VisionMaster\ViewModels\DialogViewModels\SolutionListViewModel.cs(215,32): warning CS8601: 可能的 null 引用赋值。 [D:\C#\VM\VisionMaster\VisionMaster.csproj]
D:\C#\VM\VisionMaster\ViewModels\DialogViewModels\GlobalVariableManagerViewModel.cs(671,36): warning CS8601: 可能的 null 引用赋值。 [D:\C#\VM\VisionMaster\VisionMaster.csproj]
D:\C#\VM\VisionMaster\ViewModels\DialogViewModels\GlobalVariableManagerViewModel.cs(672,36): warning CS8601: 可能的 null 引用赋值。 [D:\C#\VM\VisionMaster\VisionMaster.csproj]
D:\C#\VM\VisionMaster\ViewModels\DialogViewModels\GlobalVariableManagerViewModel.cs(674,29): warning CS8601: 可能的 null 引用赋值。 [D:\C#\VM\VisionMaster\VisionMaster.csproj]
D:\C#\VM\VisionMaster\ViewModels\DialogViewModels\GlobalVariableManagerViewModel.cs(676,29): warning CS8601: 可能的 null 引用赋值。 [D:\C#\VM\VisionMaster\VisionMaster.csproj]
D:\C#\VM\VisionMaster\ViewModels\DialogViewModels\GlobalVariableManagerViewModel.cs(701,38): warning CS8622: “void GlobalVariableManagerViewModel.OnVariableValueChanged(object sender, EventArgs e)”的参数“sender”类型中引用类型的为 Null 性与目标委托“EventHandler”不匹配(可能是由于为 Null 性特性)。 [D:\C#\VM\VisionMaster\VisionMaster.csproj]
D:\C#\VM\VisionMaster\ViewModels\DialogViewModels\GlobalVariableManagerViewModel.cs(707,38): warning CS8622: “void GlobalVariableManagerViewModel.OnVariableValueChanged(object sender, EventArgs e)”的参数“sender”类型中引用类型的为 Null 性与目标委托“EventHandler”不匹配(可能是由于为 Null 性特性)。 [D:\C#\VM\VisionMaster\VisionMaster.csproj]
D:\C#\VM\VisionMaster\ViewModels\DialogViewModels\GlobalVariableManagerViewModel.cs(752,40): warning CS8604: “Array Array.CreateInstance(Type elementType, int length)”中的形参“elementType”可能传入 null 引用实参。 [D:\C#\VM\VisionMaster\VisionMaster.csproj]
D:\C#\VM\VisionMaster\ViewModels\DialogViewModels\GlobalVariableManagerViewModel.cs(751,32): warning CS8600: 将 null 文本或可能的 null 值转换为不可为 null 类型。 [D:\C#\VM\VisionMaster\VisionMaster.csproj]
D:\C#\VM\VisionMaster\ViewModels\DialogViewModels\GlobalVariableManagerViewModel.cs(966,25): warning CS8604: “void DialogArrayEditor.Load(IEnumerable<string?> values)”中的形参“values”可能传入 null 引用实参。 [D:\C#\VM\VisionMaster\VisionMaster.csproj]
D:\C#\VM\VisionMaster\ViewModels\DialogViewModels\GlobalVariableManagerViewModel.cs(1113,40): warning CS8622: “void GlobalVariableManagerViewModel.OnVariableValueChanged(object sender, EventArgs e)”的参数“sender”类型中引用类型的为 Null 性与目标委托“EventHandler”不匹配(可能是由于为 Null 性特性)。 [D:\C#\VM\VisionMaster\VisionMaster.csproj]
D:\C#\VM\VisionMaster\ViewModels\FlowCanvasViewModel.cs(1242,74): warning CS8600: 将 null 文本或可能的 null 值转换为不可为 null 类型。 [D:\C#\VM\VisionMaster\VisionMaster.csproj]
D:\C#\VM\VisionMaster\ViewModels\FlowCanvasViewModel.cs(1278,25): warning CS8604: “CanvasLinkBinding.CanvasLinkBinding(StepModel consumer, string key, string display)”中的形参“consumer”可能传入 null 引用实参。 [D:\C#\VM\VisionMaster\VisionMaster.csproj]
D:\C#\VM\VisionMaster\ViewModels\FlowCanvasViewModel.cs(1576,41): warning CS8604: “void Action<StepModel>.Invoke(StepModel obj)”中的形参“obj”可能传入 null 引用实参。 [D:\C#\VM\VisionMaster\VisionMaster.csproj]
D:\C#\VM\VisionMaster\ShellViewModel.cs(591,29): warning CS0169: 从不使用字段“ShellViewModel._currentSession” [D:\C#\VM\VisionMaster\VisionMaster.csproj]
D:\C#\VM\Plugins\Plugin.Calibration\CalibrationPlugin.cs(466,62): warning CS8604: “bool CalibrationMath.IsUsableMatrix(double[] matrix)”中的形参“matrix”可能传入 null 引用实参。 [D:\C#\VM\Plugins\Plugin.Calibration\Plugin.Calibration_irqc5pkt_wpftmp.csproj::TargetFramework=net9.0-windows]
D:\C#\VM\Plugins\Plugin.Calibration\CalibrationPlugin.cs(1208,57): warning CS8601: 可能的 null 引用赋值。 [D:\C#\VM\Plugins\Plugin.Calibration\Plugin.Calibration_irqc5pkt_wpftmp.csproj::TargetFramework=net9.0-windows]
D:\C#\VM\Plugins\Plugin.Calibration\CalibrationPlugin.cs(1208,68): warning CS8601: 可能的 null 引用赋值。 [D:\C#\VM\Plugins\Plugin.Calibration\Plugin.Calibration_irqc5pkt_wpftmp.csproj::TargetFramework=net9.0-windows]
D:\C#\VM\Plugins\Plugin.Calibration\CalibrationPlugin.cs(1318,49): warning CS8604: “bool CalibrationMath.IsUsableMatrix(double[] matrix)”中的形参“matrix”可能传入 null 引用实参。 [D:\C#\VM\Plugins\Plugin.Calibration\Plugin.Calibration_irqc5pkt_wpftmp.csproj::TargetFramework=net9.0-windows]
D:\C#\VM\Plugins\Plugin.Calibration\CalibrationPlugin.cs(466,62): warning CS8604: “bool CalibrationMath.IsUsableMatrix(double[] matrix)”中的形参“matrix”可能传入 null 引用实参。 [D:\C#\VM\Plugins\Plugin.Calibration\Plugin.Calibration.csproj::TargetFramework=net9.0-windows]
D:\C#\VM\Plugins\Plugin.Calibration\CalibrationPlugin.cs(1208,57): warning CS8601: 可能的 null 引用赋值。 [D:\C#\VM\Plugins\Plugin.Calibration\Plugin.Calibration.csproj::TargetFramework=net9.0-windows]
D:\C#\VM\Plugins\Plugin.Calibration\CalibrationPlugin.cs(1208,68): warning CS8601: 可能的 null 引用赋值。 [D:\C#\VM\Plugins\Plugin.Calibration\Plugin.Calibration.csproj::TargetFramework=net9.0-windows]
D:\C#\VM\Plugins\Plugin.Calibration\CalibrationPlugin.cs(1318,49): warning CS8604: “bool CalibrationMath.IsUsableMatrix(double[] matrix)”中的形参“matrix”可能传入 null 引用实参。 [D:\C#\VM\Plugins\Plugin.Calibration\Plugin.Calibration.csproj::TargetFramework=net9.0-windows]
D:\C#\VM\UIThemeSmokeTest\Program.cs(615,49): warning CS8632: 只能在 "#nullable" 注释上下文内的代码中使用可为 null 的引用类型的注释。 [D:\C#\VM\UIThemeSmokeTest\UIThemeSmokeTest_awfmr513_wpftmp.csproj]
D:\C#\VM\UIThemeSmokeTest\Program.cs(1142,40): warning CS8632: 只能在 "#nullable" 注释上下文内的代码中使用可为 null 的引用类型的注释。 [D:\C#\VM\UIThemeSmokeTest\UIThemeSmokeTest_awfmr513_wpftmp.csproj]
D:\C#\VM\UIThemeSmokeTest\Program.cs(1743,25): warning CS8632: 只能在 "#nullable" 注释上下文内的代码中使用可为 null 的引用类型的注释。 [D:\C#\VM\UIThemeSmokeTest\UIThemeSmokeTest_awfmr513_wpftmp.csproj]
D:\C#\VM\UIThemeSmokeTest\Program.cs(1046,28): warning CS8632: 只能在 "#nullable" 注释上下文内的代码中使用可为 null 的引用类型的注释。 [D:\C#\VM\UIThemeSmokeTest\UIThemeSmokeTest_awfmr513_wpftmp.csproj]
D:\C#\VM\UIThemeSmokeTest\Program.cs(1046,78): warning CS8632: 只能在 "#nullable" 注释上下文内的代码中使用可为 null 的引用类型的注释。 [D:\C#\VM\UIThemeSmokeTest\UIThemeSmokeTest_awfmr513_wpftmp.csproj]
D:\C#\VM\UIThemeSmokeTest\Program.cs(1091,49): warning CS8632: 只能在 "#nullable" 注释上下文内的代码中使用可为 null 的引用类型的注释。 [D:\C#\VM\UIThemeSmokeTest\UIThemeSmokeTest_awfmr513_wpftmp.csproj]
D:\C#\VM\UIThemeSmokeTest\Program.cs(615,49): warning CS8632: 只能在 "#nullable" 注释上下文内的代码中使用可为 null 的引用类型的注释。 [D:\C#\VM\UIThemeSmokeTest\UIThemeSmokeTest.csproj]
D:\C#\VM\UIThemeSmokeTest\Program.cs(1142,40): warning CS8632: 只能在 "#nullable" 注释上下文内的代码中使用可为 null 的引用类型的注释。 [D:\C#\VM\UIThemeSmokeTest\UIThemeSmokeTest.csproj]
D:\C#\VM\UIThemeSmokeTest\Program.cs(1743,25): warning CS8632: 只能在 "#nullable" 注释上下文内的代码中使用可为 null 的引用类型的注释。 [D:\C#\VM\UIThemeSmokeTest\UIThemeSmokeTest.csproj]
D:\C#\VM\UIThemeSmokeTest\Program.cs(1046,28): warning CS8632: 只能在 "#nullable" 注释上下文内的代码中使用可为 null 的引用类型的注释。 [D:\C#\VM\UIThemeSmokeTest\UIThemeSmokeTest.csproj]
D:\C#\VM\UIThemeSmokeTest\Program.cs(1046,78): warning CS8632: 只能在 "#nullable" 注释上下文内的代码中使用可为 null 的引用类型的注释。 [D:\C#\VM\UIThemeSmokeTest\UIThemeSmokeTest.csproj]
D:\C#\VM\UIThemeSmokeTest\Program.cs(1091,49): warning CS8632: 只能在 "#nullable" 注释上下文内的代码中使用可为 null 的引用类型的注释。 [D:\C#\VM\UIThemeSmokeTest\UIThemeSmokeTest.csproj]

已成功生成。

C:\Program Files\dotnet\sdk\9.0.318\Microsoft.Common.CurrentVersion.targets(2433,5): warning MSB3245: 未能解析此引用。未能找到程序集“System.Resources.Extensions”。请检查磁盘上是否存在该程序集。 如果您的代码需要此引用，则可能出现编译错误。 [D:\C#\VM\DLL\HslCommunication\HslCommunication.csproj]
D:\C#\VM\Shard\Core.Interfaces\Core\ObservableObject.cs(13,50): warning CS8612: “event PropertyChangedEventHandler ObservableObject.PropertyChanged”的类型中引用类型的为 Null 性与隐式实现的成员“event PropertyChangedEventHandler? INotifyPropertyChanged.PropertyChanged”不匹配。 [D:\C#\VM\Shard\Core.Interfaces\Core.Interfaces.csproj]
D:\C#\VM\Shard\Core.Interfaces\Core\ObservableObject.cs(19,91): warning CS8625: 无法将 null 字面量转换为非 null 的引用类型。 [D:\C#\VM\Shard\Core.Interfaces\Core.Interfaces.csproj]
D:\C#\VM\Shard\Core.Interfaces\Core\ObservableObject.cs(33,112): warning CS8625: 无法将 null 字面量转换为非 null 的引用类型。 [D:\C#\VM\Shard\Core.Interfaces\Core.Interfaces.csproj]
D:\C#\VM\Shard\Core.Interfaces\DataPort\OutputPort.cs(137,41): warning CS8625: 无法将 null 字面量转换为非 null 的引用类型。 [D:\C#\VM\Shard\Core.Interfaces\Core.Interfaces.csproj]
D:\C#\VM\Shard\Core.Interfaces\DataPort\Port.cs(86,51): warning CS8601: 可能的 null 引用赋值。 [D:\C#\VM\Shard\Core.Interfaces\Core.Interfaces.csproj]
D:\C#\VM\Shard\Core.Interfaces\DataPort\InputPort.cs(182,40): warning CS8625: 无法将 null 字面量转换为非 null 的引用类型。 [D:\C#\VM\Shard\Core.Interfaces\Core.Interfaces.csproj]
D:\C#\VM\Shard\Core.Interfaces\DataPort\InputPort.cs(182,63): warning CS8601: 可能的 null 引用赋值。 [D:\C#\VM\Shard\Core.Interfaces\Core.Interfaces.csproj]
D:\C#\VM\Shard\Core.Interfaces\ObservableObject.cs(15,50): warning CS8612: “event PropertyChangedEventHandler ObservableObject.PropertyChanged”的类型中引用类型的为 Null 性与隐式实现的成员“event PropertyChangedEventHandler? INotifyPropertyChanged.PropertyChanged”不匹配。 [D:\C#\VM\Shard\Core.Interfaces\Core.Interfaces.csproj]
D:\C#\VM\Shard\Core.Interfaces\ObservableObject.cs(21,91): warning CS8625: 无法将 null 字面量转换为非 null 的引用类型。 [D:\C#\VM\Shard\Core.Interfaces\Core.Interfaces.csproj]
D:\C#\VM\Shard\Core.Interfaces\ObservableObject.cs(34,112): warning CS8625: 无法将 null 字面量转换为非 null 的引用类型。 [D:\C#\VM\Shard\Core.Interfaces\Core.Interfaces.csproj]
D:\C#\VM\Shard\Core.Interfaces\DataPort\InputPort.cs(98,20): warning CS8603: 可能返回 null 引用。 [D:\C#\VM\Shard\Core.Interfaces\Core.Interfaces.csproj]
D:\C#\VM\Shard\Core.Interfaces\VisionPluginBase.cs(165,30): warning CS8625: 无法将 null 字面量转换为非 null 的引用类型。 [D:\C#\VM\Shard\Core.Interfaces\Core.Interfaces.csproj]
D:\C#\VM\Shard\Core.Interfaces\DataPort\OutputPort.cs(64,20): warning CS8603: 可能返回 null 引用。 [D:\C#\VM\Shard\Core.Interfaces\Core.Interfaces.csproj]
D:\C#\VM\Shard\Core.Interfaces\Core\ObservableObject.cs(69,39): warning CS8604: “bool ObservableObject.ArraysAreEqual(Array array1, Array array2)”中的形参“array1”可能传入 null 引用实参。 [D:\C#\VM\Shard\Core.Interfaces\Core.Interfaces.csproj]
D:\C#\VM\Shard\Core.Interfaces\Core\ObservableObject.cs(69,58): warning CS8604: “bool ObservableObject.ArraysAreEqual(Array array1, Array array2)”中的形参“array2”可能传入 null 引用实参。 [D:\C#\VM\Shard\Core.Interfaces\Core.Interfaces.csproj]
D:\C#\VM\Shard\Core.Interfaces\DataPort\Port.cs(58,20): warning CS8603: 可能返回 null 引用。 [D:\C#\VM\Shard\Core.Interfaces\Core.Interfaces.csproj]
D:\C#\VM\Shard\Core.Interfaces\DataPort\InputPort.cs(105,32): warning CS8600: 将 null 文本或可能的 null 值转换为不可为 null 类型。 [D:\C#\VM\Shard\Core.Interfaces\Core.Interfaces.csproj]
D:\C#\VM\Shard\Core.Interfaces\DataPort\InputPort.cs(118,37): warning CS8601: 可能的 null 引用赋值。 [D:\C#\VM\Shard\Core.Interfaces\Core.Interfaces.csproj]
D:\C#\VM\Shard\Core.Interfaces\Core\ObservableObject.cs(107,31): warning CS8600: 将 null 文本或可能的 null 值转换为不可为 null 类型。 [D:\C#\VM\Shard\Core.Interfaces\Core.Interfaces.csproj]
D:\C#\VM\Shard\Core.Interfaces\Core\ObservableObject.cs(108,31): warning CS8600: 将 null 文本或可能的 null 值转换为不可为 null 类型。 [D:\C#\VM\Shard\Core.Interfaces\Core.Interfaces.csproj]
D:\C#\VM\Shard\Core.Interfaces\DataPort\PortExtensions.cs(31,30): warning CS8601: 可能的 null 引用赋值。 [D:\C#\VM\Shard\Core.Interfaces\Core.Interfaces.csproj]
D:\C#\VM\Shard\Core.Interfaces\DataPort\InputPort.cs(144,51): warning CS8622: “void InputPort<T>.UpstreamValueChanged(object sender, EventArgs e)”的参数“sender”类型中引用类型的为 Null 性与目标委托“EventHandler”不匹配(可能是由于为 Null 性特性)。 [D:\C#\VM\Shard\Core.Interfaces\Core.Interfaces.csproj]
D:\C#\VM\Shard\Core.Interfaces\DataPort\InputPort.cs(148,33): warning CS8601: 可能的 null 引用赋值。 [D:\C#\VM\Shard\Core.Interfaces\Core.Interfaces.csproj]
D:\C#\VM\Shard\Core.Interfaces\DataPort\InputPort.cs(153,51): warning CS8622: “void InputPort<T>.UpstreamValueChanged(object sender, EventArgs e)”的参数“sender”类型中引用类型的为 Null 性与目标委托“EventHandler”不匹配(可能是由于为 Null 性特性)。 [D:\C#\VM\Shard\Core.Interfaces\Core.Interfaces.csproj]
D:\C#\VM\Shard\Core.Interfaces\DataPort\InputPort.cs(158,42): warning CS8601: 可能的 null 引用赋值。 [D:\C#\VM\Shard\Core.Interfaces\Core.Interfaces.csproj]
D:\C#\VM\Shard\Core.Interfaces\DataPort\InputPort.cs(196,20): warning CS8603: 可能返回 null 引用。 [D:\C#\VM\Shard\Core.Interfaces\Core.Interfaces.csproj]
D:\C#\VM\Shard\Core.Interfaces\ImageHub\ImageHub.cs(89,20): warning CS8625: 无法将 null 字面量转换为非 null 的引用类型。 [D:\C#\VM\Shard\Core.Interfaces\Core.Interfaces.csproj]
D:\C#\VM\Shard\Core.Interfaces\ImageHub\ImageHub.cs(93,35): warning CS8600: 将 null 文本或可能的 null 值转换为不可为 null 类型。 [D:\C#\VM\Shard\Core.Interfaces\Core.Interfaces.csproj]
D:\C#\VM\Shard\Core.Interfaces\DataPort\InputPort.cs(233,29): warning CS8601: 可能的 null 引用赋值。 [D:\C#\VM\Shard\Core.Interfaces\Core.Interfaces.csproj]
D:\C#\VM\Shard\Core.Interfaces\VisionPluginBase.cs(223,33): warning CS8603: 可能返回 null 引用。 [D:\C#\VM\Shard\Core.Interfaces\Core.Interfaces.csproj]
D:\C#\VM\Shard\Core.Interfaces\ImageHub\ImageHub.cs(124,20): warning CS8625: 无法将 null 字面量转换为非 null 的引用类型。 [D:\C#\VM\Shard\Core.Interfaces\Core.Interfaces.csproj]
D:\C#\VM\Shard\Core.Interfaces\DataPort\OutputPort.cs(72,32): warning CS8600: 将 null 文本或可能的 null 值转换为不可为 null 类型。 [D:\C#\VM\Shard\Core.Interfaces\Core.Interfaces.csproj]
D:\C#\VM\Shard\Core.Interfaces\DataPort\OutputPort.cs(87,42): warning CS8600: 将 null 文本或可能的 null 值转换为不可为 null 类型。 [D:\C#\VM\Shard\Core.Interfaces\Core.Interfaces.csproj]
D:\C#\VM\Shard\Core.Interfaces\DataPort\OutputPort.cs(89,29): warning CS8602: 解引用可能出现空引用。 [D:\C#\VM\Shard\Core.Interfaces\Core.Interfaces.csproj]
D:\C#\VM\Shard\Core.Interfaces\DataPort\OutputPort.cs(105,37): warning CS8601: 可能的 null 引用赋值。 [D:\C#\VM\Shard\Core.Interfaces\Core.Interfaces.csproj]
D:\C#\VM\Shard\Core.Interfaces\DataPort\InputPort.cs(267,38): warning CS8601: 可能的 null 引用赋值。 [D:\C#\VM\Shard\Core.Interfaces\Core.Interfaces.csproj]
D:\C#\VM\Shard\Core.Interfaces\Camera\CameraDeviceBase.cs(155,28): warning CS8600: 将 null 文本或可能的 null 值转换为不可为 null 类型。 [D:\C#\VM\Shard\Core.Interfaces\Core.Interfaces.csproj]
D:\C#\VM\Shard\Core.Interfaces\DataPort\InputPort.cs(298,24): warning CS8603: 可能返回 null 引用。 [D:\C#\VM\Shard\Core.Interfaces\Core.Interfaces.csproj]
D:\C#\VM\Shard\Core.Interfaces\DataPort\InputPort.cs(304,56): warning CS8604: “object ValueConverter.Convert(object rawValue, Type targetType)”中的形参“targetType”可能传入 null 引用实参。 [D:\C#\VM\Shard\Core.Interfaces\Core.Interfaces.csproj]
D:\C#\VM\Shard\Core.Interfaces\Camera\CameraDeviceBase.cs(235,28): warning CS8600: 将 null 文本或可能的 null 值转换为不可为 null 类型。 [D:\C#\VM\Shard\Core.Interfaces\Core.Interfaces.csproj]
D:\C#\VM\Shard\Core.Interfaces\VisionPluginBase.cs(308,39): warning CS8603: 可能返回 null 引用。 [D:\C#\VM\Shard\Core.Interfaces\Core.Interfaces.csproj]
D:\C#\VM\Shard\Core.Interfaces\VisionPluginBase.cs(314,24): warning CS8603: 可能返回 null 引用。 [D:\C#\VM\Shard\Core.Interfaces\Core.Interfaces.csproj]
D:\C#\VM\Shard\Core.Interfaces\VisionPluginBase.cs(340,37): warning CS8600: 将 null 文本或可能的 null 值转换为不可为 null 类型。 [D:\C#\VM\Shard\Core.Interfaces\Core.Interfaces.csproj]
D:\C#\VM\Shard\Core.Interfaces\VisionPluginBase.cs(353,38): warning CS8600: 将 null 文本或可能的 null 值转换为不可为 null 类型。 [D:\C#\VM\Shard\Core.Interfaces\Core.Interfaces.csproj]
D:\C#\VM\Shard\Core.Interfaces\ImageHub\ImageHub.cs(200,35): warning CS8604: “void ConcurrentQueue<HubImageItem>.Enqueue(HubImageItem item)”中的形参“item”可能传入 null 引用实参。 [D:\C#\VM\Shard\Core.Interfaces\Core.Interfaces.csproj]
D:\C#\VM\Shard\Core.Interfaces\Camera\CameraDeviceBase.cs(413,35): warning CS8622: “void CameraDeviceBase.OnWatchdog(object state)”的参数“state”类型中引用类型的为 Null 性与目标委托“TimerCallback”不匹配(可能是由于为 Null 性特性)。 [D:\C#\VM\Shard\Core.Interfaces\Core.Interfaces.csproj]
D:\C#\VM\Shard\Core.Interfaces\VisionPluginBase.cs(413,35): warning CS8600: 将 null 文本或可能的 null 值转换为不可为 null 类型。 [D:\C#\VM\Shard\Core.Interfaces\Core.Interfaces.csproj]
D:\C#\VM\Shard\Core.Interfaces\VisionPluginBase.cs(411,17): warning CS8620: 由于引用类型的可为 null 性差异，IEnumerable<string?> 类型的实参不能用于 HashSet<string>.HashSet(IEnumerable<string> collection) 中 IEnumerable<string> 类型的形参 collection。 [D:\C#\VM\Shard\Core.Interfaces\Core.Interfaces.csproj]
D:\C#\VM\Shard\Core.Interfaces\Camera\CameraDeviceBase.cs(429,21): warning CS8625: 无法将 null 字面量转换为非 null 的引用类型。 [D:\C#\VM\Shard\Core.Interfaces\Core.Interfaces.csproj]
D:\C#\VM\Shard\Core.Interfaces\Camera\CameraDeviceBase.cs(530,39): warning CS8601: 可能的 null 引用赋值。 [D:\C#\VM\Shard\Core.Interfaces\Core.Interfaces.csproj]
D:\C#\VM\Shard\Core.Interfaces\Camera\CameraDeviceBase.cs(536,21): warning CS8625: 无法将 null 字面量转换为非 null 的引用类型。 [D:\C#\VM\Shard\Core.Interfaces\Core.Interfaces.csproj]
D:\C#\VM\Shard\Core.Interfaces\Camera\CameraDeviceBase.cs(544,43): warning CS8601: 可能的 null 引用赋值。 [D:\C#\VM\Shard\Core.Interfaces\Core.Interfaces.csproj]
D:\C#\VM\Shard\Core.Interfaces\ValueConverter.cs(19,24): warning CS8603: 可能返回 null 引用。 [D:\C#\VM\Shard\Core.Interfaces\Core.Interfaces.csproj]
D:\C#\VM\Shard\Core.Interfaces\ValueConverter.cs(22,30): warning CS8600: 将 null 文本或可能的 null 值转换为不可为 null 类型。 [D:\C#\VM\Shard\Core.Interfaces\Core.Interfaces.csproj]
D:\C#\VM\Shard\Core.Interfaces\ValueConverter.cs(28,28): warning CS8603: 可能返回 null 引用。 [D:\C#\VM\Shard\Core.Interfaces\Core.Interfaces.csproj]
D:\C#\VM\Shard\Core.Interfaces\ValueConverter.cs(31,21): warning CS8602: 解引用可能出现空引用。 [D:\C#\VM\Shard\Core.Interfaces\Core.Interfaces.csproj]
D:\C#\VM\Shard\Core.Interfaces\ValueConverter.cs(42,32): warning CS8603: 可能返回 null 引用。 [D:\C#\VM\Shard\Core.Interfaces\Core.Interfaces.csproj]
D:\C#\VM\Shard\Core.Interfaces\ValueConverter.cs(47,32): warning CS8603: 可能返回 null 引用。 [D:\C#\VM\Shard\Core.Interfaces\Core.Interfaces.csproj]
D:\C#\VM\Shard\Core.Interfaces\ValueConverter.cs(53,17): warning CS8602: 解引用可能出现空引用。 [D:\C#\VM\Shard\Core.Interfaces\Core.Interfaces.csproj]
D:\C#\VM\Shard\Core.Interfaces\DataPort\OutputPort.cs(50,59): warning CS0067: 从不使用事件“OutputPort<T>.CollectionChanged” [D:\C#\VM\Shard\Core.Interfaces\Core.Interfaces.csproj]
D:\C#\VM\Scada\Models\ScadaModelBase.cs(41,33): warning CS8765: 参数“propertyName”类型的为 Null 性与重写成员不匹配(可能是由于为 Null 性特性)。 [D:\C#\VM\Scada\VM.Scada.csproj]
D:\C#\VM\Scada\Models\ScadaModelBase.cs(61,33): warning CS8765: 参数“onChanged”类型的为 Null 性与重写成员不匹配(可能是由于为 Null 性特性)。 [D:\C#\VM\Scada\VM.Scada.csproj]
D:\C#\VM\Scada\Models\ScadaModelBase.cs(61,33): warning CS8765: 参数“propertyName”类型的为 Null 性与重写成员不匹配(可能是由于为 Null 性特性)。 [D:\C#\VM\Scada\VM.Scada.csproj]
D:\C#\VM\Services\Core.Halcon\Models\DrawingObjectInfo.cs(23,86): warning CS8625: 无法将 null 字面量转换为非 null 的引用类型。 [D:\C#\VM\Services\Core.Halcon\Core.Halcon_avobe53c_wpftmp.csproj::TargetFramework=net9.0-windows]
D:\C#\VM\Services\Core.Halcon\Models\DrawingObjectInfo.cs(83,30): warning CS8625: 无法将 null 字面量转换为非 null 的引用类型。 [D:\C#\VM\Services\Core.Halcon\Core.Halcon_avobe53c_wpftmp.csproj::TargetFramework=net9.0-windows]
D:\C#\VM\Services\Core.Halcon\Models\DrawingObjectInfo.cs(85,28): warning CS8625: 无法将 null 字面量转换为非 null 的引用类型。 [D:\C#\VM\Services\Core.Halcon\Core.Halcon_avobe53c_wpftmp.csproj::TargetFramework=net9.0-windows]
D:\C#\VM\Services\Core.Halcon\Models\DrawingObjectInfo.cs(86,30): warning CS8625: 无法将 null 字面量转换为非 null 的引用类型。 [D:\C#\VM\Services\Core.Halcon\Core.Halcon_avobe53c_wpftmp.csproj::TargetFramework=net9.0-windows]
D:\C#\VM\Services\Core.Halcon\Base\HalconBase.cs(80,26): warning CS8625: 无法将 null 字面量转换为非 null 的引用类型。 [D:\C#\VM\Services\Core.Halcon\Core.Halcon_avobe53c_wpftmp.csproj::TargetFramework=net9.0-windows]
D:\C#\VM\Services\Core.Halcon\Base\HalconBase.cs(81,28): warning CS8625: 无法将 null 字面量转换为非 null 的引用类型。 [D:\C#\VM\Services\Core.Halcon\Core.Halcon_avobe53c_wpftmp.csproj::TargetFramework=net9.0-windows]
D:\C#\VM\Services\Core.Halcon\Base\HalconBase.cs(82,27): warning CS8625: 无法将 null 字面量转换为非 null 的引用类型。 [D:\C#\VM\Services\Core.Halcon\Core.Halcon_avobe53c_wpftmp.csproj::TargetFramework=net9.0-windows]
D:\C#\VM\Services\Core.Halcon\Base\HalconBase.cs(83,28): warning CS8625: 无法将 null 字面量转换为非 null 的引用类型。 [D:\C#\VM\Services\Core.Halcon\Core.Halcon_avobe53c_wpftmp.csproj::TargetFramework=net9.0-windows]
D:\C#\VM\Services\Core.Halcon\Extensions\HDrawingObjectExtensions.cs(11,32): warning CS8600: 将 null 文本或可能的 null 值转换为不可为 null 类型。 [D:\C#\VM\Services\Core.Halcon\Core.Halcon_avobe53c_wpftmp.csproj::TargetFramework=net9.0-windows]
D:\C#\VM\Services\Core.Halcon\Extensions\HDrawingObjectExtensions.cs(45,20): warning CS8603: 可能返回 null 引用。 [D:\C#\VM\Services\Core.Halcon\Core.Halcon_avobe53c_wpftmp.csproj::TargetFramework=net9.0-windows]
D:\C#\VM\Services\Core.Halcon\Base\HalconBase.cs(209,17): warning CS8604: “void HalconBase.SwapDrawObjectList(ObservableCollection<DrawingObjectInfo> oldList, ObservableCollection<DrawingObjectInfo> newList)”中的形参“oldList”可能传入 null 引用实参。 [D:\C#\VM\Services\Core.Halcon\Core.Halcon_avobe53c_wpftmp.csproj::TargetFramework=net9.0-windows]
D:\C#\VM\Services\Core.Halcon\Base\HalconBase.cs(210,17): warning CS8604: “void HalconBase.SwapDrawObjectList(ObservableCollection<DrawingObjectInfo> oldList, ObservableCollection<DrawingObjectInfo> newList)”中的形参“newList”可能传入 null 引用实参。 [D:\C#\VM\Services\Core.Halcon\Core.Halcon_avobe53c_wpftmp.csproj::TargetFramework=net9.0-windows]
D:\C#\VM\Services\Core.Halcon\Base\HalconBase.cs(227,46): warning CS8622: “void HalconBase.OnDrawObjectListChanged(object sender, NotifyCollectionChangedEventArgs e)”的参数“sender”类型中引用类型的为 Null 性与目标委托“NotifyCollectionChangedEventHandler”不匹配(可能是由于为 Null 性特性)。 [D:\C#\VM\Services\Core.Halcon\Core.Halcon_avobe53c_wpftmp.csproj::TargetFramework=net9.0-windows]
D:\C#\VM\Services\Core.Halcon\Base\HalconBase.cs(230,46): warning CS8622: “void HalconBase.OnDrawObjectListChanged(object sender, NotifyCollectionChangedEventArgs e)”的参数“sender”类型中引用类型的为 Null 性与目标委托“NotifyCollectionChangedEventHandler”不匹配(可能是由于为 Null 性特性)。 [D:\C#\VM\Services\Core.Halcon\Core.Halcon_avobe53c_wpftmp.csproj::TargetFramework=net9.0-windows]
D:\C#\VM\Services\Core.Halcon\Base\HalconBase.cs(527,34): warning CS8625: 无法将 null 字面量转换为非 null 的引用类型。 [D:\C#\VM\Services\Core.Halcon\Core.Halcon_avobe53c_wpftmp.csproj::TargetFramework=net9.0-windows]
D:\C#\VM\Services\Core.Halcon\Base\HalconBase.cs(527,27): warning CS8601: 可能的 null 引用赋值。 [D:\C#\VM\Services\Core.Halcon\Core.Halcon_avobe53c_wpftmp.csproj::TargetFramework=net9.0-windows]
D:\C#\VM\Services\Core.Halcon\Base\HalconBase.cs(527,19): warning CS8601: 可能的 null 引用赋值。 [D:\C#\VM\Services\Core.Halcon\Core.Halcon_avobe53c_wpftmp.csproj::TargetFramework=net9.0-windows]
D:\C#\VM\Services\Core.Halcon\Base\HalconBase.cs(528,26): warning CS8600: 将 null 文本或可能的 null 值转换为不可为 null 类型。 [D:\C#\VM\Services\Core.Halcon\Core.Halcon_avobe53c_wpftmp.csproj::TargetFramework=net9.0-windows]
D:\C#\VM\Services\Core.Halcon\Base\HalconBase.cs(702,37): warning CS8622: “void HalconBase.OnActiveRoiTuplesChanged(object sender, PropertyChangedEventArgs e)”的参数“sender”类型中引用类型的为 Null 性与目标委托“PropertyChangedEventHandler”不匹配(可能是由于为 Null 性特性)。 [D:\C#\VM\Services\Core.Halcon\Core.Halcon_avobe53c_wpftmp.csproj::TargetFramework=net9.0-windows]
D:\C#\VM\Services\Core.Halcon\Base\HalconBase.cs(714,37): warning CS8622: “void HalconBase.OnActiveRoiTuplesChanged(object sender, PropertyChangedEventArgs e)”的参数“sender”类型中引用类型的为 Null 性与目标委托“PropertyChangedEventHandler”不匹配(可能是由于为 Null 性特性)。 [D:\C#\VM\Services\Core.Halcon\Core.Halcon_avobe53c_wpftmp.csproj::TargetFramework=net9.0-windows]
D:\C#\VM\Services\Core.Halcon\Base\HalconBase.cs(778,13): warning CS8603: 可能返回 null 引用。 [D:\C#\VM\Services\Core.Halcon\Core.Halcon_avobe53c_wpftmp.csproj::TargetFramework=net9.0-windows]
D:\C#\VM\Services\Core.Halcon\Base\HalconBase.cs(873,24): warning CS8603: 可能返回 null 引用。 [D:\C#\VM\Services\Core.Halcon\Core.Halcon_avobe53c_wpftmp.csproj::TargetFramework=net9.0-windows]
D:\C#\VM\Services\Core.Halcon\Base\HalconBase.cs(889,32): warning CS8603: 可能返回 null 引用。 [D:\C#\VM\Services\Core.Halcon\Core.Halcon_avobe53c_wpftmp.csproj::TargetFramework=net9.0-windows]
D:\C#\VM\Services\Core.Halcon\Base\HalconBase.cs(894,24): warning CS8603: 可能返回 null 引用。 [D:\C#\VM\Services\Core.Halcon\Core.Halcon_avobe53c_wpftmp.csproj::TargetFramework=net9.0-windows]
D:\C#\VM\Services\Core.Halcon\Base\HalconBase.cs(907,13): warning CS8602: 解引用可能出现空引用。 [D:\C#\VM\Services\Core.Halcon\Core.Halcon_avobe53c_wpftmp.csproj::TargetFramework=net9.0-windows]
D:\C#\VM\Services\Core.Halcon\Base\HalconBase.cs(1051,24): warning CS8603: 可能返回 null 引用。 [D:\C#\VM\Services\Core.Halcon\Core.Halcon_avobe53c_wpftmp.csproj::TargetFramework=net9.0-windows]
D:\C#\VM\Services\Core.Halcon\Base\HalconBase.cs(1055,25): warning CS8602: 解引用可能出现空引用。 [D:\C#\VM\Services\Core.Halcon\Core.Halcon_avobe53c_wpftmp.csproj::TargetFramework=net9.0-windows]
D:\C#\VM\Services\Core.Halcon\Base\HalconBase.cs(1068,32): warning CS8603: 可能返回 null 引用。 [D:\C#\VM\Services\Core.Halcon\Core.Halcon_avobe53c_wpftmp.csproj::TargetFramework=net9.0-windows]
D:\C#\VM\Services\Core.Halcon\Base\HalconBase.cs(1073,24): warning CS8603: 可能返回 null 引用。 [D:\C#\VM\Services\Core.Halcon\Core.Halcon_avobe53c_wpftmp.csproj::TargetFramework=net9.0-windows]
D:\C#\VM\Services\Core.Halcon\Base\HalconBase.cs(1329,26): warning CS8625: 无法将 null 字面量转换为非 null 的引用类型。 [D:\C#\VM\Services\Core.Halcon\Core.Halcon_avobe53c_wpftmp.csproj::TargetFramework=net9.0-windows]
D:\C#\VM\Services\Core.Halcon\Base\HalconBase.cs(1330,27): warning CS8625: 无法将 null 字面量转换为非 null 的引用类型。 [D:\C#\VM\Services\Core.Halcon\Core.Halcon_avobe53c_wpftmp.csproj::TargetFramework=net9.0-windows]
D:\C#\VM\DLL\HslCommunication\Core\SoftMultiTask.cs(188,10): warning CS0219: 变量“flag”已被赋值，但从未使用过它的值 [D:\C#\VM\DLL\HslCommunication\HslCommunication.csproj]
D:\C#\VM\DLL\HslCommunication\Core\Security\RSAHelper.cs(63,10): warning CS0219: 变量“b”已被赋值，但从未使用过它的值 [D:\C#\VM\DLL\HslCommunication\HslCommunication.csproj]
D:\C#\VM\DLL\HslCommunication\BasicFramework\SharpList.cs(47,7): warning CS0219: 变量“val”已被赋值，但从未使用过它的值 [D:\C#\VM\DLL\HslCommunication\HslCommunication.csproj]
D:\C#\VM\DLL\HslCommunication\Core\Security\RSAHelper.cs(299,9): warning CS0219: 变量“b”已被赋值，但从未使用过它的值 [D:\C#\VM\DLL\HslCommunication\HslCommunication.csproj]
D:\C#\VM\DLL\HslCommunication\Core\Net\NetworkWebApiRobotBase.cs(42,55): warning CS1998: This async method lacks 'await' operators and will run synchronously. Consider using the 'await' operator to await non-blocking API calls, or 'await Task.Run(...)' to do CPU-bound work on a background thread. [D:\C#\VM\DLL\HslCommunication\HslCommunication.csproj]
D:\C#\VM\DLL\HslCommunication\Robot\EFORT\ER7BC10Previous.cs(136,36): warning CS1998: This async method lacks 'await' operators and will run synchronously. Consider using the 'await' operator to await non-blocking API calls, or 'await Task.Run(...)' to do CPU-bound work on a background thread. [D:\C#\VM\DLL\HslCommunication\HslCommunication.csproj]
D:\C#\VM\DLL\HslCommunication\Robot\EFORT\ER7BC10Previous.cs(142,36): warning CS1998: This async method lacks 'await' operators and will run synchronously. Consider using the 'await' operator to await non-blocking API calls, or 'await Task.Run(...)' to do CPU-bound work on a background thread. [D:\C#\VM\DLL\HslCommunication\HslCommunication.csproj]
D:\C#\VM\DLL\HslCommunication\Robot\EFORT\ER7BC10.cs(139,36): warning CS1998: This async method lacks 'await' operators and will run synchronously. Consider using the 'await' operator to await non-blocking API calls, or 'await Task.Run(...)' to do CPU-bound work on a background thread. [D:\C#\VM\DLL\HslCommunication\HslCommunication.csproj]
D:\C#\VM\DLL\HslCommunication\Robot\EFORT\ER7BC10.cs(145,36): warning CS1998: This async method lacks 'await' operators and will run synchronously. Consider using the 'await' operator to await non-blocking API calls, or 'await Task.Run(...)' to do CPU-bound work on a background thread. [D:\C#\VM\DLL\HslCommunication\HslCommunication.csproj]
D:\C#\VM\DLL\HslCommunication\Profinet\Melsec\Helper\MelsecFxSerialHelper.cs(412,5): warning CS1717: 对同一变量进行赋值；是否希望对其他变量赋值? [D:\C#\VM\DLL\HslCommunication\HslCommunication.csproj]
D:\C#\VM\DLL\HslCommunication\Instrument\DLT\Helper\DLT645Helper.cs(515,11): warning CS0219: 变量“array2”已被赋值，但从未使用过它的值 [D:\C#\VM\DLL\HslCommunication\HslCommunication.csproj]
D:\C#\VM\DLL\HslCommunication\Instrument\DLT\Helper\DLT645Helper.cs(551,11): warning CS0219: 变量“array”已被赋值，但从未使用过它的值 [D:\C#\VM\DLL\HslCommunication\HslCommunication.csproj]
D:\C#\VM\DLL\HslCommunication\Algorithms\PID\PIDHelper.cs(30,15): warning CS0169: 从不使用字段“PIDHelper.index” [D:\C#\VM\DLL\HslCommunication\HslCommunication.csproj]
D:\C#\VM\DLL\HslCommunication\Algorithms\PID\PIDHelper.cs(32,15): warning CS0414: 字段“PIDHelper.UMAX”已被赋值，但从未使用过它的值 [D:\C#\VM\DLL\HslCommunication\HslCommunication.csproj]
D:\C#\VM\DLL\HslCommunication\Algorithms\PID\PIDHelper.cs(34,15): warning CS0414: 字段“PIDHelper.UMIN”已被赋值，但从未使用过它的值 [D:\C#\VM\DLL\HslCommunication\HslCommunication.csproj]
D:\C#\VM\DLL\HslCommunication\Profinet\Toyota\ToyoPucServer.cs(31,15): warning CS0414: 字段“ToyoPucServer.station”已被赋值，但从未使用过它的值 [D:\C#\VM\DLL\HslCommunication\HslCommunication.csproj]
D:\C#\VM\Services\Core.Halcon\Models\DrawingObjectInfo.cs(23,86): warning CS8625: 无法将 null 字面量转换为非 null 的引用类型。 [D:\C#\VM\Services\Core.Halcon\Core.Halcon.csproj::TargetFramework=net9.0-windows]
D:\C#\VM\Services\Core.Halcon\Base\HalconBase.cs(80,26): warning CS8625: 无法将 null 字面量转换为非 null 的引用类型。 [D:\C#\VM\Services\Core.Halcon\Core.Halcon.csproj::TargetFramework=net9.0-windows]
D:\C#\VM\Services\Core.Halcon\Base\HalconBase.cs(81,28): warning CS8625: 无法将 null 字面量转换为非 null 的引用类型。 [D:\C#\VM\Services\Core.Halcon\Core.Halcon.csproj::TargetFramework=net9.0-windows]
D:\C#\VM\Services\Core.Halcon\Base\HalconBase.cs(82,27): warning CS8625: 无法将 null 字面量转换为非 null 的引用类型。 [D:\C#\VM\Services\Core.Halcon\Core.Halcon.csproj::TargetFramework=net9.0-windows]
D:\C#\VM\Services\Core.Halcon\Base\HalconBase.cs(83,28): warning CS8625: 无法将 null 字面量转换为非 null 的引用类型。 [D:\C#\VM\Services\Core.Halcon\Core.Halcon.csproj::TargetFramework=net9.0-windows]
D:\C#\VM\Services\Core.Halcon\Base\HalconBase.cs(209,17): warning CS8604: “void HalconBase.SwapDrawObjectList(ObservableCollection<DrawingObjectInfo> oldList, ObservableCollection<DrawingObjectInfo> newList)”中的形参“oldList”可能传入 null 引用实参。 [D:\C#\VM\Services\Core.Halcon\Core.Halcon.csproj::TargetFramework=net9.0-windows]
D:\C#\VM\Services\Core.Halcon\Base\HalconBase.cs(210,17): warning CS8604: “void HalconBase.SwapDrawObjectList(ObservableCollection<DrawingObjectInfo> oldList, ObservableCollection<DrawingObjectInfo> newList)”中的形参“newList”可能传入 null 引用实参。 [D:\C#\VM\Services\Core.Halcon\Core.Halcon.csproj::TargetFramework=net9.0-windows]
D:\C#\VM\Services\Core.Halcon\Base\HalconBase.cs(227,46): warning CS8622: “void HalconBase.OnDrawObjectListChanged(object sender, NotifyCollectionChangedEventArgs e)”的参数“sender”类型中引用类型的为 Null 性与目标委托“NotifyCollectionChangedEventHandler”不匹配(可能是由于为 Null 性特性)。 [D:\C#\VM\Services\Core.Halcon\Core.Halcon.csproj::TargetFramework=net9.0-windows]
D:\C#\VM\Services\Core.Halcon\Base\HalconBase.cs(230,46): warning CS8622: “void HalconBase.OnDrawObjectListChanged(object sender, NotifyCollectionChangedEventArgs e)”的参数“sender”类型中引用类型的为 Null 性与目标委托“NotifyCollectionChangedEventHandler”不匹配(可能是由于为 Null 性特性)。 [D:\C#\VM\Services\Core.Halcon\Core.Halcon.csproj::TargetFramework=net9.0-windows]
D:\C#\VM\Services\Core.Halcon\Models\DrawingObjectInfo.cs(83,30): warning CS8625: 无法将 null 字面量转换为非 null 的引用类型。 [D:\C#\VM\Services\Core.Halcon\Core.Halcon.csproj::TargetFramework=net9.0-windows]
D:\C#\VM\Services\Core.Halcon\Models\DrawingObjectInfo.cs(85,28): warning CS8625: 无法将 null 字面量转换为非 null 的引用类型。 [D:\C#\VM\Services\Core.Halcon\Core.Halcon.csproj::TargetFramework=net9.0-windows]
D:\C#\VM\Services\Core.Halcon\Models\DrawingObjectInfo.cs(86,30): warning CS8625: 无法将 null 字面量转换为非 null 的引用类型。 [D:\C#\VM\Services\Core.Halcon\Core.Halcon.csproj::TargetFramework=net9.0-windows]
D:\C#\VM\Services\Core.Halcon\Base\HalconBase.cs(527,34): warning CS8625: 无法将 null 字面量转换为非 null 的引用类型。 [D:\C#\VM\Services\Core.Halcon\Core.Halcon.csproj::TargetFramework=net9.0-windows]
D:\C#\VM\Services\Core.Halcon\Base\HalconBase.cs(527,27): warning CS8601: 可能的 null 引用赋值。 [D:\C#\VM\Services\Core.Halcon\Core.Halcon.csproj::TargetFramework=net9.0-windows]
D:\C#\VM\Services\Core.Halcon\Base\HalconBase.cs(527,19): warning CS8601: 可能的 null 引用赋值。 [D:\C#\VM\Services\Core.Halcon\Core.Halcon.csproj::TargetFramework=net9.0-windows]
D:\C#\VM\Services\Core.Halcon\Base\HalconBase.cs(528,26): warning CS8600: 将 null 文本或可能的 null 值转换为不可为 null 类型。 [D:\C#\VM\Services\Core.Halcon\Core.Halcon.csproj::TargetFramework=net9.0-windows]
D:\C#\VM\Services\Core.Halcon\Extensions\HDrawingObjectExtensions.cs(11,32): warning CS8600: 将 null 文本或可能的 null 值转换为不可为 null 类型。 [D:\C#\VM\Services\Core.Halcon\Core.Halcon.csproj::TargetFramework=net9.0-windows]
D:\C#\VM\Services\Core.Halcon\Extensions\HDrawingObjectExtensions.cs(45,20): warning CS8603: 可能返回 null 引用。 [D:\C#\VM\Services\Core.Halcon\Core.Halcon.csproj::TargetFramework=net9.0-windows]
D:\C#\VM\Services\Core.Halcon\Base\HalconBase.cs(702,37): warning CS8622: “void HalconBase.OnActiveRoiTuplesChanged(object sender, PropertyChangedEventArgs e)”的参数“sender”类型中引用类型的为 Null 性与目标委托“PropertyChangedEventHandler”不匹配(可能是由于为 Null 性特性)。 [D:\C#\VM\Services\Core.Halcon\Core.Halcon.csproj::TargetFramework=net9.0-windows]
D:\C#\VM\Services\Core.Halcon\Base\HalconBase.cs(714,37): warning CS8622: “void HalconBase.OnActiveRoiTuplesChanged(object sender, PropertyChangedEventArgs e)”的参数“sender”类型中引用类型的为 Null 性与目标委托“PropertyChangedEventHandler”不匹配(可能是由于为 Null 性特性)。 [D:\C#\VM\Services\Core.Halcon\Core.Halcon.csproj::TargetFramework=net9.0-windows]
D:\C#\VM\Services\Core.Halcon\Base\HalconBase.cs(778,13): warning CS8603: 可能返回 null 引用。 [D:\C#\VM\Services\Core.Halcon\Core.Halcon.csproj::TargetFramework=net9.0-windows]
D:\C#\VM\Services\Core.Halcon\Base\HalconBase.cs(873,24): warning CS8603: 可能返回 null 引用。 [D:\C#\VM\Services\Core.Halcon\Core.Halcon.csproj::TargetFramework=net9.0-windows]
D:\C#\VM\Services\Core.Halcon\Base\HalconBase.cs(889,32): warning CS8603: 可能返回 null 引用。 [D:\C#\VM\Services\Core.Halcon\Core.Halcon.csproj::TargetFramework=net9.0-windows]
D:\C#\VM\Services\Core.Halcon\Base\HalconBase.cs(894,24): warning CS8603: 可能返回 null 引用。 [D:\C#\VM\Services\Core.Halcon\Core.Halcon.csproj::TargetFramework=net9.0-windows]
D:\C#\VM\Services\Core.Halcon\Base\HalconBase.cs(907,13): warning CS8602: 解引用可能出现空引用。 [D:\C#\VM\Services\Core.Halcon\Core.Halcon.csproj::TargetFramework=net9.0-windows]
D:\C#\VM\Services\Core.Halcon\Base\HalconBase.cs(1051,24): warning CS8603: 可能返回 null 引用。 [D:\C#\VM\Services\Core.Halcon\Core.Halcon.csproj::TargetFramework=net9.0-windows]
D:\C#\VM\Services\Core.Halcon\Base\HalconBase.cs(1055,25): warning CS8602: 解引用可能出现空引用。 [D:\C#\VM\Services\Core.Halcon\Core.Halcon.csproj::TargetFramework=net9.0-windows]
D:\C#\VM\Services\Core.Halcon\Base\HalconBase.cs(1068,32): warning CS8603: 可能返回 null 引用。 [D:\C#\VM\Services\Core.Halcon\Core.Halcon.csproj::TargetFramework=net9.0-windows]
D:\C#\VM\Services\Core.Halcon\Base\HalconBase.cs(1073,24): warning CS8603: 可能返回 null 引用。 [D:\C#\VM\Services\Core.Halcon\Core.Halcon.csproj::TargetFramework=net9.0-windows]
D:\C#\VM\Services\Core.Halcon\Base\HalconBase.cs(1329,26): warning CS8625: 无法将 null 字面量转换为非 null 的引用类型。 [D:\C#\VM\Services\Core.Halcon\Core.Halcon.csproj::TargetFramework=net9.0-windows]
D:\C#\VM\Services\Core.Halcon\Base\HalconBase.cs(1330,27): warning CS8625: 无法将 null 字面量转换为非 null 的引用类型。 [D:\C#\VM\Services\Core.Halcon\Core.Halcon.csproj::TargetFramework=net9.0-windows]
D:\C#\VM\Shard\Core.Controls\Events\PluginPreviewExtensions.cs(75,31): warning CS8601: 可能的 null 引用赋值。 [D:\C#\VM\Shard\Core.Controls\Core.Controls.csproj]
D:\C#\VM\Shard\Core.Controls\LinkableValueEditor.xaml.cs(240,34): warning CS8622: “void LinkableValueEditor.OnPortValueChanged(object sender, EventArgs e)”的参数“sender”类型中引用类型的为 Null 性与目标委托“EventHandler”不匹配(可能是由于为 Null 性特性)。 [D:\C#\VM\Shard\Core.Controls\Core.Controls.csproj]
D:\C#\VM\Shard\Core.Controls\LinkableValueEditor.xaml.cs(241,34): warning CS8622: “void LinkableValueEditor.OnPortValueChanged(object sender, EventArgs e)”的参数“sender”类型中引用类型的为 Null 性与目标委托“EventHandler”不匹配(可能是由于为 Null 性特性)。 [D:\C#\VM\Shard\Core.Controls\Core.Controls.csproj]
D:\C#\VM\Shard\Core.Controls\LinkableValueEditor.xaml.cs(355,20): warning CS8603: 可能返回 null 引用。 [D:\C#\VM\Shard\Core.Controls\Core.Controls.csproj]
D:\C#\VM\Core\IResourceLockService.cs(20,89): warning CS8625: 无法将 null 字面量转换为非 null 的引用类型。 [D:\C#\VM\Core\VM.Core.csproj]
D:\C#\VM\Core\IResourceLockService.cs(31,104): warning CS8625: 无法将 null 字面量转换为非 null 的引用类型。 [D:\C#\VM\Core\VM.Core.csproj]
D:\C#\VM\Core\IResourceLockService.cs(40,105): warning CS8625: 无法将 null 字面量转换为非 null 的引用类型。 [D:\C#\VM\Core\VM.Core.csproj]
D:\C#\VM\Core\LogService.cs(80,73): warning CS8625: 无法将 null 字面量转换为非 null 的引用类型。 [D:\C#\VM\Core\VM.Core.csproj]
D:\C#\VM\Core\EventModel\SessionStateChangedEventArgs.cs(52,30): warning CS8625: 无法将 null 字面量转换为非 null 的引用类型。 [D:\C#\VM\Core\VM.Core.csproj]
D:\C#\VM\Core\LogService.cs(81,64): warning CS8625: 无法将 null 字面量转换为非 null 的引用类型。 [D:\C#\VM\Core\VM.Core.csproj]
D:\C#\VM\Core\LogService.cs(106,81): warning CS8625: 无法将 null 字面量转换为非 null 的引用类型。 [D:\C#\VM\Core\VM.Core.csproj]
D:\C#\VM\Core\Toolkit\AuditLogger.cs(86,71): warning CS8625: 无法将 null 字面量转换为非 null 的引用类型。 [D:\C#\VM\Core\VM.Core.csproj]
D:\C#\VM\Core\Models\Compileds\CompilationResult.cs(48,45): warning CS0109: 成员“CompilationResult.Ok(CompiledFlow)”不会隐藏可访问成员。不需要关键字 new。 [D:\C#\VM\Core\VM.Core.csproj]
D:\C#\VM\Core\Models\Compileds\CompilationResult.cs(56,45): warning CS0109: 成员“CompilationResult.NG(string)”不会隐藏可访问成员。不需要关键字 new。 [D:\C#\VM\Core\VM.Core.csproj]
D:\C#\VM\Core\Toolkit\ObjectPool.cs(31,68): warning CS8625: 无法将 null 字面量转换为非 null 的引用类型。 [D:\C#\VM\Core\VM.Core.csproj]
D:\C#\VM\Core\Toolkit\RetryPolicy.cs(24,88): warning CS8625: 无法将 null 字面量转换为非 null 的引用类型。 [D:\C#\VM\Core\VM.Core.csproj]
D:\C#\VM\Core\Toolkit\RetryPolicy.cs(55,88): warning CS8625: 无法将 null 字面量转换为非 null 的引用类型。 [D:\C#\VM\Core\VM.Core.csproj]
D:\C#\VM\Core\Models\ProcessStep\BreakStep.cs(15,93): warning CS8625: 无法将 null 字面量转换为非 null 的引用类型。 [D:\C#\VM\Core\VM.Core.csproj]
D:\C#\VM\Core\Models\ProcessStep\BreakStep.cs(25,96): warning CS8625: 无法将 null 字面量转换为非 null 的引用类型。 [D:\C#\VM\Core\VM.Core.csproj]
D:\C#\VM\Core\Models\ProcessStep\BreakStep.cs(35,94): warning CS8625: 无法将 null 字面量转换为非 null 的引用类型。 [D:\C#\VM\Core\VM.Core.csproj]
D:\C#\VM\Core\Models\ProcessStep\CaseStep.cs(50,98): warning CS8625: 无法将 null 字面量转换为非 null 的引用类型。 [D:\C#\VM\Core\VM.Core.csproj]
D:\C#\VM\Core\Models\ProcessStep\StepModel.cs(398,100): warning CS8625: 无法将 null 字面量转换为非 null 的引用类型。 [D:\C#\VM\Core\VM.Core.csproj]
D:\C#\VM\Core\Models\ProcessStep\ConditionStep.cs(66,31): warning CS8625: 无法将 null 字面量转换为非 null 的引用类型。 [D:\C#\VM\Core\VM.Core.csproj]
D:\C#\VM\Core\Models\ProcessStep\ParallelStep.cs(130,102): warning CS8625: 无法将 null 字面量转换为非 null 的引用类型。 [D:\C#\VM\Core\VM.Core.csproj]
D:\C#\VM\Core\Models\ProcessStep\WhileStep.cs(18,99): warning CS8625: 无法将 null 字面量转换为非 null 的引用类型。 [D:\C#\VM\Core\VM.Core.csproj]
D:\C#\VM\Core\Models\ProcessStep\ForStep.cs(39,97): warning CS8625: 无法将 null 字面量转换为非 null 的引用类型。 [D:\C#\VM\Core\VM.Core.csproj]
D:\C#\VM\Core\Models\Variable\IVariable.cs(29,23): warning CS0108: “IVariable.Description”隐藏继承的成员“IPort.Description”。如果是有意隐藏，请使用关键字 new。 [D:\C#\VM\Core\VM.Core.csproj]
D:\C#\VM\Core\Models\Variable\ArrayIndexProxyPort.cs(58,34): warning CS8766: “Type? ArrayIndexProxyPort.DataType.get”的返回类型中引用类型的为 Null 性与隐式实现的成员“Type IPort.DataType.get”不匹配(可能是由于为 Null 性特性)。 [D:\C#\VM\Core\VM.Core.csproj]
D:\C#\VM\Core\Models\Variable\NetworkVariableModel.cs(104,13): warning CS8766: “object? NetworkVariableModel.Value.get”的返回类型中引用类型的为 Null 性与隐式实现的成员“object IPort.Value.get”不匹配(可能是由于为 Null 性特性)。 [D:\C#\VM\Core\VM.Core.csproj]
D:\C#\VM\Core\Models\ProcessStep\StepModel.cs(176,106): warning CS8625: 无法将 null 字面量转换为非 null 的引用类型。 [D:\C#\VM\Core\VM.Core.csproj]
D:\C#\VM\Core\Models\ProcessStep\StepModel.cs(363,97): warning CS8625: 无法将 null 字面量转换为非 null 的引用类型。 [D:\C#\VM\Core\VM.Core.csproj]
D:\C#\VM\Core\Models\Variable\LocalVariableModel.cs(87,13): warning CS8766: “object? LocalVariableModel.Value.get”的返回类型中引用类型的为 Null 性与隐式实现的成员“object IPort.Value.get”不匹配(可能是由于为 Null 性特性)。 [D:\C#\VM\Core\VM.Core.csproj]
D:\C#\VM\Core\Toolkit\CloneHelper.cs(20,37): warning CS8603: 可能返回 null 引用。 [D:\C#\VM\Core\VM.Core.csproj]
D:\C#\VM\Core\Toolkit\CloneHelper.cs(29,38): warning CS8600: 将 null 文本或可能的 null 值转换为不可为 null 类型。 [D:\C#\VM\Core\VM.Core.csproj]
D:\C#\VM\Core\Toolkit\CloneHelper.cs(31,20): warning CS8600: 将 null 文本或可能的 null 值转换为不可为 null 类型。 [D:\C#\VM\Core\VM.Core.csproj]
D:\C#\VM\Core\Toolkit\CloneHelper.cs(31,20): warning CS8603: 可能返回 null 引用。 [D:\C#\VM\Core\VM.Core.csproj]
D:\C#\VM\Core\Toolkit\CloneHelper.cs(41,37): warning CS8603: 可能返回 null 引用。 [D:\C#\VM\Core\VM.Core.csproj]
D:\C#\VM\Core\Toolkit\CloneHelper.cs(50,20): warning CS8603: 可能返回 null 引用。 [D:\C#\VM\Core\VM.Core.csproj]
D:\C#\VM\Core\IReadOnlyWorkspaceContext.cs(138,67): warning CS8603: 可能返回 null 引用。 [D:\C#\VM\Core\VM.Core.csproj]
D:\C#\VM\Core\ExecutionContext.cs(41,42): warning CS8603: 可能返回 null 引用。 [D:\C#\VM\Core\VM.Core.csproj]
D:\C#\VM\Core\Toolkit\PerformanceProfiler.cs(56,39): warning CS8625: 无法将 null 字面量转换为非 null 的引用类型。 [D:\C#\VM\Core\VM.Core.csproj]
D:\C#\VM\Core\IReadOnlyWorkspaceContext.cs(168,24): warning CS8625: 无法将 null 字面量转换为非 null 的引用类型。 [D:\C#\VM\Core\VM.Core.csproj]
D:\C#\VM\Core\IReadOnlyWorkspaceContext.cs(184,29): warning CS8601: 可能的 null 引用赋值。 [D:\C#\VM\Core\VM.Core.csproj]
D:\C#\VM\Core\IReadOnlyWorkspaceContext.cs(185,24): warning CS8625: 无法将 null 字面量转换为非 null 的引用类型。 [D:\C#\VM\Core\VM.Core.csproj]
D:\C#\VM\Core\IReadOnlyWorkspaceContext.cs(202,29): warning CS8601: 可能的 null 引用赋值。 [D:\C#\VM\Core\VM.Core.csproj]
D:\C#\VM\Core\Toolkit\PerformanceMonitor.cs(185,20): warning CS8603: 可能返回 null 引用。 [D:\C#\VM\Core\VM.Core.csproj]
D:\C#\VM\Core\Toolkit\PerformanceMonitor.cs(194,20): warning CS8603: 可能返回 null 引用。 [D:\C#\VM\Core\VM.Core.csproj]
D:\C#\VM\Core\Helpers\WatchPortWrapper.cs(150,40): warning CS8603: 可能返回 null 引用。 [D:\C#\VM\Core\VM.Core.csproj]
D:\C#\VM\Core\Helpers\CaseValueHelper.cs(39,21): warning CS8625: 无法将 null 字面量转换为非 null 的引用类型。 [D:\C#\VM\Core\VM.Core.csproj]
D:\C#\VM\Core\Helpers\CaseValueHelper.cs(40,21): warning CS8625: 无法将 null 字面量转换为非 null 的引用类型。 [D:\C#\VM\Core\VM.Core.csproj]
D:\C#\VM\Core\Helpers\WatchPortWrapper.cs(209,54): warning CS8622: “void WatchPortWrapper.OnPortValueChanged(object sender, EventArgs e)”的参数“sender”类型中引用类型的为 Null 性与目标委托“EventHandler”不匹配(可能是由于为 Null 性特性)。 [D:\C#\VM\Core\VM.Core.csproj]
D:\C#\VM\Core\CommunicationContracts\CommunicationVariable.cs(37,49): warning CS8601: 可能的 null 引用赋值。 [D:\C#\VM\Core\VM.Core.csproj]
D:\C#\VM\Core\Helpers\WatchPortWrapper.cs(224,64): warning CS8622: “void WatchPortWrapper.OnGlobalVarValueChanged(object sender, EventArgs e)”的参数“sender”类型中引用类型的为 Null 性与目标委托“EventHandler”不匹配(可能是由于为 Null 性特性)。 [D:\C#\VM\Core\VM.Core.csproj]
D:\C#\VM\Core\Helpers\WatchPortWrapper.cs(262,54): warning CS8622: “void WatchPortWrapper.OnPortValueChanged(object sender, EventArgs e)”的参数“sender”类型中引用类型的为 Null 性与目标委托“EventHandler”不匹配(可能是由于为 Null 性特性)。 [D:\C#\VM\Core\VM.Core.csproj]
D:\C#\VM\Core\Helpers\WatchPortWrapper.cs(263,64): warning CS8622: “void WatchPortWrapper.OnGlobalVarValueChanged(object sender, EventArgs e)”的参数“sender”类型中引用类型的为 Null 性与目标委托“EventHandler”不匹配(可能是由于为 Null 性特性)。 [D:\C#\VM\Core\VM.Core.csproj]
D:\C#\VM\Core\CommunicationContracts\CommunicationConfig.cs(249,26): warning CS8601: 可能的 null 引用赋值。 [D:\C#\VM\Core\VM.Core.csproj]
D:\C#\VM\Core\CommunicationContracts\CommunicationConfig.cs(271,22): warning CS8601: 可能的 null 引用赋值。 [D:\C#\VM\Core\VM.Core.csproj]
D:\C#\VM\Core\Toolkit\AuditLogger.cs(104,33): warning CS8602: 解引用可能出现空引用。 [D:\C#\VM\Core\VM.Core.csproj]
D:\C#\VM\Core\Toolkit\AuditLogger.cs(118,34): warning CS0168: 声明了变量“ex”，但从未使用过 [D:\C#\VM\Core\VM.Core.csproj]
D:\C#\VM\Core\Helpers\TypeCache.cs(158,58): warning CS8600: 将 null 文本或可能的 null 值转换为不可为 null 类型。 [D:\C#\VM\Core\VM.Core.csproj]
D:\C#\VM\Core\Helpers\TypeCache.cs(167,20): warning CS8625: 无法将 null 字面量转换为非 null 的引用类型。 [D:\C#\VM\Core\VM.Core.csproj]
D:\C#\VM\Core\Helpers\TypeCache.cs(179,25): warning CS8600: 将 null 文本或可能的 null 值转换为不可为 null 类型。 [D:\C#\VM\Core\VM.Core.csproj]
D:\C#\VM\Core\Helpers\TypeCache.cs(186,24): warning CS8600: 将 null 文本或可能的 null 值转换为不可为 null 类型。 [D:\C#\VM\Core\VM.Core.csproj]
D:\C#\VM\Core\Helpers\TypeCache.cs(191,20): warning CS8603: 可能返回 null 引用。 [D:\C#\VM\Core\VM.Core.csproj]
D:\C#\VM\Core\Helpers\TypeCache.cs(218,44): warning CS8604: “string TypeCache.GetSimpleTypeKey(Type type)”中的形参“type”可能传入 null 引用实参。 [D:\C#\VM\Core\VM.Core.csproj]
D:\C#\VM\Core\Helpers\TypeHelper.cs(94,16): warning CS8603: 可能返回 null 引用。 [D:\C#\VM\Core\VM.Core.csproj]
D:\C#\VM\Core\Models\Compileds\CompiledBreakNode.cs(31,20): warning CS8603: 可能返回 null 引用。 [D:\C#\VM\Core\VM.Core.csproj]
D:\C#\VM\Core\Models\Compileds\CompiledBreakNode.cs(53,20): warning CS8603: 可能返回 null 引用。 [D:\C#\VM\Core\VM.Core.csproj]
D:\C#\VM\Core\Models\Compileds\CompiledBreakNode.cs(78,20): warning CS8603: 可能返回 null 引用。 [D:\C#\VM\Core\VM.Core.csproj]
D:\C#\VM\Core\Models\Compileds\CompiledForNode.cs(67,20): warning CS8603: 可能返回 null 引用。 [D:\C#\VM\Core\VM.Core.csproj]
D:\C#\VM\Core\Models\Compileds\CompiledIfNode.cs(45,24): warning CS8603: 可能返回 null 引用。 [D:\C#\VM\Core\VM.Core.csproj]
D:\C#\VM\Core\Models\Compileds\CompiledIfNode.cs(83,20): warning CS8603: 可能返回 null 引用。 [D:\C#\VM\Core\VM.Core.csproj]
D:\C#\VM\Core\Models\Compileds\CompiledNode.cs(115,24): warning CS8603: 可能返回 null 引用。 [D:\C#\VM\Core\VM.Core.csproj]
D:\C#\VM\Core\Models\Compileds\CompiledNode.cs(120,24): warning CS8603: 可能返回 null 引用。 [D:\C#\VM\Core\VM.Core.csproj]
D:\C#\VM\Core\Models\Compileds\CompiledNode.cs(125,20): warning CS8603: 可能返回 null 引用。 [D:\C#\VM\Core\VM.Core.csproj]
D:\C#\VM\Core\Models\Compileds\CompiledParallelNode.cs(93,24): warning CS8603: 可能返回 null 引用。 [D:\C#\VM\Core\VM.Core.csproj]
D:\C#\VM\Core\Models\Compileds\CompiledParallelNode.cs(97,39): warning CS8604: “void CompiledParallelNode.WarnIfJoinOnNonPoolThread(ILogService logger)”中的形参“logger”可能传入 null 引用实参。 [D:\C#\VM\Core\VM.Core.csproj]
D:\C#\VM\Core\Models\Compileds\CompiledIfNode.cs(124,28): warning CS8601: 可能的 null 引用赋值。 [D:\C#\VM\Core\VM.Core.csproj]
D:\C#\VM\Core\Models\Compileds\CompiledParallelNode.cs(108,24): warning CS8603: 可能返回 null 引用。 [D:\C#\VM\Core\VM.Core.csproj]
D:\C#\VM\Core\Toolkit\AuditLogger.cs(181,34): warning CS0168: 声明了变量“ex”，但从未使用过 [D:\C#\VM\Core\VM.Core.csproj]
D:\C#\VM\Core\Models\Compileds\CompiledPluginNode.cs(34,24): warning CS8603: 可能返回 null 引用。 [D:\C#\VM\Core\VM.Core.csproj]
D:\C#\VM\Core\Models\Compileds\CompiledPluginNode.cs(50,28): warning CS8603: 可能返回 null 引用。 [D:\C#\VM\Core\VM.Core.csproj]
D:\C#\VM\Core\Models\Compileds\CompiledPluginNode.cs(61,20): warning CS8603: 可能返回 null 引用。 [D:\C#\VM\Core\VM.Core.csproj]
D:\C#\VM\Core\Models\Compileds\CompiledNode.cs(291,47): warning CS8625: 无法将 null 字面量转换为非 null 的引用类型。 [D:\C#\VM\Core\VM.Core.csproj]
D:\C#\VM\Core\Models\Compileds\CompiledWhileNode.cs(62,20): warning CS8603: 可能返回 null 引用。 [D:\C#\VM\Core\VM.Core.csproj]
D:\C#\VM\Core\Models\Compileds\CompiledParallelNode.cs(182,28): warning CS8603: 可能返回 null 引用。 [D:\C#\VM\Core\VM.Core.csproj]
D:\C#\VM\Core\Models\Compileds\CompiledParallelNode.cs(222,28): warning CS8603: 可能返回 null 引用。 [D:\C#\VM\Core\VM.Core.csproj]
D:\C#\VM\Core\Models\Compileds\CompiledParallelNode.cs(254,20): warning CS8603: 可能返回 null 引用。 [D:\C#\VM\Core\VM.Core.csproj]
D:\C#\VM\Core\Toolkit\BatchDataWriter.cs(139,34): warning CS0168: 声明了变量“ex”，但从未使用过 [D:\C#\VM\Core\VM.Core.csproj]
D:\C#\VM\Core\Toolkit\BlockingQueue.cs(64,24): warning CS8601: 可能的 null 引用赋值。 [D:\C#\VM\Core\VM.Core.csproj]
D:\C#\VM\Core\Toolkit\BlockingQueue.cs(67,48): warning CS8601: 可能的 null 引用赋值。 [D:\C#\VM\Core\VM.Core.csproj]
D:\C#\VM\Core\Toolkit\DebounceThrottle.cs(22,43): warning CS8600: 将 null 文本或可能的 null 值转换为不可为 null 类型。 [D:\C#\VM\Core\VM.Core.csproj]
D:\C#\VM\Core\Toolkit\EventExtensions.cs(53,51): warning CS8601: 可能的 null 引用赋值。 [D:\C#\VM\Core\VM.Core.csproj]
D:\C#\VM\Core\Toolkit\EventExtensions.cs(33,13): warning CS8602: 解引用可能出现空引用。 [D:\C#\VM\Core\VM.Core.csproj]
D:\C#\VM\Core\Toolkit\BatchDataWriter.cs(198,30): warning CS0168: 声明了变量“ex”，但从未使用过 [D:\C#\VM\Core\VM.Core.csproj]
D:\C#\VM\Core\Models\FlowModel.cs(124,73): warning CS8603: 可能返回 null 引用。 [D:\C#\VM\Core\VM.Core.csproj]
D:\C#\VM\Core\Toolkit\MemoryManager.cs(137,21): warning CS8622: “void MemoryManager.OnTimerTick(object state)”的参数“state”类型中引用类型的为 Null 性与目标委托“TimerCallback”不匹配(可能是由于为 Null 性特性)。 [D:\C#\VM\Core\VM.Core.csproj]
D:\C#\VM\Core\Toolkit\MemoryManager.cs(158,26): warning CS8625: 无法将 null 字面量转换为非 null 的引用类型。 [D:\C#\VM\Core\VM.Core.csproj]
D:\C#\VM\Core\Models\Compileds\BranchVariableRegistry.cs(84,94): warning CS8601: 可能的 null 引用赋值。 [D:\C#\VM\Core\VM.Core.csproj]
D:\C#\VM\Core\Toolkit\MemoryManager.cs(188,30): warning CS0168: 声明了变量“ex”，但从未使用过 [D:\C#\VM\Core\VM.Core.csproj]
D:\C#\VM\Core\Toolkit\GlobalExceptionHandler.cs(73,35): warning CS8602: 解引用可能出现空引用。 [D:\C#\VM\Core\VM.Core.csproj]
D:\C#\VM\Core\Toolkit\MemoryManager.cs(225,30): warning CS0168: 声明了变量“ex”，但从未使用过 [D:\C#\VM\Core\VM.Core.csproj]
D:\C#\VM\Core\Models\LocalVariableItem.cs(23,23): warning CS9264: 在退出构造函数时，不可为 null 的 属性 'Name' 必须包含非 null 值。请考虑添加“required”修饰符，或将 属性 声明为可为 null，或安全地处理“get”访问器中“field”为 null 的情况。 [D:\C#\VM\Core\VM.Core.csproj]
D:\C#\VM\Core\Toolkit\MemoryManager.cs(285,30): warning CS0168: 声明了变量“ex”，但从未使用过 [D:\C#\VM\Core\VM.Core.csproj]
D:\C#\VM\Core\Toolkit\HighPrecisionTimer.cs(83,30): warning CS0168: 声明了变量“ex”，但从未使用过 [D:\C#\VM\Core\VM.Core.csproj]
D:\C#\VM\Core\Toolkit\HighPrecisionTimer.cs(95,27): warning CS8625: 无法将 null 字面量转换为非 null 的引用类型。 [D:\C#\VM\Core\VM.Core.csproj]
D:\C#\VM\Core\Helpers\WatchPortWrapper.cs(61,41): warning CS8604: “string ArrayWatchValueFormatter.FormatElement(object element)”中的形参“element”可能传入 null 引用实参。 [D:\C#\VM\Core\VM.Core.csproj]
D:\C#\VM\Core\Helpers\WatchPortWrapper.cs(75,20): warning CS8603: 可能返回 null 引用。 [D:\C#\VM\Core\VM.Core.csproj]
D:\C#\VM\Core\Models\MandatoryFlows.cs(50,16): warning CS8603: 可能返回 null 引用。 [D:\C#\VM\Core\VM.Core.csproj]
D:\C#\VM\Core\Toolkit\LockFreeRingBuffer.cs(114,20): warning CS8625: 无法将 null 字面量转换为非 null 的引用类型。 [D:\C#\VM\Core\VM.Core.csproj]
D:\C#\VM\Core\Models\Variable\RuntimeVariableProxyPort.cs(86,28): warning CS8603: 可能返回 null 引用。 [D:\C#\VM\Core\VM.Core.csproj]
D:\C#\VM\Core\Models\Variable\RuntimeVariableProxyPort.cs(92,24): warning CS8603: 可能返回 null 引用。 [D:\C#\VM\Core\VM.Core.csproj]
D:\C#\VM\Core\Models\ProcessStep\CaseStep.cs(50,16): warning CS9264: 在退出构造函数时，不可为 null 的 属性 'JudgeExpression' 必须包含非 null 值。请考虑添加“required”修饰符，或将 属性 声明为可为 null，或安全地处理“get”访问器中“field”为 null 的情况。 [D:\C#\VM\Core\VM.Core.csproj]
D:\C#\VM\Core\Models\ProcessStep\StepCollection.cs(42,23): warning CS9264: 在退出构造函数时，不可为 null 的 属性 'StepName' 必须包含非 null 值。请考虑添加“required”修饰符，或将 属性 声明为可为 null，或安全地处理“get”访问器中“field”为 null 的情况。 [D:\C#\VM\Core\VM.Core.csproj]
D:\C#\VM\Core\Models\ProcessStep\StepCollection.cs(62,23): warning CS9264: 在退出构造函数时，不可为 null 的 属性 'Expression' 必须包含非 null 值。请考虑添加“required”修饰符，或将 属性 声明为可为 null，或安全地处理“get”访问器中“field”为 null 的情况。 [D:\C#\VM\Core\VM.Core.csproj]
D:\C#\VM\Core\Toolkit\HardwareHeartbeatMonitor.cs(30,38): warning CS8622: “void HardwareHeartbeatMonitor.OnGlobalHeartbeatTick(object state)”的参数“state”类型中引用类型的为 Null 性与目标委托“TimerCallback”不匹配(可能是由于为 Null 性特性)。 [D:\C#\VM\Core\VM.Core.csproj]
D:\C#\VM\Core\Models\Variable\NetworkVariableModel.cs(183,65): warning CS8604: “ICommunicationConnection? ICommunicationManager.GetConnection(string connectionName)”中的形参“connectionName”可能传入 null 引用实参。 [D:\C#\VM\Core\VM.Core.csproj]
D:\C#\VM\Core\Toolkit\HardwareHeartbeatMonitor.cs(79,35): warning CS8625: 无法将 null 字面量转换为非 null 的引用类型。 [D:\C#\VM\Core\VM.Core.csproj]
D:\C#\VM\Core\Models\FlowSession.cs(342,43): warning CS8604: “void FlowSession.AddBlueprintsDeep(IEnumerable<StepModel> steps)”中的形参“steps”可能传入 null 引用实参。 [D:\C#\VM\Core\VM.Core.csproj]
D:\C#\VM\Core\Models\VariableNode.cs(215,37): warning CS8601: 可能的 null 引用赋值。 [D:\C#\VM\Core\VM.Core.csproj]
D:\C#\VM\Core\Models\FlowModel.cs(325,16): warning CS9264: 在退出构造函数时，不可为 null 的 属性 'FlowName' 必须包含非 null 值。请考虑添加“required”修饰符，或将 属性 声明为可为 null，或安全地处理“get”访问器中“field”为 null 的情况。 [D:\C#\VM\Core\VM.Core.csproj]
D:\C#\VM\Core\Models\FlowModel.cs(325,16): warning CS9264: 在退出构造函数时，不可为 null 的 属性 'Description' 必须包含非 null 值。请考虑添加“required”修饰符，或将 属性 声明为可为 null，或安全地处理“get”访问器中“field”为 null 的情况。 [D:\C#\VM\Core\VM.Core.csproj]
D:\C#\VM\Core\Models\FlowModel.cs(325,16): warning CS9264: 在退出构造函数时，不可为 null 的 属性 'TriggerVariable' 必须包含非 null 值。请考虑添加“required”修饰符，或将 属性 声明为可为 null，或安全地处理“get”访问器中“field”为 null 的情况。 [D:\C#\VM\Core\VM.Core.csproj]
D:\C#\VM\Core\Toolkit\HardwareHeartbeatMonitor.cs(92,34): warning CS0168: 声明了变量“ex”，但从未使用过 [D:\C#\VM\Core\VM.Core.csproj]
D:\C#\VM\Core\Models\FlowModel.cs(370,41): warning CS8622: “void FlowModel.OnStepPropertyChanged(object sender, PropertyChangedEventArgs e)”的参数“sender”类型中引用类型的为 Null 性与目标委托“PropertyChangedEventHandler”不匹配(可能是由于为 Null 性特性)。 [D:\C#\VM\Core\VM.Core.csproj]
D:\C#\VM\Core\Models\FlowModel.cs(383,45): warning CS8622: “void FlowModel.OnStepPropertyChanged(object sender, PropertyChangedEventArgs e)”的参数“sender”类型中引用类型的为 Null 性与目标委托“PropertyChangedEventHandler”不匹配(可能是由于为 Null 性特性)。 [D:\C#\VM\Core\VM.Core.csproj]
D:\C#\VM\Core\Models\VariableNode.cs(278,37): warning CS8601: 可能的 null 引用赋值。 [D:\C#\VM\Core\VM.Core.csproj]
D:\C#\VM\Core\Models\VariableNode.cs(279,30): warning CS8601: 可能的 null 引用赋值。 [D:\C#\VM\Core\VM.Core.csproj]
D:\C#\VM\Core\Toolkit\HardwareHeartbeatMonitor.cs(115,30): warning CS0168: 声明了变量“ex”，但从未使用过 [D:\C#\VM\Core\VM.Core.csproj]
D:\C#\VM\Core\Toolkit\HardwareHeartbeatMonitor.cs(163,38): warning CS0168: 声明了变量“ex”，但从未使用过 [D:\C#\VM\Core\VM.Core.csproj]
D:\C#\VM\Core\Models\ProcessStep\StepModel.cs(232,26): warning CS8625: 无法将 null 字面量转换为非 null 的引用类型。 [D:\C#\VM\Core\VM.Core.csproj]
D:\C#\VM\Core\Models\ProcessStep\StepModel.cs(243,51): warning CS8625: 无法将 null 字面量转换为非 null 的引用类型。 [D:\C#\VM\Core\VM.Core.csproj]
D:\C#\VM\Core\Models\ProcessStep\StepModel.cs(335,16): warning CS8603: 可能返回 null 引用。 [D:\C#\VM\Core\VM.Core.csproj]
D:\C#\VM\Core\Models\ProcessStep\StepModel.cs(340,16): warning CS8603: 可能返回 null 引用。 [D:\C#\VM\Core\VM.Core.csproj]
D:\C#\VM\Core\LogService.cs(31,21): warning CS0169: 从不使用字段“LogService._droppedCount” [D:\C#\VM\Core\VM.Core.csproj]
D:\C#\VM\Engine\FlowSessionFactory.cs(36,31): warning CS8625: 无法将 null 字面量转换为非 null 的引用类型。 [D:\C#\VM\Engine\VM.FlowEngine.csproj]
D:\C#\VM\Engine\FlowEngineService.cs(119,39): warning CS8625: 无法将 null 字面量转换为非 null 的引用类型。 [D:\C#\VM\Engine\VM.FlowEngine.csproj]
D:\C#\VM\Engine\FlowEngineService.cs(208,102): warning CS8625: 无法将 null 字面量转换为非 null 的引用类型。 [D:\C#\VM\Engine\VM.FlowEngine.csproj]
D:\C#\VM\Engine\FlowTimerScheduler.cs(67,42): warning CS8625: 无法将 null 字面量转换为非 null 的引用类型。 [D:\C#\VM\Engine\VM.FlowEngine.csproj]
D:\C#\VM\Engine\PluginTestRunner.cs(55,39): warning CS8625: 无法将 null 字面量转换为非 null 的引用类型。 [D:\C#\VM\Engine\VM.FlowEngine.csproj]
D:\C#\VM\Engine\PluginTestRunner.cs(56,39): warning CS8625: 无法将 null 字面量转换为非 null 的引用类型。 [D:\C#\VM\Engine\VM.FlowEngine.csproj]
D:\C#\VM\Engine\PluginTestRunner.cs(57,40): warning CS8625: 无法将 null 字面量转换为非 null 的引用类型。 [D:\C#\VM\Engine\VM.FlowEngine.csproj]
D:\C#\VM\Engine\ResourceLockService.cs(50,102): warning CS8625: 无法将 null 字面量转换为非 null 的引用类型。 [D:\C#\VM\Engine\VM.FlowEngine.csproj]
D:\C#\VM\Engine\ResourceLockService.cs(58,117): warning CS8625: 无法将 null 字面量转换为非 null 的引用类型。 [D:\C#\VM\Engine\VM.FlowEngine.csproj]
D:\C#\VM\Engine\ResourceLockService.cs(79,112): warning CS8625: 无法将 null 字面量转换为非 null 的引用类型。 [D:\C#\VM\Engine\VM.FlowEngine.csproj]
D:\C#\VM\Engine\FlowEngineService.cs(172,20): warning CS8603: 可能返回 null 引用。 [D:\C#\VM\Engine\VM.FlowEngine.csproj]
D:\C#\VM\Engine\FlowTickSource.cs(89,30): warning CS8625: 无法将 null 字面量转换为非 null 的引用类型。 [D:\C#\VM\Engine\VM.FlowEngine.csproj]
D:\C#\VM\Engine\FlowSessionFactory.cs(38,23): warning CS8625: 无法将 null 字面量转换为非 null 的引用类型。 [D:\C#\VM\Engine\VM.FlowEngine.csproj]
D:\C#\VM\Engine\FlowSessionFactory.cs(39,21): warning CS8625: 无法将 null 字面量转换为非 null 的引用类型。 [D:\C#\VM\Engine\VM.FlowEngine.csproj]
D:\C#\VM\Engine\ResourceLockService.cs(81,29): warning CS8625: 无法将 null 字面量转换为非 null 的引用类型。 [D:\C#\VM\Engine\VM.FlowEngine.csproj]
D:\C#\VM\Engine\FlowTickSource.cs(154,26): warning CS8625: 无法将 null 字面量转换为非 null 的引用类型。 [D:\C#\VM\Engine\VM.FlowEngine.csproj]
D:\C#\VM\Engine\FlowTickSource.cs(155,23): warning CS8625: 无法将 null 字面量转换为非 null 的引用类型。 [D:\C#\VM\Engine\VM.FlowEngine.csproj]
D:\C#\VM\Engine\ResourceLockService.cs(120,20): warning CS8603: 可能返回 null 引用。 [D:\C#\VM\Engine\VM.FlowEngine.csproj]
D:\C#\VM\Engine\ResourceLockService.cs(138,43): warning CS8625: 无法将 null 字面量转换为非 null 的引用类型。 [D:\C#\VM\Engine\VM.FlowEngine.csproj]
D:\C#\VM\Engine\FlowInvoker.cs(143,39): warning CS8603: 可能返回 null 引用。 [D:\C#\VM\Engine\VM.FlowEngine.csproj]
D:\C#\VM\Engine\FlowInvoker.cs(147,20): warning CS8603: 可能返回 null 引用。 [D:\C#\VM\Engine\VM.FlowEngine.csproj]
D:\C#\VM\Engine\ResourceLockService.cs(157,44): warning CS8625: 无法将 null 字面量转换为非 null 的引用类型。 [D:\C#\VM\Engine\VM.FlowEngine.csproj]
D:\C#\VM\Engine\FlowTickSource.cs(230,29): warning CS8625: 无法将 null 字面量转换为非 null 的引用类型。 [D:\C#\VM\Engine\VM.FlowEngine.csproj]
D:\C#\VM\Engine\FlowTickSource.cs(249,25): warning CS8625: 无法将 null 字面量转换为非 null 的引用类型。 [D:\C#\VM\Engine\VM.FlowEngine.csproj]
D:\C#\VM\Engine\FlowCompiler.cs(189,24): warning CS8603: 可能返回 null 引用。 [D:\C#\VM\Engine\VM.FlowEngine.csproj]
D:\C#\VM\Engine\FlowCompiler.cs(195,20): warning CS8603: 可能返回 null 引用。 [D:\C#\VM\Engine\VM.FlowEngine.csproj]
D:\C#\VM\Engine\FlowCompiler.cs(205,20): warning CS8625: 无法将 null 字面量转换为非 null 的引用类型。 [D:\C#\VM\Engine\VM.FlowEngine.csproj]
D:\C#\VM\Engine\FlowQueryHelper.cs(74,44): warning CS8601: 可能的 null 引用赋值。 [D:\C#\VM\Engine\VM.FlowEngine.csproj]
D:\C#\VM\Engine\FlowQueryHelper.cs(122,44): warning CS8601: 可能的 null 引用赋值。 [D:\C#\VM\Engine\VM.FlowEngine.csproj]
D:\C#\VM\Engine\FlowQueryHelper.cs(178,36): warning CS8601: 可能的 null 引用赋值。 [D:\C#\VM\Engine\VM.FlowEngine.csproj]
D:\C#\VM\Engine\FlowEngineService.cs(428,43): warning CS8625: 无法将 null 字面量转换为非 null 的引用类型。 [D:\C#\VM\Engine\VM.FlowEngine.csproj]
D:\C#\VM\Engine\FlowEngineService.cs(444,55): warning CS8625: 无法将 null 字面量转换为非 null 的引用类型。 [D:\C#\VM\Engine\VM.FlowEngine.csproj]
D:\C#\VM\Engine\FlowTickSource.cs(280,50): warning CS8601: 可能的 null 引用赋值。 [D:\C#\VM\Engine\VM.FlowEngine.csproj]
D:\C#\VM\Engine\FlowQueryHelper.cs(204,28): warning CS8625: 无法将 null 字面量转换为非 null 的引用类型。 [D:\C#\VM\Engine\VM.FlowEngine.csproj]
D:\C#\VM\Engine\FlowTickSource.cs(320,22): warning CS8625: 无法将 null 字面量转换为非 null 的引用类型。 [D:\C#\VM\Engine\VM.FlowEngine.csproj]
D:\C#\VM\Engine\FlowTickSource.cs(321,21): warning CS8625: 无法将 null 字面量转换为非 null 的引用类型。 [D:\C#\VM\Engine\VM.FlowEngine.csproj]
D:\C#\VM\Engine\FlowVariableTriggerService.cs(63,48): warning CS8622: “void FlowVariableTriggerService.OnVariablesCollectionChanged(object sender, NotifyCollectionChangedEventArgs e)”的参数“sender”类型中引用类型的为 Null 性与目标委托“NotifyCollectionChangedEventHandler”不匹配(可能是由于为 Null 性特性)。 [D:\C#\VM\Engine\VM.FlowEngine.csproj]
D:\C#\VM\Engine\FlowTimerScheduler.cs(87,41): warning CS8622: “void FlowTimerScheduler.OnWorkspacePropertyChanged(object sender, PropertyChangedEventArgs e)”的参数“sender”类型中引用类型的为 Null 性与目标委托“PropertyChangedEventHandler”不匹配(可能是由于为 Null 性特性)。 [D:\C#\VM\Engine\VM.FlowEngine.csproj]
D:\C#\VM\Engine\FlowTimerScheduler.cs(99,31): warning CS8625: 无法将 null 字面量转换为非 null 的引用类型。 [D:\C#\VM\Engine\VM.FlowEngine.csproj]
D:\C#\VM\Engine\FlowTickSource.cs(341,22): warning CS8625: 无法将 null 字面量转换为非 null 的引用类型。 [D:\C#\VM\Engine\VM.FlowEngine.csproj]
D:\C#\VM\Engine\FlowTickSource.cs(342,21): warning CS8625: 无法将 null 字面量转换为非 null 的引用类型。 [D:\C#\VM\Engine\VM.FlowEngine.csproj]
D:\C#\VM\Engine\FlowVariableTriggerService.cs(74,67): warning CS8622: “void FlowVariableTriggerService.OnVariablesCollectionChanged(object sender, NotifyCollectionChangedEventArgs e)”的参数“sender”类型中引用类型的为 Null 性与目标委托“NotifyCollectionChangedEventHandler”不匹配(可能是由于为 Null 性特性)。 [D:\C#\VM\Engine\VM.FlowEngine.csproj]
D:\C#\VM\Engine\FlowVariableTriggerService.cs(78,63): warning CS8622: “void FlowVariableTriggerService.OnVariableValueChanged(object sender, EventArgs e)”的参数“sender”类型中引用类型的为 Null 性与目标委托“EventHandler”不匹配(可能是由于为 Null 性特性)。 [D:\C#\VM\Engine\VM.FlowEngine.csproj]
D:\C#\VM\Engine\PluginTestRunner.cs(60,28): warning CS8625: 无法将 null 字面量转换为非 null 的引用类型。 [D:\C#\VM\Engine\VM.FlowEngine.csproj]
D:\C#\VM\Engine\FlowTimerScheduler.cs(108,41): warning CS8622: “void FlowTimerScheduler.OnWorkspacePropertyChanged(object sender, PropertyChangedEventArgs e)”的参数“sender”类型中引用类型的为 Null 性与目标委托“PropertyChangedEventHandler”不匹配(可能是由于为 Null 性特性)。 [D:\C#\VM\Engine\VM.FlowEngine.csproj]
D:\C#\VM\Engine\FlowTimerScheduler.cs(110,51): warning CS8601: 可能的 null 引用赋值。 [D:\C#\VM\Engine\VM.FlowEngine.csproj]
D:\C#\VM\Engine\FlowVariableTriggerService.cs(89,63): warning CS8622: “void FlowVariableTriggerService.OnVariableValueChanged(object sender, EventArgs e)”的参数“sender”类型中引用类型的为 Null 性与目标委托“EventHandler”不匹配(可能是由于为 Null 性特性)。 [D:\C#\VM\Engine\VM.FlowEngine.csproj]
D:\C#\VM\Engine\PluginProvider.cs(84,24): warning CS8603: 可能返回 null 引用。 [D:\C#\VM\Engine\VM.FlowEngine.csproj]
D:\C#\VM\Engine\FlowVariableTriggerService.cs(108,39): warning CS8622: “void FlowVariableTriggerService.OnVariableValueChanged(object sender, EventArgs e)”的参数“sender”类型中引用类型的为 Null 性与目标委托“EventHandler”不匹配(可能是由于为 Null 性特性)。 [D:\C#\VM\Engine\VM.FlowEngine.csproj]
D:\C#\VM\Engine\FlowVariableTriggerService.cs(112,85): warning CS8604: “void FlowVariableTriggerService.Evaluate(IVariable variable)”中的形参“variable”可能传入 null 引用实参。 [D:\C#\VM\Engine\VM.FlowEngine.csproj]
D:\C#\VM\Engine\IRuntimeManager.cs(157,39): warning CS8604: “void RuntimeManager.StopSessionGracefully(FlowSession session, int timeoutMs = 3000)”中的形参“session”可能传入 null 引用实参。 [D:\C#\VM\Engine\VM.FlowEngine.csproj]
D:\C#\VM\Engine\PluginProvider.cs(149,24): warning CS8603: 可能返回 null 引用。 [D:\C#\VM\Engine\VM.FlowEngine.csproj]
D:\C#\VM\Engine\PluginProvider.cs(165,24): warning CS8603: 可能返回 null 引用。 [D:\C#\VM\Engine\VM.FlowEngine.csproj]
D:\C#\VM\Engine\FlowTimerScheduler.cs(157,40): warning CS8604: “void FlowAutoRunner.RunOnce(IWorkspaceManager workspace, IRuntimeManager runtime, IFlowEngine engine, FlowCompiler compiler, ILogService log, FlowModel flow, string reason)”中的形参“workspace”可能传入 null 引用实参。 [D:\C#\VM\Engine\VM.FlowEngine.csproj]
D:\C#\VM\Engine\IRuntimeManager.cs(199,24): warning CS8603: 可能返回 null 引用。 [D:\C#\VM\Engine\VM.FlowEngine.csproj]
D:\C#\VM\Engine\FlowEngineService.cs(590,43): warning CS8625: 无法将 null 字面量转换为非 null 的引用类型。 [D:\C#\VM\Engine\VM.FlowEngine.csproj]
D:\C#\VM\Engine\FlowEngineService.cs(606,55): warning CS8625: 无法将 null 字面量转换为非 null 的引用类型。 [D:\C#\VM\Engine\VM.FlowEngine.csproj]
D:\C#\VM\Engine\PluginTestRunner.cs(238,47): warning CS8625: 无法将 null 字面量转换为非 null 的引用类型。 [D:\C#\VM\Engine\VM.FlowEngine.csproj]
D:\C#\VM\Engine\IRuntimeManager.cs(211,24): warning CS8603: 可能返回 null 引用。 [D:\C#\VM\Engine\VM.FlowEngine.csproj]
D:\C#\VM\Engine\FlowVariableTriggerService.cs(168,40): warning CS8604: “void FlowAutoRunner.RunOnce(IWorkspaceManager workspace, IRuntimeManager runtime, IFlowEngine engine, FlowCompiler compiler, ILogService log, FlowModel flow, string reason)”中的形参“workspace”可能传入 null 引用实参。 [D:\C#\VM\Engine\VM.FlowEngine.csproj]
D:\C#\VM\Engine\PluginService.cs(228,32): warning CS8601: 可能的 null 引用赋值。 [D:\C#\VM\Engine\VM.FlowEngine.csproj]
D:\C#\VM\Engine\PluginService.cs(229,35): warning CS8601: 可能的 null 引用赋值。 [D:\C#\VM\Engine\VM.FlowEngine.csproj]
D:\C#\VM\Engine\PluginService.cs(230,28): warning CS8601: 可能的 null 引用赋值。 [D:\C#\VM\Engine\VM.FlowEngine.csproj]
D:\C#\VM\Engine\PluginService.cs(231,28): warning CS8601: 可能的 null 引用赋值。 [D:\C#\VM\Engine\VM.FlowEngine.csproj]
D:\C#\VM\Engine\PluginService.cs(232,38): warning CS8601: 可能的 null 引用赋值。 [D:\C#\VM\Engine\VM.FlowEngine.csproj]
D:\C#\VM\Engine\PluginService.cs(248,52): warning CS8601: 可能的 null 引用赋值。 [D:\C#\VM\Engine\VM.FlowEngine.csproj]
D:\C#\VM\Engine\PluginService.cs(265,48): warning CS8601: 可能的 null 引用赋值。 [D:\C#\VM\Engine\VM.FlowEngine.csproj]
D:\C#\VM\Engine\PluginService.cs(286,50): warning CS8604: “void IPluginProvider.RegisterModule(ToolItemModel plugin)”中的形参“plugin”可能传入 null 引用实参。 [D:\C#\VM\Engine\VM.FlowEngine.csproj]
D:\C#\VM\Engine\PluginService.cs(327,32): warning CS8601: 可能的 null 引用赋值。 [D:\C#\VM\Engine\VM.FlowEngine.csproj]
D:\C#\VM\Engine\PluginService.cs(328,35): warning CS8601: 可能的 null 引用赋值。 [D:\C#\VM\Engine\VM.FlowEngine.csproj]
D:\C#\VM\Engine\PluginService.cs(329,28): warning CS8601: 可能的 null 引用赋值。 [D:\C#\VM\Engine\VM.FlowEngine.csproj]
D:\C#\VM\Engine\PluginService.cs(330,28): warning CS8601: 可能的 null 引用赋值。 [D:\C#\VM\Engine\VM.FlowEngine.csproj]
D:\C#\VM\Engine\PluginService.cs(331,38): warning CS8601: 可能的 null 引用赋值。 [D:\C#\VM\Engine\VM.FlowEngine.csproj]
D:\C#\VM\Engine\PluginService.cs(368,32): warning CS8601: 可能的 null 引用赋值。 [D:\C#\VM\Engine\VM.FlowEngine.csproj]
D:\C#\VM\Engine\PluginService.cs(369,35): warning CS8601: 可能的 null 引用赋值。 [D:\C#\VM\Engine\VM.FlowEngine.csproj]
D:\C#\VM\Engine\PluginService.cs(370,28): warning CS8601: 可能的 null 引用赋值。 [D:\C#\VM\Engine\VM.FlowEngine.csproj]
D:\C#\VM\Engine\PluginService.cs(371,28): warning CS8601: 可能的 null 引用赋值。 [D:\C#\VM\Engine\VM.FlowEngine.csproj]
D:\C#\VM\Engine\PluginService.cs(372,38): warning CS8601: 可能的 null 引用赋值。 [D:\C#\VM\Engine\VM.FlowEngine.csproj]
D:\C#\VM\Engine\FlowCompiler.cs(426,42): warning CS8600: 将 null 文本或可能的 null 值转换为不可为 null 类型。 [D:\C#\VM\Engine\VM.FlowEngine.csproj]
D:\C#\VM\Engine\FlowCompiler.cs(427,44): warning CS8600: 将 null 文本或可能的 null 值转换为不可为 null 类型。 [D:\C#\VM\Engine\VM.FlowEngine.csproj]
D:\C#\VM\Engine\FlowCompiler.cs(428,44): warning CS8600: 将 null 文本或可能的 null 值转换为不可为 null 类型。 [D:\C#\VM\Engine\VM.FlowEngine.csproj]
D:\C#\VM\Engine\FlowCompiler.cs(434,41): warning CS8600: 将 null 文本或可能的 null 值转换为不可为 null 类型。 [D:\C#\VM\Engine\VM.FlowEngine.csproj]
D:\C#\VM\Engine\FlowCompiler.cs(454,45): warning CS8600: 将 null 文本或可能的 null 值转换为不可为 null 类型。 [D:\C#\VM\Engine\VM.FlowEngine.csproj]
D:\C#\VM\Engine\FlowCompiler.cs(479,52): warning CS8600: 将 null 文本或可能的 null 值转换为不可为 null 类型。 [D:\C#\VM\Engine\VM.FlowEngine.csproj]
D:\C#\VM\Engine\FlowCompiler.cs(482,46): warning CS8600: 将 null 文本或可能的 null 值转换为不可为 null 类型。 [D:\C#\VM\Engine\VM.FlowEngine.csproj]
D:\C#\VM\Engine\FlowCompiler.cs(610,51): warning CS8601: 可能的 null 引用赋值。 [D:\C#\VM\Engine\VM.FlowEngine.csproj]
D:\C#\VM\Engine\FlowCompiler.cs(616,52): warning CS8601: 可能的 null 引用赋值。 [D:\C#\VM\Engine\VM.FlowEngine.csproj]
D:\C#\VM\Engine\FlowCompiler.cs(739,44): warning CS8600: 将 null 文本或可能的 null 值转换为不可为 null 类型。 [D:\C#\VM\Engine\VM.FlowEngine.csproj]
D:\C#\VM\Engine\FlowCompiler.cs(742,37): warning CS8600: 将 null 文本或可能的 null 值转换为不可为 null 类型。 [D:\C#\VM\Engine\VM.FlowEngine.csproj]
D:\C#\VM\Engine\FlowCompiler.cs(746,34): warning CS8600: 将 null 文本或可能的 null 值转换为不可为 null 类型。 [D:\C#\VM\Engine\VM.FlowEngine.csproj]
D:\C#\VM\Engine\FlowCompiler.cs(747,25): warning CS8602: 解引用可能出现空引用。 [D:\C#\VM\Engine\VM.FlowEngine.csproj]
D:\C#\VM\Engine\FlowCompiler.cs(857,46): warning CS8600: 将 null 文本或可能的 null 值转换为不可为 null 类型。 [D:\C#\VM\Engine\VM.FlowEngine.csproj]
D:\C#\VM\Engine\FlowCompiler.cs(941,34): warning CS8600: 将 null 文本或可能的 null 值转换为不可为 null 类型。 [D:\C#\VM\Engine\VM.FlowEngine.csproj]
D:\C#\VM\Engine\FlowCompiler.cs(994,85): warning CS8600: 将 null 文本或可能的 null 值转换为不可为 null 类型。 [D:\C#\VM\Engine\VM.FlowEngine.csproj]
D:\C#\VM\Engine\FlowCompiler.cs(1228,31): warning CS8600: 将 null 文本或可能的 null 值转换为不可为 null 类型。 [D:\C#\VM\Engine\VM.FlowEngine.csproj]
D:\C#\VM\Engine\FlowCompiler.cs(1339,32): warning CS8603: 可能返回 null 引用。 [D:\C#\VM\Engine\VM.FlowEngine.csproj]
D:\C#\VM\Engine\FlowCompiler.cs(1343,20): warning CS8603: 可能返回 null 引用。 [D:\C#\VM\Engine\VM.FlowEngine.csproj]
D:\C#\VM\UI\Controls\Core\ObservableObject.cs(11,50): warning CS8612: “event PropertyChangedEventHandler ObservableObject.PropertyChanged”的类型中引用类型的为 Null 性与隐式实现的成员“event PropertyChangedEventHandler? INotifyPropertyChanged.PropertyChanged”不匹配。 [D:\C#\VM\UI\Controls\UI_5nqcxhpr_wpftmp.csproj]
D:\C#\VM\UI\Controls\Core\ObservableObject.cs(17,91): warning CS8625: 无法将 null 字面量转换为非 null 的引用类型。 [D:\C#\VM\UI\Controls\UI_5nqcxhpr_wpftmp.csproj]
D:\C#\VM\UI\Controls\Core\ObservableObject.cs(30,112): warning CS8625: 无法将 null 字面量转换为非 null 的引用类型。 [D:\C#\VM\UI\Controls\UI_5nqcxhpr_wpftmp.csproj]
D:\C#\VM\UI\Controls\Models\PropertyItem.cs(83,50): warning CS8612: “event PropertyChangedEventHandler PropertyItem.PropertyChanged”的类型中引用类型的为 Null 性与隐式实现的成员“event PropertyChangedEventHandler? INotifyPropertyChanged.PropertyChanged”不匹配。 [D:\C#\VM\UI\Controls\UI_5nqcxhpr_wpftmp.csproj]
D:\C#\VM\UI\Controls\Core\MarkupCommandBase.cs(28,29): warning CS8767: “bool MarkupCommandBase.CanExecute(object parameter)”的参数“parameter”类型中引用类型的为 Null 性与隐式实现的成员“bool ICommand.CanExecute(object? parameter)”不匹配(可能是由于为 Null 性特性)。 [D:\C#\VM\UI\Controls\UI_5nqcxhpr_wpftmp.csproj]
D:\C#\VM\UI\Controls\Core\MarkupCommandBase.cs(32,30): warning CS8767: “void MarkupCommandBase.Execute(object parameter)”的参数“parameter”类型中引用类型的为 Null 性与隐式实现的成员“void ICommand.Execute(object? parameter)”不匹配(可能是由于为 Null 性特性)。 [D:\C#\VM\UI\Controls\UI_5nqcxhpr_wpftmp.csproj]
D:\C#\VM\UI\Controls\Core\MarkupCommandBase.cs(17,35): warning CS8612: “event EventHandler MarkupCommandBase.CanExecuteChanged”的类型中引用类型的为 Null 性与隐式实现的成员“event EventHandler? ICommand.CanExecuteChanged”不匹配。 [D:\C#\VM\UI\Controls\UI_5nqcxhpr_wpftmp.csproj]
D:\C#\VM\UI\Controls\Core\MarkupCommandBase.cs(72,50): warning CS8612: “event PropertyChangedEventHandler MarkupCommandBase.PropertyChanged”的类型中引用类型的为 Null 性与隐式实现的成员“event PropertyChangedEventHandler? INotifyPropertyChanged.PropertyChanged”不匹配。 [D:\C#\VM\UI\Controls\UI_5nqcxhpr_wpftmp.csproj]
D:\C#\VM\UI\Controls\Core\ElementExtention.cs(80,93): warning CS8625: 无法将 null 字面量转换为非 null 的引用类型。 [D:\C#\VM\UI\Controls\UI_5nqcxhpr_wpftmp.csproj]
D:\C#\VM\UI\Controls\Core\ElementExtention.cs(102,109): warning CS8625: 无法将 null 字面量转换为非 null 的引用类型。 [D:\C#\VM\UI\Controls\UI_5nqcxhpr_wpftmp.csproj]
D:\C#\VM\UI\Controls\Core\ElementExtention.cs(405,111): warning CS8625: 无法将 null 字面量转换为非 null 的引用类型。 [D:\C#\VM\UI\Controls\UI_5nqcxhpr_wpftmp.csproj]
D:\C#\VM\UI\Controls\Core\ElementExtention.cs(413,97): warning CS8625: 无法将 null 字面量转换为非 null 的引用类型。 [D:\C#\VM\UI\Controls\UI_5nqcxhpr_wpftmp.csproj]
D:\C#\VM\UI\Controls\Core\ElementExtention.cs(428,96): warning CS8625: 无法将 null 字面量转换为非 null 的引用类型。 [D:\C#\VM\UI\Controls\UI_5nqcxhpr_wpftmp.csproj]
D:\C#\VM\UI\Controls\Core\ElementExtention.cs(451,98): warning CS8625: 无法将 null 字面量转换为非 null 的引用类型。 [D:\C#\VM\UI\Controls\UI_5nqcxhpr_wpftmp.csproj]
D:\C#\VM\UI\Controls\Core\ElementExtention.cs(491,104): warning CS8625: 无法将 null 字面量转换为非 null 的引用类型。 [D:\C#\VM\UI\Controls\UI_5nqcxhpr_wpftmp.csproj]
D:\C#\VM\UI\Controls\Models\PropertyItem.cs(41,27): warning CS8601: 可能的 null 引用赋值。 [D:\C#\VM\UI\Controls\UI_5nqcxhpr_wpftmp.csproj]
D:\C#\VM\UI\Controls\Models\PropertyItem.cs(46,31): warning CS8601: 可能的 null 引用赋值。 [D:\C#\VM\UI\Controls\UI_5nqcxhpr_wpftmp.csproj]
D:\C#\VM\UI\Controls\Models\PropertyItem.cs(49,24): warning CS8601: 可能的 null 引用赋值。 [D:\C#\VM\UI\Controls\UI_5nqcxhpr_wpftmp.csproj]
D:\C#\VM\UI\Controls\Models\PropertyItem.cs(66,20): warning CS8603: 可能返回 null 引用。 [D:\C#\VM\UI\Controls\UI_5nqcxhpr_wpftmp.csproj]
D:\C#\VM\UI\Controls\AttachedProperties\IconHelper.cs(81,20): warning CS8603: 可能返回 null 引用。 [D:\C#\VM\UI\Controls\UI_5nqcxhpr_wpftmp.csproj]
D:\C#\VM\UI\Controls\Converters\UniversalValueConverter.cs(30,20): warning CS8603: 可能返回 null 引用。 [D:\C#\VM\UI\Controls\UI_5nqcxhpr_wpftmp.csproj]
D:\C#\VM\UI\Controls\AttachedProperties\PasswordBoxHelper.cs(67,39): warning CS8600: 将 null 文本或可能的 null 值转换为不可为 null 类型。 [D:\C#\VM\UI\Controls\UI_5nqcxhpr_wpftmp.csproj]
D:\C#\VM\UI\Controls\AttachedProperties\PasswordBoxHelper.cs(68,27): warning CS8604: “void PasswordBoxHelper.SetIsUpdating(DependencyObject dp, bool value)”中的形参“dp”可能传入 null 引用实参。 [D:\C#\VM\UI\Controls\UI_5nqcxhpr_wpftmp.csproj]
D:\C#\VM\UI\Controls\Core\MarkupCommandBase.cs(38,20): warning CS8603: 可能返回 null 引用。 [D:\C#\VM\UI\Controls\UI_5nqcxhpr_wpftmp.csproj]
D:\C#\VM\UI\Controls\Core\MarkupCommandBase.cs(45,24): warning CS8603: 可能返回 null 引用。 [D:\C#\VM\UI\Controls\UI_5nqcxhpr_wpftmp.csproj]
D:\C#\VM\UI\Controls\Core\MarkupCommandBase.cs(39,13): warning CS0162: 检测到无法访问的代码 [D:\C#\VM\UI\Controls\UI_5nqcxhpr_wpftmp.csproj]
D:\C#\VM\UI\Controls\Core\MarkupCommandBase.cs(62,49): warning CS8603: 可能返回 null 引用。 [D:\C#\VM\UI\Controls\UI_5nqcxhpr_wpftmp.csproj]
D:\C#\VM\UI\Controls\Converters\TypeNameToFriendlyNameConverter.cs(22,35): warning CS8600: 将 null 文本或可能的 null 值转换为不可为 null 类型。 [D:\C#\VM\UI\Controls\UI_5nqcxhpr_wpftmp.csproj]
D:\C#\VM\UI\Controls\Converters\TypeNameToFriendlyNameConverter.cs(40,31): warning CS8600: 将 null 文本或可能的 null 值转换为不可为 null 类型。 [D:\C#\VM\UI\Controls\UI_5nqcxhpr_wpftmp.csproj]
D:\C#\VM\UI\Controls\Converters\TypeNameToFriendlyNameConverter.cs(49,32): warning CS8602: 解引用可能出现空引用。 [D:\C#\VM\UI\Controls\UI_5nqcxhpr_wpftmp.csproj]
D:\C#\VM\UI\Controls\Core\ElementExtention.cs(84,35): warning CS8600: 将 null 文本或可能的 null 值转换为不可为 null 类型。 [D:\C#\VM\UI\Controls\UI_5nqcxhpr_wpftmp.csproj]
D:\C#\VM\UI\Controls\Core\ElementExtention.cs(96,20): warning CS8603: 可能返回 null 引用。 [D:\C#\VM\UI\Controls\UI_5nqcxhpr_wpftmp.csproj]
D:\C#\VM\UI\Controls\Helper\ControlBindHelper.cs(28,43): warning CS8604: “FieldInfo? Type.GetField(string name)”中的形参“name”可能传入 null 引用实参。 [D:\C#\VM\UI\Controls\UI_5nqcxhpr_wpftmp.csproj]
D:\C#\VM\UI\Controls\Helper\ControlBindHelper.cs(30,46): warning CS8604: “Attribute? Attribute.GetCustomAttribute(MemberInfo element, Type attributeType)”中的形参“element”可能传入 null 引用实参。 [D:\C#\VM\UI\Controls\UI_5nqcxhpr_wpftmp.csproj]
D:\C#\VM\UI\Controls\Helper\ControlBindHelper.cs(29,31): warning CS8600: 将 null 文本或可能的 null 值转换为不可为 null 类型。 [D:\C#\VM\UI\Controls\UI_5nqcxhpr_wpftmp.csproj]
D:\C#\VM\UI\Controls\Helper\ControlBindHelper.cs(31,20): warning CS8603: 可能返回 null 引用。 [D:\C#\VM\UI\Controls\UI_5nqcxhpr_wpftmp.csproj]
D:\C#\VM\UI\Controls\Core\ElementExtention.cs(106,35): warning CS8600: 将 null 文本或可能的 null 值转换为不可为 null 类型。 [D:\C#\VM\UI\Controls\UI_5nqcxhpr_wpftmp.csproj]
D:\C#\VM\UI\Controls\Core\ElementExtention.cs(112,55): warning CS8604: “IEnumerable<T> ElementExtention.GetChildren<T>(DependencyObject p_element, Func<T, bool> p_func = null, bool filterContain = false)”中的形参“p_func”可能传入 null 引用实参。 [D:\C#\VM\UI\Controls\UI_5nqcxhpr_wpftmp.csproj]
D:\C#\VM\UI\Controls\Core\ElementExtention.cs(125,55): warning CS8604: “IEnumerable<T> ElementExtention.GetChildren<T>(DependencyObject p_element, Func<T, bool> p_func = null, bool filterContain = false)”中的形参“p_func”可能传入 null 引用实参。 [D:\C#\VM\UI\Controls\UI_5nqcxhpr_wpftmp.csproj]
D:\C#\VM\UI\Controls\Behaviors\TreeViewBehavior.cs(203,20): warning CS8603: 可能返回 null 引用。 [D:\C#\VM\UI\Controls\UI_5nqcxhpr_wpftmp.csproj]
D:\C#\VM\UI\Controls\Core\ElementExtention.cs(136,41): warning CS8603: 可能返回 null 引用。 [D:\C#\VM\UI\Controls\UI_5nqcxhpr_wpftmp.csproj]
D:\C#\VM\UI\Controls\Core\ElementExtention.cs(153,20): warning CS8603: 可能返回 null 引用。 [D:\C#\VM\UI\Controls\UI_5nqcxhpr_wpftmp.csproj]
D:\C#\VM\UI\Controls\CustomControl\DialogArrayEditor.xaml.cs(106,20): warning CS8601: 可能的 null 引用赋值。 [D:\C#\VM\UI\Controls\UI_5nqcxhpr_wpftmp.csproj]
D:\C#\VM\UI\Controls\Core\ElementExtention.cs(161,41): warning CS8603: 可能返回 null 引用。 [D:\C#\VM\UI\Controls\UI_5nqcxhpr_wpftmp.csproj]
D:\C#\VM\UI\Controls\Core\ElementExtention.cs(163,65): warning CS8604: “bool Func<T, bool>.Invoke(T arg)”中的形参“arg”可能传入 null 引用实参。 [D:\C#\VM\UI\Controls\UI_5nqcxhpr_wpftmp.csproj]
D:\C#\VM\UI\Controls\Core\ElementExtention.cs(177,20): warning CS8603: 可能返回 null 引用。 [D:\C#\VM\UI\Controls\UI_5nqcxhpr_wpftmp.csproj]
D:\C#\VM\UI\Controls\Core\ElementExtention.cs(188,24): warning CS8603: 可能返回 null 引用。 [D:\C#\VM\UI\Controls\UI_5nqcxhpr_wpftmp.csproj]
D:\C#\VM\UI\Controls\Core\ElementExtention.cs(189,20): warning CS8603: 可能返回 null 引用。 [D:\C#\VM\UI\Controls\UI_5nqcxhpr_wpftmp.csproj]
D:\C#\VM\UI\Controls\Core\ElementExtention.cs(209,32): warning CS8604: “T ElementExtention.GetElement<T>(DependencyObject element)”中的形参“element”可能传入 null 引用实参。 [D:\C#\VM\UI\Controls\UI_5nqcxhpr_wpftmp.csproj]
D:\C#\VM\UI\Controls\Core\ElementExtention.cs(215,29): warning CS8604: “T ElementExtention.GetElement<T>(DependencyObject element)”中的形参“element”可能传入 null 引用实参。 [D:\C#\VM\UI\Controls\UI_5nqcxhpr_wpftmp.csproj]
D:\C#\VM\UI\Controls\Core\ElementExtention.cs(217,20): warning CS8603: 可能返回 null 引用。 [D:\C#\VM\UI\Controls\UI_5nqcxhpr_wpftmp.csproj]
D:\C#\VM\UI\Controls\Core\ElementExtention.cs(230,41): warning CS8604: “IEnumerable<T> ElementExtention.GetElements<T>(DependencyObject element)”中的形参“element”可能传入 null 引用实参。 [D:\C#\VM\UI\Controls\UI_5nqcxhpr_wpftmp.csproj]
D:\C#\VM\UI\Controls\Core\ElementExtention.cs(238,41): warning CS8604: “IEnumerable<T> ElementExtention.GetElements<T>(DependencyObject element)”中的形参“element”可能传入 null 引用实参。 [D:\C#\VM\UI\Controls\UI_5nqcxhpr_wpftmp.csproj]
D:\C#\VM\UI\Controls\Core\ElementExtention.cs(253,38): warning CS8603: 可能返回 null 引用。 [D:\C#\VM\UI\Controls\UI_5nqcxhpr_wpftmp.csproj]
D:\C#\VM\UI\Controls\Core\ElementExtention.cs(255,20): warning CS8603: 可能返回 null 引用。 [D:\C#\VM\UI\Controls\UI_5nqcxhpr_wpftmp.csproj]
D:\C#\VM\UI\Controls\Core\ElementExtention.cs(263,20): warning CS8603: 可能返回 null 引用。 [D:\C#\VM\UI\Controls\UI_5nqcxhpr_wpftmp.csproj]
D:\C#\VM\UI\Controls\Core\ElementExtention.cs(308,39): warning CS8604: “IEnumerable<T> ElementExtention.FindAllVisualChild<T>(DependencyObject obj, Predicate<T> match)”中的形参“obj”可能传入 null 引用实参。 [D:\C#\VM\UI\Controls\UI_5nqcxhpr_wpftmp.csproj]
D:\C#\VM\UI\Controls\Core\ElementExtention.cs(352,24): warning CS8603: 可能返回 null 引用。 [D:\C#\VM\UI\Controls\UI_5nqcxhpr_wpftmp.csproj]
D:\C#\VM\UI\Controls\Core\ElementExtention.cs(366,20): warning CS8603: 可能返回 null 引用。 [D:\C#\VM\UI\Controls\UI_5nqcxhpr_wpftmp.csproj]
D:\C#\VM\UI\Controls\Core\ElementExtention.cs(408,39): warning CS8603: 可能返回 null 引用。 [D:\C#\VM\UI\Controls\UI_5nqcxhpr_wpftmp.csproj]
D:\C#\VM\UI\Controls\Core\ElementExtention.cs(409,20): warning CS8603: 可能返回 null 引用。 [D:\C#\VM\UI\Controls\UI_5nqcxhpr_wpftmp.csproj]
D:\C#\VM\UI\Controls\Core\ElementExtention.cs(415,20): warning CS8603: 可能返回 null 引用。 [D:\C#\VM\UI\Controls\UI_5nqcxhpr_wpftmp.csproj]
D:\C#\VM\UI\Controls\Core\ElementExtention.cs(453,24): warning CS8600: 将 null 文本或可能的 null 值转换为不可为 null 类型。 [D:\C#\VM\UI\Controls\UI_5nqcxhpr_wpftmp.csproj]
D:\C#\VM\UI\Controls\Core\ElementExtention.cs(480,20): warning CS8603: 可能返回 null 引用。 [D:\C#\VM\UI\Controls\UI_5nqcxhpr_wpftmp.csproj]
D:\C#\VM\UI\Controls\Core\ElementExtention.cs(487,20): warning CS8603: 可能返回 null 引用。 [D:\C#\VM\UI\Controls\UI_5nqcxhpr_wpftmp.csproj]
D:\C#\VM\UI\Controls\Core\ElementExtention.cs(493,24): warning CS8600: 将 null 文本或可能的 null 值转换为不可为 null 类型。 [D:\C#\VM\UI\Controls\UI_5nqcxhpr_wpftmp.csproj]
D:\C#\VM\UI\Controls\Core\ElementExtention.cs(519,20): warning CS8603: 可能返回 null 引用。 [D:\C#\VM\UI\Controls\UI_5nqcxhpr_wpftmp.csproj]
D:\C#\VM\UI\Controls\Core\ElementExtention.cs(529,20): warning CS8603: 可能返回 null 引用。 [D:\C#\VM\UI\Controls\UI_5nqcxhpr_wpftmp.csproj]
D:\C#\VM\UI\Controls\Core\ElementExtention.cs(538,20): warning CS8603: 可能返回 null 引用。 [D:\C#\VM\UI\Controls\UI_5nqcxhpr_wpftmp.csproj]
D:\C#\VM\UI\Controls\Core\ElementExtention.cs(545,20): warning CS8603: 可能返回 null 引用。 [D:\C#\VM\UI\Controls\UI_5nqcxhpr_wpftmp.csproj]
D:\C#\VM\UI\Controls\Core\ElementExtention.cs(561,28): warning CS8603: 可能返回 null 引用。 [D:\C#\VM\UI\Controls\UI_5nqcxhpr_wpftmp.csproj]
D:\C#\VM\UI\Controls\Core\MarkupCommandBase.cs(28,29): warning CS8767: “bool MarkupCommandBase.CanExecute(object parameter)”的参数“parameter”类型中引用类型的为 Null 性与隐式实现的成员“bool ICommand.CanExecute(object? parameter)”不匹配(可能是由于为 Null 性特性)。 [D:\C#\VM\UI\Controls\UI.csproj]
D:\C#\VM\UI\Controls\Core\MarkupCommandBase.cs(32,30): warning CS8767: “void MarkupCommandBase.Execute(object parameter)”的参数“parameter”类型中引用类型的为 Null 性与隐式实现的成员“void ICommand.Execute(object? parameter)”不匹配(可能是由于为 Null 性特性)。 [D:\C#\VM\UI\Controls\UI.csproj]
D:\C#\VM\UI\Controls\Core\MarkupCommandBase.cs(17,35): warning CS8612: “event EventHandler MarkupCommandBase.CanExecuteChanged”的类型中引用类型的为 Null 性与隐式实现的成员“event EventHandler? ICommand.CanExecuteChanged”不匹配。 [D:\C#\VM\UI\Controls\UI.csproj]
D:\C#\VM\UI\Controls\Core\MarkupCommandBase.cs(72,50): warning CS8612: “event PropertyChangedEventHandler MarkupCommandBase.PropertyChanged”的类型中引用类型的为 Null 性与隐式实现的成员“event PropertyChangedEventHandler? INotifyPropertyChanged.PropertyChanged”不匹配。 [D:\C#\VM\UI\Controls\UI.csproj]
D:\C#\VM\UI\Controls\Models\PropertyItem.cs(83,50): warning CS8612: “event PropertyChangedEventHandler PropertyItem.PropertyChanged”的类型中引用类型的为 Null 性与隐式实现的成员“event PropertyChangedEventHandler? INotifyPropertyChanged.PropertyChanged”不匹配。 [D:\C#\VM\UI\Controls\UI.csproj]
D:\C#\VM\UI\Controls\Core\ObservableObject.cs(11,50): warning CS8612: “event PropertyChangedEventHandler ObservableObject.PropertyChanged”的类型中引用类型的为 Null 性与隐式实现的成员“event PropertyChangedEventHandler? INotifyPropertyChanged.PropertyChanged”不匹配。 [D:\C#\VM\UI\Controls\UI.csproj]
D:\C#\VM\UI\Controls\Core\ObservableObject.cs(17,91): warning CS8625: 无法将 null 字面量转换为非 null 的引用类型。 [D:\C#\VM\UI\Controls\UI.csproj]
D:\C#\VM\UI\Controls\Core\ObservableObject.cs(30,112): warning CS8625: 无法将 null 字面量转换为非 null 的引用类型。 [D:\C#\VM\UI\Controls\UI.csproj]
D:\C#\VM\UI\Controls\Core\ElementExtention.cs(80,93): warning CS8625: 无法将 null 字面量转换为非 null 的引用类型。 [D:\C#\VM\UI\Controls\UI.csproj]
D:\C#\VM\UI\Controls\Core\ElementExtention.cs(102,109): warning CS8625: 无法将 null 字面量转换为非 null 的引用类型。 [D:\C#\VM\UI\Controls\UI.csproj]
D:\C#\VM\UI\Controls\Core\ElementExtention.cs(405,111): warning CS8625: 无法将 null 字面量转换为非 null 的引用类型。 [D:\C#\VM\UI\Controls\UI.csproj]
D:\C#\VM\UI\Controls\Core\ElementExtention.cs(413,97): warning CS8625: 无法将 null 字面量转换为非 null 的引用类型。 [D:\C#\VM\UI\Controls\UI.csproj]
D:\C#\VM\UI\Controls\Core\ElementExtention.cs(428,96): warning CS8625: 无法将 null 字面量转换为非 null 的引用类型。 [D:\C#\VM\UI\Controls\UI.csproj]
D:\C#\VM\UI\Controls\Core\ElementExtention.cs(451,98): warning CS8625: 无法将 null 字面量转换为非 null 的引用类型。 [D:\C#\VM\UI\Controls\UI.csproj]
D:\C#\VM\UI\Controls\Core\ElementExtention.cs(491,104): warning CS8625: 无法将 null 字面量转换为非 null 的引用类型。 [D:\C#\VM\UI\Controls\UI.csproj]
D:\C#\VM\UI\Controls\Converters\UniversalValueConverter.cs(30,20): warning CS8603: 可能返回 null 引用。 [D:\C#\VM\UI\Controls\UI.csproj]
D:\C#\VM\UI\Controls\Models\PropertyItem.cs(41,27): warning CS8601: 可能的 null 引用赋值。 [D:\C#\VM\UI\Controls\UI.csproj]
D:\C#\VM\UI\Controls\Models\PropertyItem.cs(46,31): warning CS8601: 可能的 null 引用赋值。 [D:\C#\VM\UI\Controls\UI.csproj]
D:\C#\VM\UI\Controls\Models\PropertyItem.cs(49,24): warning CS8601: 可能的 null 引用赋值。 [D:\C#\VM\UI\Controls\UI.csproj]
D:\C#\VM\UI\Controls\Converters\TypeNameToFriendlyNameConverter.cs(22,35): warning CS8600: 将 null 文本或可能的 null 值转换为不可为 null 类型。 [D:\C#\VM\UI\Controls\UI.csproj]
D:\C#\VM\UI\Controls\Models\PropertyItem.cs(66,20): warning CS8603: 可能返回 null 引用。 [D:\C#\VM\UI\Controls\UI.csproj]
D:\C#\VM\UI\Controls\Converters\TypeNameToFriendlyNameConverter.cs(40,31): warning CS8600: 将 null 文本或可能的 null 值转换为不可为 null 类型。 [D:\C#\VM\UI\Controls\UI.csproj]
D:\C#\VM\UI\Controls\Converters\TypeNameToFriendlyNameConverter.cs(49,32): warning CS8602: 解引用可能出现空引用。 [D:\C#\VM\UI\Controls\UI.csproj]
D:\C#\VM\UI\Controls\Core\MarkupCommandBase.cs(38,20): warning CS8603: 可能返回 null 引用。 [D:\C#\VM\UI\Controls\UI.csproj]
D:\C#\VM\UI\Controls\Core\MarkupCommandBase.cs(45,24): warning CS8603: 可能返回 null 引用。 [D:\C#\VM\UI\Controls\UI.csproj]
D:\C#\VM\UI\Controls\Core\MarkupCommandBase.cs(39,13): warning CS0162: 检测到无法访问的代码 [D:\C#\VM\UI\Controls\UI.csproj]
D:\C#\VM\UI\Controls\Core\MarkupCommandBase.cs(62,49): warning CS8603: 可能返回 null 引用。 [D:\C#\VM\UI\Controls\UI.csproj]
D:\C#\VM\UI\Controls\Helper\ControlBindHelper.cs(28,43): warning CS8604: “FieldInfo? Type.GetField(string name)”中的形参“name”可能传入 null 引用实参。 [D:\C#\VM\UI\Controls\UI.csproj]
D:\C#\VM\UI\Controls\Helper\ControlBindHelper.cs(30,46): warning CS8604: “Attribute? Attribute.GetCustomAttribute(MemberInfo element, Type attributeType)”中的形参“element”可能传入 null 引用实参。 [D:\C#\VM\UI\Controls\UI.csproj]
D:\C#\VM\UI\Controls\Helper\ControlBindHelper.cs(29,31): warning CS8600: 将 null 文本或可能的 null 值转换为不可为 null 类型。 [D:\C#\VM\UI\Controls\UI.csproj]
D:\C#\VM\UI\Controls\Helper\ControlBindHelper.cs(31,20): warning CS8603: 可能返回 null 引用。 [D:\C#\VM\UI\Controls\UI.csproj]
D:\C#\VM\UI\Controls\AttachedProperties\PasswordBoxHelper.cs(67,39): warning CS8600: 将 null 文本或可能的 null 值转换为不可为 null 类型。 [D:\C#\VM\UI\Controls\UI.csproj]
D:\C#\VM\UI\Controls\AttachedProperties\PasswordBoxHelper.cs(68,27): warning CS8604: “void PasswordBoxHelper.SetIsUpdating(DependencyObject dp, bool value)”中的形参“dp”可能传入 null 引用实参。 [D:\C#\VM\UI\Controls\UI.csproj]
D:\C#\VM\UI\Controls\Core\ElementExtention.cs(84,35): warning CS8600: 将 null 文本或可能的 null 值转换为不可为 null 类型。 [D:\C#\VM\UI\Controls\UI.csproj]
D:\C#\VM\UI\Controls\Core\ElementExtention.cs(96,20): warning CS8603: 可能返回 null 引用。 [D:\C#\VM\UI\Controls\UI.csproj]
D:\C#\VM\UI\Controls\AttachedProperties\IconHelper.cs(81,20): warning CS8603: 可能返回 null 引用。 [D:\C#\VM\UI\Controls\UI.csproj]
D:\C#\VM\UI\Controls\Core\ElementExtention.cs(106,35): warning CS8600: 将 null 文本或可能的 null 值转换为不可为 null 类型。 [D:\C#\VM\UI\Controls\UI.csproj]
D:\C#\VM\UI\Controls\Core\ElementExtention.cs(112,55): warning CS8604: “IEnumerable<T> ElementExtention.GetChildren<T>(DependencyObject p_element, Func<T, bool> p_func = null, bool filterContain = false)”中的形参“p_func”可能传入 null 引用实参。 [D:\C#\VM\UI\Controls\UI.csproj]
D:\C#\VM\UI\Controls\Core\ElementExtention.cs(125,55): warning CS8604: “IEnumerable<T> ElementExtention.GetChildren<T>(DependencyObject p_element, Func<T, bool> p_func = null, bool filterContain = false)”中的形参“p_func”可能传入 null 引用实参。 [D:\C#\VM\UI\Controls\UI.csproj]
D:\C#\VM\UI\Controls\Core\ElementExtention.cs(136,41): warning CS8603: 可能返回 null 引用。 [D:\C#\VM\UI\Controls\UI.csproj]
D:\C#\VM\UI\Controls\Core\ElementExtention.cs(153,20): warning CS8603: 可能返回 null 引用。 [D:\C#\VM\UI\Controls\UI.csproj]
D:\C#\VM\UI\Controls\Core\ElementExtention.cs(161,41): warning CS8603: 可能返回 null 引用。 [D:\C#\VM\UI\Controls\UI.csproj]
D:\C#\VM\UI\Controls\Core\ElementExtention.cs(163,65): warning CS8604: “bool Func<T, bool>.Invoke(T arg)”中的形参“arg”可能传入 null 引用实参。 [D:\C#\VM\UI\Controls\UI.csproj]
D:\C#\VM\UI\Controls\Core\ElementExtention.cs(177,20): warning CS8603: 可能返回 null 引用。 [D:\C#\VM\UI\Controls\UI.csproj]
D:\C#\VM\UI\Controls\Core\ElementExtention.cs(188,24): warning CS8603: 可能返回 null 引用。 [D:\C#\VM\UI\Controls\UI.csproj]
D:\C#\VM\UI\Controls\Core\ElementExtention.cs(189,20): warning CS8603: 可能返回 null 引用。 [D:\C#\VM\UI\Controls\UI.csproj]
D:\C#\VM\UI\Controls\Core\ElementExtention.cs(209,32): warning CS8604: “T ElementExtention.GetElement<T>(DependencyObject element)”中的形参“element”可能传入 null 引用实参。 [D:\C#\VM\UI\Controls\UI.csproj]
D:\C#\VM\UI\Controls\Core\ElementExtention.cs(215,29): warning CS8604: “T ElementExtention.GetElement<T>(DependencyObject element)”中的形参“element”可能传入 null 引用实参。 [D:\C#\VM\UI\Controls\UI.csproj]
D:\C#\VM\UI\Controls\Core\ElementExtention.cs(217,20): warning CS8603: 可能返回 null 引用。 [D:\C#\VM\UI\Controls\UI.csproj]
D:\C#\VM\UI\Controls\Behaviors\TreeViewBehavior.cs(203,20): warning CS8603: 可能返回 null 引用。 [D:\C#\VM\UI\Controls\UI.csproj]
D:\C#\VM\UI\Controls\Core\ElementExtention.cs(230,41): warning CS8604: “IEnumerable<T> ElementExtention.GetElements<T>(DependencyObject element)”中的形参“element”可能传入 null 引用实参。 [D:\C#\VM\UI\Controls\UI.csproj]
D:\C#\VM\UI\Controls\Core\ElementExtention.cs(238,41): warning CS8604: “IEnumerable<T> ElementExtention.GetElements<T>(DependencyObject element)”中的形参“element”可能传入 null 引用实参。 [D:\C#\VM\UI\Controls\UI.csproj]
D:\C#\VM\UI\Controls\Core\ElementExtention.cs(253,38): warning CS8603: 可能返回 null 引用。 [D:\C#\VM\UI\Controls\UI.csproj]
D:\C#\VM\UI\Controls\Core\ElementExtention.cs(255,20): warning CS8603: 可能返回 null 引用。 [D:\C#\VM\UI\Controls\UI.csproj]
D:\C#\VM\UI\Controls\Core\ElementExtention.cs(263,20): warning CS8603: 可能返回 null 引用。 [D:\C#\VM\UI\Controls\UI.csproj]
D:\C#\VM\UI\Controls\CustomControl\DialogArrayEditor.xaml.cs(106,20): warning CS8601: 可能的 null 引用赋值。 [D:\C#\VM\UI\Controls\UI.csproj]
D:\C#\VM\UI\Controls\Core\ElementExtention.cs(308,39): warning CS8604: “IEnumerable<T> ElementExtention.FindAllVisualChild<T>(DependencyObject obj, Predicate<T> match)”中的形参“obj”可能传入 null 引用实参。 [D:\C#\VM\UI\Controls\UI.csproj]
D:\C#\VM\UI\Controls\Core\ElementExtention.cs(352,24): warning CS8603: 可能返回 null 引用。 [D:\C#\VM\UI\Controls\UI.csproj]
D:\C#\VM\UI\Controls\Core\ElementExtention.cs(366,20): warning CS8603: 可能返回 null 引用。 [D:\C#\VM\UI\Controls\UI.csproj]
D:\C#\VM\UI\Controls\Core\ElementExtention.cs(408,39): warning CS8603: 可能返回 null 引用。 [D:\C#\VM\UI\Controls\UI.csproj]
D:\C#\VM\UI\Controls\Core\ElementExtention.cs(409,20): warning CS8603: 可能返回 null 引用。 [D:\C#\VM\UI\Controls\UI.csproj]
D:\C#\VM\UI\Controls\Core\ElementExtention.cs(415,20): warning CS8603: 可能返回 null 引用。 [D:\C#\VM\UI\Controls\UI.csproj]
D:\C#\VM\UI\Controls\Core\ElementExtention.cs(453,24): warning CS8600: 将 null 文本或可能的 null 值转换为不可为 null 类型。 [D:\C#\VM\UI\Controls\UI.csproj]
D:\C#\VM\UI\Controls\Core\ElementExtention.cs(480,20): warning CS8603: 可能返回 null 引用。 [D:\C#\VM\UI\Controls\UI.csproj]
D:\C#\VM\UI\Controls\Core\ElementExtention.cs(487,20): warning CS8603: 可能返回 null 引用。 [D:\C#\VM\UI\Controls\UI.csproj]
D:\C#\VM\UI\Controls\Core\ElementExtention.cs(493,24): warning CS8600: 将 null 文本或可能的 null 值转换为不可为 null 类型。 [D:\C#\VM\UI\Controls\UI.csproj]
D:\C#\VM\UI\Controls\Core\ElementExtention.cs(519,20): warning CS8603: 可能返回 null 引用。 [D:\C#\VM\UI\Controls\UI.csproj]
D:\C#\VM\UI\Controls\Core\ElementExtention.cs(529,20): warning CS8603: 可能返回 null 引用。 [D:\C#\VM\UI\Controls\UI.csproj]
D:\C#\VM\UI\Controls\Core\ElementExtention.cs(538,20): warning CS8603: 可能返回 null 引用。 [D:\C#\VM\UI\Controls\UI.csproj]
D:\C#\VM\UI\Controls\Core\ElementExtention.cs(545,20): warning CS8603: 可能返回 null 引用。 [D:\C#\VM\UI\Controls\UI.csproj]
D:\C#\VM\UI\Controls\Core\ElementExtention.cs(561,28): warning CS8603: 可能返回 null 引用。 [D:\C#\VM\UI\Controls\UI.csproj]
D:\C#\VM\VisionMaster\ViewModels\DialogViewModels\VariableBindingViewModel.cs(512,62): warning CS8625: 无法将 null 字面量转换为非 null 的引用类型。 [D:\C#\VM\VisionMaster\VisionMaster_nwnaffn2_wpftmp.csproj]
D:\C#\VM\VisionMaster\Services\StepParameterDialog.cs(53,112): warning CS8625: 无法将 null 字面量转换为非 null 的引用类型。 [D:\C#\VM\VisionMaster\VisionMaster_nwnaffn2_wpftmp.csproj]
D:\C#\VM\VisionMaster\ShellViewModel.cs(77,43): warning CS8603: 可能返回 null 引用。 [D:\C#\VM\VisionMaster\VisionMaster_nwnaffn2_wpftmp.csproj]
D:\C#\VM\VisionMaster\Services\FlowOutputCollector.cs(48,51): warning CS8604: “Dictionary<string, Guid> FlowOutputCollector.BuildStepNameIndex(FlowSession session)”中的形参“session”可能传入 null 引用实参。 [D:\C#\VM\VisionMaster\VisionMaster_nwnaffn2_wpftmp.csproj]
D:\C#\VM\VisionMaster\Services\Camera\NetworkCameraServer.cs(131,23): warning CS8625: 无法将 null 字面量转换为非 null 的引用类型。 [D:\C#\VM\VisionMaster\VisionMaster_nwnaffn2_wpftmp.csproj]
D:\C#\VM\VisionMaster\Services\Camera\CameraProvider.cs(196,20): warning CS8603: 可能返回 null 引用。 [D:\C#\VM\VisionMaster\VisionMaster_nwnaffn2_wpftmp.csproj]
D:\C#\VM\VisionMaster\Services\Camera\CameraProvider.cs(210,59): warning CS8601: 可能的 null 引用赋值。 [D:\C#\VM\VisionMaster\VisionMaster_nwnaffn2_wpftmp.csproj]
D:\C#\VM\VisionMaster\Services\FlowOutputCollector.cs(114,77): warning CS8603: 可能返回 null 引用。 [D:\C#\VM\VisionMaster\VisionMaster_nwnaffn2_wpftmp.csproj]
D:\C#\VM\VisionMaster\Services\FlowOutputCollector.cs(115,20): warning CS8603: 可能返回 null 引用。 [D:\C#\VM\VisionMaster\VisionMaster_nwnaffn2_wpftmp.csproj]
D:\C#\VM\VisionMaster\Services\Camera\CameraProvider.cs(219,22): warning CS8625: 无法将 null 字面量转换为非 null 的引用类型。 [D:\C#\VM\VisionMaster\VisionMaster_nwnaffn2_wpftmp.csproj]
D:\C#\VM\VisionMaster\Services\Camera\CameraProvider.cs(227,53): warning CS8601: 可能的 null 引用赋值。 [D:\C#\VM\VisionMaster\VisionMaster_nwnaffn2_wpftmp.csproj]
D:\C#\VM\VisionMaster\Views\ScadaRuntimeWindow.xaml.cs(41,23): warning CS8622: “void ScadaRuntimeWindow.OnWindowClosed(object sender, EventArgs e)”的参数“sender”类型中引用类型的为 Null 性与目标委托“EventHandler”不匹配(可能是由于为 Null 性特性)。 [D:\C#\VM\VisionMaster\VisionMaster_nwnaffn2_wpftmp.csproj]
D:\C#\VM\VisionMaster\Services\FlowOutputCollector.cs(127,31): warning CS8600: 将 null 文本或可能的 null 值转换为不可为 null 类型。 [D:\C#\VM\VisionMaster\VisionMaster_nwnaffn2_wpftmp.csproj]
D:\C#\VM\VisionMaster\Services\FlowOutputCollector.cs(137,62): warning CS8604: “object FlowOutputCollector.ToJsonValue(object value)”中的形参“value”可能传入 null 引用实参。 [D:\C#\VM\VisionMaster\VisionMaster_nwnaffn2_wpftmp.csproj]
D:\C#\VM\VisionMaster\Services\FlowOutputCollector.cs(165,28): warning CS8603: 可能返回 null 引用。 [D:\C#\VM\VisionMaster\VisionMaster_nwnaffn2_wpftmp.csproj]
D:\C#\VM\VisionMaster\Services\FlowOutputCollector.cs(230,28): warning CS8603: 可能返回 null 引用。 [D:\C#\VM\VisionMaster\VisionMaster_nwnaffn2_wpftmp.csproj]
D:\C#\VM\VisionMaster\Services\Camera\CameraProvider.cs(304,32): warning CS8625: 无法将 null 字面量转换为非 null 的引用类型。 [D:\C#\VM\VisionMaster\VisionMaster_nwnaffn2_wpftmp.csproj]
D:\C#\VM\VisionMaster\Services\Camera\CameraProvider.cs(360,28): warning CS8604: “void CameraProvider.RememberSynced(SolutionModel solution, int count)”中的形参“solution”可能传入 null 引用实参。 [D:\C#\VM\VisionMaster\VisionMaster_nwnaffn2_wpftmp.csproj]
D:\C#\VM\VisionMaster\Services\Camera\NetworkCameraServer.cs(261,22): warning CS8625: 无法将 null 字面量转换为非 null 的引用类型。 [D:\C#\VM\VisionMaster\VisionMaster_nwnaffn2_wpftmp.csproj]
D:\C#\VM\VisionMaster\Services\Camera\NetworkCameraServer.cs(262,20): warning CS8625: 无法将 null 字面量转换为非 null 的引用类型。 [D:\C#\VM\VisionMaster\VisionMaster_nwnaffn2_wpftmp.csproj]
D:\C#\VM\VisionMaster\ShellViewModel.cs(334,55): warning CS8622: “void ShellViewModel.OnSessionStateChanged(object sender, SessionStateChangedEventArgs e)”的参数“sender”类型中引用类型的为 Null 性与目标委托“EventHandler<SessionStateChangedEventArgs>”不匹配(可能是由于为 Null 性特性)。 [D:\C#\VM\VisionMaster\VisionMaster_nwnaffn2_wpftmp.csproj]
D:\C#\VM\VisionMaster\ShellViewModel.cs(296,16): warning CS9264: 在退出构造函数时，不可为 null 的 属性 'HandleCountStr' 必须包含非 null 值。请考虑添加“required”修饰符，或将 属性 声明为可为 null，或安全地处理“get”访问器中“field”为 null 的情况。 [D:\C#\VM\VisionMaster\VisionMaster_nwnaffn2_wpftmp.csproj]
D:\C#\VM\VisionMaster\ShellViewModel.cs(296,16): warning CS9264: 在退出构造函数时，不可为 null 的 属性 'ThreadCountStr' 必须包含非 null 值。请考虑添加“required”修饰符，或将 属性 声明为可为 null，或安全地处理“get”访问器中“field”为 null 的情况。 [D:\C#\VM\VisionMaster\VisionMaster_nwnaffn2_wpftmp.csproj]
D:\C#\VM\VisionMaster\ShellViewModel.cs(296,16): warning CS9264: 在退出构造函数时，不可为 null 的 属性 'CpuUsageStr' 必须包含非 null 值。请考虑添加“required”修饰符，或将 属性 声明为可为 null，或安全地处理“get”访问器中“field”为 null 的情况。 [D:\C#\VM\VisionMaster\VisionMaster_nwnaffn2_wpftmp.csproj]
D:\C#\VM\VisionMaster\ShellViewModel.cs(296,16): warning CS9264: 在退出构造函数时，不可为 null 的 属性 'MemoryUsageStr' 必须包含非 null 值。请考虑添加“required”修饰符，或将 属性 声明为可为 null，或安全地处理“get”访问器中“field”为 null 的情况。 [D:\C#\VM\VisionMaster\VisionMaster_nwnaffn2_wpftmp.csproj]
D:\C#\VM\VisionMaster\ShellViewModel.cs(296,16): warning CS9264: 在退出构造函数时，不可为 null 的 属性 'CurrentTimeText' 必须包含非 null 值。请考虑添加“required”修饰符，或将 属性 声明为可为 null，或安全地处理“get”访问器中“field”为 null 的情况。 [D:\C#\VM\VisionMaster\VisionMaster_nwnaffn2_wpftmp.csproj]
D:\C#\VM\VisionMaster\Services\Camera\CameraProvider.cs(433,24): warning CS8603: 可能返回 null 引用。 [D:\C#\VM\VisionMaster\VisionMaster_nwnaffn2_wpftmp.csproj]
D:\C#\VM\VisionMaster\Services\Camera\CameraProvider.cs(444,28): warning CS8603: 可能返回 null 引用。 [D:\C#\VM\VisionMaster\VisionMaster_nwnaffn2_wpftmp.csproj]
D:\C#\VM\VisionMaster\Services\Camera\CameraProvider.cs(457,24): warning CS8603: 可能返回 null 引用。 [D:\C#\VM\VisionMaster\VisionMaster_nwnaffn2_wpftmp.csproj]
D:\C#\VM\VisionMaster\Services\HttpImageServer.cs(140,23): warning CS8625: 无法将 null 字面量转换为非 null 的引用类型。 [D:\C#\VM\VisionMaster\VisionMaster_nwnaffn2_wpftmp.csproj]
D:\C#\VM\VisionMaster\Services\Help\HelpCatalogService.cs(187,29): warning CS8601: 可能的 null 引用赋值。 [D:\C#\VM\VisionMaster\VisionMaster_nwnaffn2_wpftmp.csproj]
D:\C#\VM\VisionMaster\ViewModels\DebugHitViewModel.cs(70,16): warning CS9264: 在退出构造函数时，不可为 null 的 属性 'Header' 必须包含非 null 值。请考虑添加“required”修饰符，或将 属性 声明为可为 null，或安全地处理“get”访问器中“field”为 null 的情况。 [D:\C#\VM\VisionMaster\VisionMaster_nwnaffn2_wpftmp.csproj]
D:\C#\VM\VisionMaster\ViewModels\DebugHitViewModel.cs(70,16): warning CS9264: 在退出构造函数时，不可为 null 的 属性 'FlowName' 必须包含非 null 值。请考虑添加“required”修饰符，或将 属性 声明为可为 null，或安全地处理“get”访问器中“field”为 null 的情况。 [D:\C#\VM\VisionMaster\VisionMaster_nwnaffn2_wpftmp.csproj]
D:\C#\VM\VisionMaster\ViewModels\DebugHitViewModel.cs(70,16): warning CS9264: 在退出构造函数时，不可为 null 的 属性 'StepName' 必须包含非 null 值。请考虑添加“required”修饰符，或将 属性 声明为可为 null，或安全地处理“get”访问器中“field”为 null 的情况。 [D:\C#\VM\VisionMaster\VisionMaster_nwnaffn2_wpftmp.csproj]
D:\C#\VM\VisionMaster\Services\StepParameterDialog.cs(65,41): warning CS8600: 将 null 文本或可能的 null 值转换为不可为 null 类型。 [D:\C#\VM\VisionMaster\VisionMaster_nwnaffn2_wpftmp.csproj]
D:\C#\VM\VisionMaster\Services\StepParameterDialog.cs(76,51): warning CS8604: “AutoPortConfigView.AutoPortConfigView(IVisionPlugin plugin)”中的形参“plugin”可能传入 null 引用实参。 [D:\C#\VM\VisionMaster\VisionMaster_nwnaffn2_wpftmp.csproj]
D:\C#\VM\VisionMaster\Services\StepParameterDialog.cs(135,24): warning CS8603: 可能返回 null 引用。 [D:\C#\VM\VisionMaster\VisionMaster_nwnaffn2_wpftmp.csproj]
D:\C#\VM\VisionMaster\Services\StepParameterDialog.cs(141,28): warning CS8603: 可能返回 null 引用。 [D:\C#\VM\VisionMaster\VisionMaster_nwnaffn2_wpftmp.csproj]
D:\C#\VM\VisionMaster\Services\StepParameterDialog.cs(148,24): warning CS8603: 可能返回 null 引用。 [D:\C#\VM\VisionMaster\VisionMaster_nwnaffn2_wpftmp.csproj]
D:\C#\VM\VisionMaster\Services\StepParameterDialog.cs(152,24): warning CS8603: 可能返回 null 引用。 [D:\C#\VM\VisionMaster\VisionMaster_nwnaffn2_wpftmp.csproj]
D:\C#\VM\VisionMaster\Services\HttpImageServer.cs(241,42): warning CS8604: “object HttpImageServer.Fail(ApiRequest req, int statusCode, string message)”中的形参“message”可能传入 null 引用实参。 [D:\C#\VM\VisionMaster\VisionMaster_nwnaffn2_wpftmp.csproj]
D:\C#\VM\VisionMaster\Services\HttpImageServer.cs(329,39): warning CS8603: 可能返回 null 引用。 [D:\C#\VM\VisionMaster\VisionMaster_nwnaffn2_wpftmp.csproj]
D:\C#\VM\VisionMaster\Services\HttpImageServer.cs(333,20): warning CS8603: 可能返回 null 引用。 [D:\C#\VM\VisionMaster\VisionMaster_nwnaffn2_wpftmp.csproj]
D:\C#\VM\VisionMaster\Services\ScadaVariablePicker.cs(40,35): warning CS8604: “void ParametersBase.Add(string key, object value)”中的形参“value”可能传入 null 引用实参。 [D:\C#\VM\VisionMaster\VisionMaster_nwnaffn2_wpftmp.csproj]
D:\C#\VM\VisionMaster\Services\ImageCollectionService.cs(304,17): warning CS8602: 解引用可能出现空引用。 [D:\C#\VM\VisionMaster\VisionMaster_nwnaffn2_wpftmp.csproj]
D:\C#\VM\VisionMaster\Services\LayoutHelper.cs(88,20): warning CS8603: 可能返回 null 引用。 [D:\C#\VM\VisionMaster\VisionMaster_nwnaffn2_wpftmp.csproj]
D:\C#\VM\VisionMaster\ViewModels\DialogViewModels\VariableBindingViewModel.cs(67,38): warning CS8625: 无法将 null 字面量转换为非 null 的引用类型。 [D:\C#\VM\VisionMaster\VisionMaster_nwnaffn2_wpftmp.csproj]
D:\C#\VM\VisionMaster\Services\LayoutHelper.cs(157,45): warning CS8603: 可能返回 null 引用。 [D:\C#\VM\VisionMaster\VisionMaster_nwnaffn2_wpftmp.csproj]
D:\C#\VM\VisionMaster\Services\LayoutHelper.cs(172,24): warning CS8603: 可能返回 null 引用。 [D:\C#\VM\VisionMaster\VisionMaster_nwnaffn2_wpftmp.csproj]
D:\C#\VM\VisionMaster\Services\LayoutHelper.cs(275,26): warning CS8625: 无法将 null 字面量转换为非 null 的引用类型。 [D:\C#\VM\VisionMaster\VisionMaster_nwnaffn2_wpftmp.csproj]
D:\C#\VM\VisionMaster\ViewModels\DialogViewModels\VariableBindingViewModel.cs(260,33): warning CS8601: 可能的 null 引用赋值。 [D:\C#\VM\VisionMaster\VisionMaster_nwnaffn2_wpftmp.csproj]
D:\C#\VM\VisionMaster\Services\LayoutHelper.cs(329,57): warning CS8603: 可能返回 null 引用。 [D:\C#\VM\VisionMaster\VisionMaster_nwnaffn2_wpftmp.csproj]
D:\C#\VM\VisionMaster\Services\LayoutHelper.cs(332,41): warning CS8603: 可能返回 null 引用。 [D:\C#\VM\VisionMaster\VisionMaster_nwnaffn2_wpftmp.csproj]
D:\C#\VM\VisionMaster\Services\LayoutHelper.cs(334,20): warning CS8603: 可能返回 null 引用。 [D:\C#\VM\VisionMaster\VisionMaster_nwnaffn2_wpftmp.csproj]
D:\C#\VM\VisionMaster\ViewModels\DialogViewModels\SolutionListViewModel.cs(215,32): warning CS8601: 可能的 null 引用赋值。 [D:\C#\VM\VisionMaster\VisionMaster_nwnaffn2_wpftmp.csproj]
D:\C#\VM\VisionMaster\Services\LayoutHelper.cs(422,50): warning CS8604: “bool Dictionary<string, Func<object>>.TryGetValue(string key, out Func<object> value)”中的形参“key”可能传入 null 引用实参。 [D:\C#\VM\VisionMaster\VisionMaster_nwnaffn2_wpftmp.csproj]
D:\C#\VM\VisionMaster\Views\ProcessView.xaml.cs(160,28): warning CS8603: 可能返回 null 引用。 [D:\C#\VM\VisionMaster\VisionMaster_nwnaffn2_wpftmp.csproj]
D:\C#\VM\VisionMaster\Views\ProcessView.xaml.cs(168,20): warning CS8603: 可能返回 null 引用。 [D:\C#\VM\VisionMaster\VisionMaster_nwnaffn2_wpftmp.csproj]
D:\C#\VM\VisionMaster\ShellViewModel.cs(921,42): warning CS8602: 解引用可能出现空引用。 [D:\C#\VM\VisionMaster\VisionMaster_nwnaffn2_wpftmp.csproj]
D:\C#\VM\VisionMaster\Services\LayoutHelper.cs(439,32): warning CS8600: 将 null 文本或可能的 null 值转换为不可为 null 类型。 [D:\C#\VM\VisionMaster\VisionMaster_nwnaffn2_wpftmp.csproj]
D:\C#\VM\VisionMaster\ViewModels\DialogViewModels\VariableBindingViewModel.cs(538,62): warning CS8604: “InputPortUIModel.InputPortUIModel(PortDefinition schema, string linkedAddress)”中的形参“linkedAddress”可能传入 null 引用实参。 [D:\C#\VM\VisionMaster\VisionMaster_nwnaffn2_wpftmp.csproj]
D:\C#\VM\VisionMaster\ViewModels\DialogViewModels\VariableBindingViewModel.cs(604,17): warning CS8601: 可能的 null 引用赋值。 [D:\C#\VM\VisionMaster\VisionMaster_nwnaffn2_wpftmp.csproj]
D:\C#\VM\VisionMaster\ViewModels\DialogViewModels\VariableBindingViewModel.cs(610,23): warning CS8604: “void VariableBindingViewModel.BuildTree(IDialogParameters parameters = null)”中的形参“parameters”可能传入 null 引用实参。 [D:\C#\VM\VisionMaster\VisionMaster_nwnaffn2_wpftmp.csproj]
D:\C#\VM\VisionMaster\Services\NetworkVariableBridge.cs(110,29): warning CS8601: 可能的 null 引用赋值。 [D:\C#\VM\VisionMaster\VisionMaster_nwnaffn2_wpftmp.csproj]
D:\C#\VM\VisionMaster\ViewModels\FlowListViewModel.cs(66,16): warning CS9264: 在退出构造函数时，不可为 null 的 属性 'SelectFlow' 必须包含非 null 值。请考虑添加“required”修饰符，或将 属性 声明为可为 null，或安全地处理“get”访问器中“field”为 null 的情况。 [D:\C#\VM\VisionMaster\VisionMaster_nwnaffn2_wpftmp.csproj]
D:\C#\VM\VisionMaster\Services\ScadaPagePicker.cs(39,35): warning CS8604: “void ParametersBase.Add(string key, object value)”中的形参“value”可能传入 null 引用实参。 [D:\C#\VM\VisionMaster\VisionMaster_nwnaffn2_wpftmp.csproj]
D:\C#\VM\VisionMaster\ViewModels\DialogViewModels\ConditionEditorViewModel .cs(641,32): warning CS8603: 可能返回 null 引用。 [D:\C#\VM\VisionMaster\VisionMaster_nwnaffn2_wpftmp.csproj]
D:\C#\VM\VisionMaster\ViewModels\DialogViewModels\FlowManagerViewModel.cs(98,43): warning CS8622: “void FlowManagerViewModel.OnWorkspacePropertyChanged(object sender, PropertyChangedEventArgs e)”的参数“sender”类型中引用类型的为 Null 性与目标委托“PropertyChangedEventHandler”不匹配(可能是由于为 Null 性特性)。 [D:\C#\VM\VisionMaster\VisionMaster_nwnaffn2_wpftmp.csproj]
D:\C#\VM\VisionMaster\ViewModels\DialogViewModels\ConditionEditorViewModel .cs(647,61): warning CS8603: 可能返回 null 引用。 [D:\C#\VM\VisionMaster\VisionMaster_nwnaffn2_wpftmp.csproj]
D:\C#\VM\VisionMaster\ViewModels\DialogViewModels\ConditionEditorViewModel .cs(649,32): warning CS8600: 将 null 文本或可能的 null 值转换为不可为 null 类型。 [D:\C#\VM\VisionMaster\VisionMaster_nwnaffn2_wpftmp.csproj]
D:\C#\VM\VisionMaster\ViewModels\DialogViewModels\ConditionEditorViewModel .cs(651,28): warning CS8603: 可能返回 null 引用。 [D:\C#\VM\VisionMaster\VisionMaster_nwnaffn2_wpftmp.csproj]
D:\C#\VM\VisionMaster\ViewModels\DialogViewModels\ConditionEditorViewModel .cs(656,24): warning CS8603: 可能返回 null 引用。 [D:\C#\VM\VisionMaster\VisionMaster_nwnaffn2_wpftmp.csproj]
D:\C#\VM\VisionMaster\ViewModels\DialogViewModels\ConditionEditorViewModel .cs(623,23): warning CS9264: 在退出构造函数时，不可为 null 的 属性 'AliasName' 必须包含非 null 值。请考虑添加“required”修饰符，或将 属性 声明为可为 null，或安全地处理“get”访问器中“field”为 null 的情况。 [D:\C#\VM\VisionMaster\VisionMaster_nwnaffn2_wpftmp.csproj]
D:\C#\VM\VisionMaster\ViewModels\DialogViewModels\ConditionEditorViewModel .cs(633,23): warning CS9264: 在退出构造函数时，不可为 null 的 属性 'SourceAddress' 必须包含非 null 值。请考虑添加“required”修饰符，或将 属性 声明为可为 null，或安全地处理“get”访问器中“field”为 null 的情况。 [D:\C#\VM\VisionMaster\VisionMaster_nwnaffn2_wpftmp.csproj]
D:\C#\VM\VisionMaster\ViewModels\DialogViewModels\ConditionEditorViewModel .cs(162,31): warning CS8625: 无法将 null 字面量转换为非 null 的引用类型。 [D:\C#\VM\VisionMaster\VisionMaster_nwnaffn2_wpftmp.csproj]
D:\C#\VM\VisionMaster\ViewModels\DialogViewModels\ConditionEditorViewModel .cs(171,68): warning CS8601: 可能的 null 引用赋值。 [D:\C#\VM\VisionMaster\VisionMaster_nwnaffn2_wpftmp.csproj]
D:\C#\VM\VisionMaster\ViewModels\DialogViewModels\ConditionEditorViewModel .cs(172,39): warning CS8601: 可能的 null 引用赋值。 [D:\C#\VM\VisionMaster\VisionMaster_nwnaffn2_wpftmp.csproj]
D:\C#\VM\VisionMaster\ViewModels\DialogViewModels\ConditionEditorViewModel .cs(222,44): warning CS8600: 将 null 文本或可能的 null 值转换为不可为 null 类型。 [D:\C#\VM\VisionMaster\VisionMaster_nwnaffn2_wpftmp.csproj]
D:\C#\VM\VisionMaster\ViewModels\DialogViewModels\ConditionEditorViewModel .cs(228,30): warning CS8601: 可能的 null 引用赋值。 [D:\C#\VM\VisionMaster\VisionMaster_nwnaffn2_wpftmp.csproj]
D:\C#\VM\VisionMaster\ViewModels\DialogViewModels\ConditionEditorViewModel .cs(232,16): warning CS9264: 在退出构造函数时，不可为 null 的 属性 'Branches' 必须包含非 null 值。请考虑添加“required”修饰符，或将 属性 声明为可为 null，或安全地处理“get”访问器中“field”为 null 的情况。 [D:\C#\VM\VisionMaster\VisionMaster_nwnaffn2_wpftmp.csproj]
D:\C#\VM\VisionMaster\ViewModels\DialogViewModels\ConditionEditorViewModel .cs(232,16): warning CS9264: 在退出构造函数时，不可为 null 的 属性 'SelectedBranch' 必须包含非 null 值。请考虑添加“required”修饰符，或将 属性 声明为可为 null，或安全地处理“get”访问器中“field”为 null 的情况。 [D:\C#\VM\VisionMaster\VisionMaster_nwnaffn2_wpftmp.csproj]
D:\C#\VM\VisionMaster\ViewModels\DialogViewModels\ConditionEditorViewModel .cs(232,16): warning CS9264: 在退出构造函数时，不可为 null 的 属性 'JudgeExpressionDraft' 必须包含非 null 值。请考虑添加“required”修饰符，或将 属性 声明为可为 null，或安全地处理“get”访问器中“field”为 null 的情况。 [D:\C#\VM\VisionMaster\VisionMaster_nwnaffn2_wpftmp.csproj]
D:\C#\VM\VisionMaster\ViewModels\DialogViewModels\ConditionEditorViewModel .cs(232,16): warning CS9264: 在退出构造函数时，不可为 null 的 属性 'LoopCountSourceText' 必须包含非 null 值。请考虑添加“required”修饰符，或将 属性 声明为可为 null，或安全地处理“get”访问器中“field”为 null 的情况。 [D:\C#\VM\VisionMaster\VisionMaster_nwnaffn2_wpftmp.csproj]
D:\C#\VM\VisionMaster\ShellViewModel.cs(1366,39): warning CS8603: 可能返回 null 引用。 [D:\C#\VM\VisionMaster\VisionMaster_nwnaffn2_wpftmp.csproj]
D:\C#\VM\VisionMaster\ShellViewModel.cs(1374,20): warning CS8603: 可能返回 null 引用。 [D:\C#\VM\VisionMaster\VisionMaster_nwnaffn2_wpftmp.csproj]
D:\C#\VM\VisionMaster\ShellViewModel.cs(1379,39): warning CS8603: 可能返回 null 引用。 [D:\C#\VM\VisionMaster\VisionMaster_nwnaffn2_wpftmp.csproj]
D:\C#\VM\VisionMaster\ShellViewModel.cs(1390,56): warning CS8604: “StepModel ShellViewModel.FindDebugStoppedStep(IEnumerable<StepModel> steps)”中的形参“steps”可能传入 null 引用实参。 [D:\C#\VM\VisionMaster\VisionMaster_nwnaffn2_wpftmp.csproj]
D:\C#\VM\VisionMaster\ShellViewModel.cs(1396,20): warning CS8603: 可能返回 null 引用。 [D:\C#\VM\VisionMaster\VisionMaster_nwnaffn2_wpftmp.csproj]
D:\C#\VM\VisionMaster\ViewModels\DialogViewModels\ConditionEditorViewModel .cs(307,35): warning CS8625: 无法将 null 字面量转换为非 null 的引用类型。 [D:\C#\VM\VisionMaster\VisionMaster_nwnaffn2_wpftmp.csproj]
D:\C#\VM\VisionMaster\ViewModels\DialogViewModels\ConditionEditorViewModel .cs(308,35): warning CS8625: 无法将 null 字面量转换为非 null 的引用类型。 [D:\C#\VM\VisionMaster\VisionMaster_nwnaffn2_wpftmp.csproj]
D:\C#\VM\VisionMaster\ViewModels\MonitorViewModel.cs(117,61): warning CS8622: “void MonitorViewModel.OnGlobalVariablesChanged(object sender, NotifyCollectionChangedEventArgs e)”的参数“sender”类型中引用类型的为 Null 性与目标委托“NotifyCollectionChangedEventHandler”不匹配(可能是由于为 Null 性特性)。 [D:\C#\VM\VisionMaster\VisionMaster_nwnaffn2_wpftmp.csproj]
D:\C#\VM\VisionMaster\ViewModels\MonitorViewModel.cs(123,60): warning CS8622: “void MonitorViewModel.OnVariableRenamed(object sender, VariableRenamedEventArgs e)”的参数“sender”类型中引用类型的为 Null 性与目标委托“EventHandler<VariableRenamedEventArgs>”不匹配(可能是由于为 Null 性特性)。 [D:\C#\VM\VisionMaster\VisionMaster_nwnaffn2_wpftmp.csproj]
D:\C#\VM\VisionMaster\ViewModels\MonitorViewModel.cs(131,50): warning CS8622: “void MonitorViewModel.OnWorkspacePropertyChanged(object sender, PropertyChangedEventArgs e)”的参数“sender”类型中引用类型的为 Null 性与目标委托“PropertyChangedEventHandler”不匹配(可能是由于为 Null 性特性)。 [D:\C#\VM\VisionMaster\VisionMaster_nwnaffn2_wpftmp.csproj]
D:\C#\VM\VisionMaster\ViewModels\MonitorViewModel.cs(138,65): warning CS8622: “void MonitorViewModel.OnSessionsChanged(object sender, NotifyCollectionChangedEventArgs e)”的参数“sender”类型中引用类型的为 Null 性与目标委托“NotifyCollectionChangedEventHandler”不匹配(可能是由于为 Null 性特性)。 [D:\C#\VM\VisionMaster\VisionMaster_nwnaffn2_wpftmp.csproj]
D:\C#\VM\VisionMaster\ViewModels\FlowListViewModel.cs(149,48): warning CS8604: “int Collection<FlowModel>.IndexOf(FlowModel item)”中的形参“item”可能传入 null 引用实参。 [D:\C#\VM\VisionMaster\VisionMaster_nwnaffn2_wpftmp.csproj]
D:\C#\VM\VisionMaster\ViewModels\FlowListViewModel.cs(153,52): warning CS8604: “bool MandatoryFlows.IsMandatory(FlowModel flow)”中的形参“flow”可能传入 null 引用实参。 [D:\C#\VM\VisionMaster\VisionMaster_nwnaffn2_wpftmp.csproj]
D:\C#\VM\VisionMaster\ViewModels\FlowListViewModel.cs(171,25): warning CS8602: 解引用可能出现空引用。 [D:\C#\VM\VisionMaster\VisionMaster_nwnaffn2_wpftmp.csproj]
D:\C#\VM\VisionMaster\ViewModels\FlowListViewModel.cs(206,79): warning CS8602: 解引用可能出现空引用。 [D:\C#\VM\VisionMaster\VisionMaster_nwnaffn2_wpftmp.csproj]
D:\C#\VM\VisionMaster\Views\DialogViews\ConditionEditorView.xaml.cs(52,41): warning CS8622: “void ConditionEditorView.Vm_BranchChanged(object sender, StepCollection e)”的参数“sender”类型中引用类型的为 Null 性与目标委托“EventHandler<StepCollection>”不匹配(可能是由于为 Null 性特性)。 [D:\C#\VM\VisionMaster\VisionMaster_nwnaffn2_wpftmp.csproj]
D:\C#\VM\VisionMaster\Views\DialogViews\ConditionEditorView.xaml.cs(53,41): warning CS8622: “void ConditionEditorView.Vm_BranchChanged(object sender, StepCollection e)”的参数“sender”类型中引用类型的为 Null 性与目标委托“EventHandler<StepCollection>”不匹配(可能是由于为 Null 性特性)。 [D:\C#\VM\VisionMaster\VisionMaster_nwnaffn2_wpftmp.csproj]
D:\C#\VM\VisionMaster\Views\DialogViews\ConditionEditorView.xaml.cs(55,55): warning CS8622: “void ConditionEditorView.Variables_CollectionChanged(object sender, NotifyCollectionChangedEventArgs e)”的参数“sender”类型中引用类型的为 Null 性与目标委托“NotifyCollectionChangedEventHandler”不匹配(可能是由于为 Null 性特性)。 [D:\C#\VM\VisionMaster\VisionMaster_nwnaffn2_wpftmp.csproj]
D:\C#\VM\VisionMaster\Views\DialogViews\ConditionEditorView.xaml.cs(56,55): warning CS8622: “void ConditionEditorView.Variables_CollectionChanged(object sender, NotifyCollectionChangedEventArgs e)”的参数“sender”类型中引用类型的为 Null 性与目标委托“NotifyCollectionChangedEventHandler”不匹配(可能是由于为 Null 性特性)。 [D:\C#\VM\VisionMaster\VisionMaster_nwnaffn2_wpftmp.csproj]
D:\C#\VM\VisionMaster\Views\DialogViews\ConditionEditorView.xaml.cs(355,58): warning CS8603: 可能返回 null 引用。 [D:\C#\VM\VisionMaster\VisionMaster_nwnaffn2_wpftmp.csproj]
D:\C#\VM\VisionMaster\ViewModels\MonitorViewModel.cs(184,64): warning CS8622: “void MonitorViewModel.OnWatchItemsChanged(object sender, NotifyCollectionChangedEventArgs e)”的参数“sender”类型中引用类型的为 Null 性与目标委托“NotifyCollectionChangedEventHandler”不匹配(可能是由于为 Null 性特性)。 [D:\C#\VM\VisionMaster\VisionMaster_nwnaffn2_wpftmp.csproj]
D:\C#\VM\VisionMaster\ViewModels\MonitorViewModel.cs(185,45): warning CS8625: 无法将 null 字面量转换为非 null 的引用类型。 [D:\C#\VM\VisionMaster\VisionMaster_nwnaffn2_wpftmp.csproj]
D:\C#\VM\VisionMaster\ViewModels\MonitorViewModel.cs(196,60): warning CS8622: “void MonitorViewModel.OnWatchItemsChanged(object sender, NotifyCollectionChangedEventArgs e)”的参数“sender”类型中引用类型的为 Null 性与目标委托“NotifyCollectionChangedEventHandler”不匹配(可能是由于为 Null 性特性)。 [D:\C#\VM\VisionMaster\VisionMaster_nwnaffn2_wpftmp.csproj]
D:\C#\VM\VisionMaster\ViewModels\MonitorViewModel.cs(198,56): warning CS8622: “void MonitorViewModel.OnWatchItemsChanged(object sender, NotifyCollectionChangedEventArgs e)”的参数“sender”类型中引用类型的为 Null 性与目标委托“NotifyCollectionChangedEventHandler”不匹配(可能是由于为 Null 性特性)。 [D:\C#\VM\VisionMaster\VisionMaster_nwnaffn2_wpftmp.csproj]
D:\C#\VM\VisionMaster\ViewModels\FlowListViewModel.cs(268,28): warning CS1998: This async method lacks 'await' operators and will run synchronously. Consider using the 'await' operator to await non-blocking API calls, or 'await Task.Run(...)' to do CPU-bound work on a background thread. [D:\C#\VM\VisionMaster\VisionMaster_nwnaffn2_wpftmp.csproj]
D:\C#\VM\VisionMaster\Views\DialogViews\ConditionEditorView.xaml.cs(178,76): warning CS8625: 无法将 null 字面量转换为非 null 的引用类型。 [D:\C#\VM\VisionMaster\VisionMaster_nwnaffn2_wpftmp.csproj]
D:\C#\VM\VisionMaster\Views\DialogViews\ConditionEditorView.xaml.cs(182,37): warning CS8625: 无法将 null 字面量转换为非 null 的引用类型。 [D:\C#\VM\VisionMaster\VisionMaster_nwnaffn2_wpftmp.csproj]
D:\C#\VM\VisionMaster\Views\DialogViews\ConditionEditorView.xaml.cs(191,40): warning CS8622: “void ConditionEditorView.Vm_BranchChanged(object sender, StepCollection e)”的参数“sender”类型中引用类型的为 Null 性与目标委托“EventHandler<StepCollection>”不匹配(可能是由于为 Null 性特性)。 [D:\C#\VM\VisionMaster\VisionMaster_nwnaffn2_wpftmp.csproj]
D:\C#\VM\VisionMaster\Views\DialogViews\ConditionEditorView.xaml.cs(192,54): warning CS8622: “void ConditionEditorView.Variables_CollectionChanged(object sender, NotifyCollectionChangedEventArgs e)”的参数“sender”类型中引用类型的为 Null 性与目标委托“NotifyCollectionChangedEventHandler”不匹配(可能是由于为 Null 性特性)。 [D:\C#\VM\VisionMaster\VisionMaster_nwnaffn2_wpftmp.csproj]
D:\C#\VM\VisionMaster\Views\DialogViews\ConditionEditorView.xaml.cs(198,40): warning CS8622: “void ConditionEditorView.Vm_BranchChanged(object sender, StepCollection e)”的参数“sender”类型中引用类型的为 Null 性与目标委托“EventHandler<StepCollection>”不匹配(可能是由于为 Null 性特性)。 [D:\C#\VM\VisionMaster\VisionMaster_nwnaffn2_wpftmp.csproj]
D:\C#\VM\VisionMaster\Views\DialogViews\ConditionEditorView.xaml.cs(199,54): warning CS8622: “void ConditionEditorView.Variables_CollectionChanged(object sender, NotifyCollectionChangedEventArgs e)”的参数“sender”类型中引用类型的为 Null 性与目标委托“NotifyCollectionChangedEventHandler”不匹配(可能是由于为 Null 性特性)。 [D:\C#\VM\VisionMaster\VisionMaster_nwnaffn2_wpftmp.csproj]
D:\C#\VM\VisionMaster\ViewModels\DialogViewModels\ConditionEditorViewModel .cs(358,32): warning CS8600: 将 null 文本或可能的 null 值转换为不可为 null 类型。 [D:\C#\VM\VisionMaster\VisionMaster_nwnaffn2_wpftmp.csproj]
D:\C#\VM\VisionMaster\ViewModels\DialogViewModels\ConditionEditorViewModel .cs(459,32): warning CS8600: 将 null 文本或可能的 null 值转换为不可为 null 类型。 [D:\C#\VM\VisionMaster\VisionMaster_nwnaffn2_wpftmp.csproj]
D:\C#\VM\VisionMaster\ViewModels\ProcessViewModel.cs(94,34): warning CS8625: 无法将 null 字面量转换为非 null 的引用类型。 [D:\C#\VM\VisionMaster\VisionMaster_nwnaffn2_wpftmp.csproj]
D:\C#\VM\VisionMaster\ViewModels\ProcessViewModel.cs(99,44): warning CS8601: 可能的 null 引用赋值。 [D:\C#\VM\VisionMaster\VisionMaster_nwnaffn2_wpftmp.csproj]
D:\C#\VM\VisionMaster\ViewModels\ProcessViewModel.cs(108,42): warning CS8604: “void IWorkspaceManager.SwitchStep(StepModel step)”中的形参“step”可能传入 null 引用实参。 [D:\C#\VM\VisionMaster\VisionMaster_nwnaffn2_wpftmp.csproj]
D:\C#\VM\VisionMaster\Views\DialogViews\ConditionEditorView.xaml.cs(218,46): warning CS8622: “void ConditionEditorView.VariableItem_PropertyChanged(object sender, PropertyChangedEventArgs e)”的参数“sender”类型中引用类型的为 Null 性与目标委托“PropertyChangedEventHandler”不匹配(可能是由于为 Null 性特性)。 [D:\C#\VM\VisionMaster\VisionMaster_nwnaffn2_wpftmp.csproj]
D:\C#\VM\VisionMaster\Views\DialogViews\ConditionEditorView.xaml.cs(219,46): warning CS8622: “void ConditionEditorView.VariableItem_PropertyChanged(object sender, PropertyChangedEventArgs e)”的参数“sender”类型中引用类型的为 Null 性与目标委托“PropertyChangedEventHandler”不匹配(可能是由于为 Null 性特性)。 [D:\C#\VM\VisionMaster\VisionMaster_nwnaffn2_wpftmp.csproj]
D:\C#\VM\VisionMaster\ViewModels\ProcessViewModel.cs(138,16): warning CS9264: 在退出构造函数时，不可为 null 的 属性 'SelectStep' 必须包含非 null 值。请考虑添加“required”修饰符，或将 属性 声明为可为 null，或安全地处理“get”访问器中“field”为 null 的情况。 [D:\C#\VM\VisionMaster\VisionMaster_nwnaffn2_wpftmp.csproj]
D:\C#\VM\VisionMaster\ViewModels\ProcessViewModel.cs(180,54): warning CS8622: “void ProcessViewModel.OnWorkspacePropertyChanged(object sender, PropertyChangedEventArgs e)”的参数“sender”类型中引用类型的为 Null 性与目标委托“PropertyChangedEventHandler”不匹配(可能是由于为 Null 性特性)。 [D:\C#\VM\VisionMaster\VisionMaster_nwnaffn2_wpftmp.csproj]
D:\C#\VM\VisionMaster\ViewModels\DialogViewModels\ConditionEditorViewModel .cs(492,32): warning CS8600: 将 null 文本或可能的 null 值转换为不可为 null 类型。 [D:\C#\VM\VisionMaster\VisionMaster_nwnaffn2_wpftmp.csproj]
D:\C#\VM\VisionMaster\ViewModels\DialogViewModels\ConditionEditorViewModel .cs(493,30): warning CS8600: 将 null 文本或可能的 null 值转换为不可为 null 类型。 [D:\C#\VM\VisionMaster\VisionMaster_nwnaffn2_wpftmp.csproj]
D:\C#\VM\VisionMaster\ViewModels\DialogViewModels\ConditionEditorViewModel .cs(526,29): warning CS8600: 将 null 文本或可能的 null 值转换为不可为 null 类型。 [D:\C#\VM\VisionMaster\VisionMaster_nwnaffn2_wpftmp.csproj]
D:\C#\VM\VisionMaster\ViewModels\ProcessViewModel.cs(200,54): warning CS8622: “void ProcessViewModel.OnWorkspacePropertyChanged(object sender, PropertyChangedEventArgs e)”的参数“sender”类型中引用类型的为 Null 性与目标委托“PropertyChangedEventHandler”不匹配(可能是由于为 Null 性特性)。 [D:\C#\VM\VisionMaster\VisionMaster_nwnaffn2_wpftmp.csproj]
D:\C#\VM\VisionMaster\ViewModels\ProcessViewModel.cs(206,33): warning CS8604: “void ProcessViewModel.TickRunningTimes(IEnumerable<StepModel> steps)”中的形参“steps”可能传入 null 引用实参。 [D:\C#\VM\VisionMaster\VisionMaster_nwnaffn2_wpftmp.csproj]
D:\C#\VM\VisionMaster\ViewModels\MonitorViewModel.cs(320,173): warning CS8625: 无法将 null 字面量转换为非 null 的引用类型。 [D:\C#\VM\VisionMaster\VisionMaster_nwnaffn2_wpftmp.csproj]
D:\C#\VM\VisionMaster\ViewModels\DialogViewModels\GlobalVariableViewModelBase.cs(29,61): warning CS8622: “void GlobalVariableViewModelBase.OnGlobalVariablesCollectionChanged(object sender, NotifyCollectionChangedEventArgs e)”的参数“sender”类型中引用类型的为 Null 性与目标委托“NotifyCollectionChangedEventHandler”不匹配(可能是由于为 Null 性特性)。 [D:\C#\VM\VisionMaster\VisionMaster_nwnaffn2_wpftmp.csproj]
D:\C#\VM\VisionMaster\ViewModels\ProcessViewModel.cs(268,41): warning CS8604: “void ParametersBase.Add(string key, object value)”中的形参“value”可能传入 null 引用实参。 [D:\C#\VM\VisionMaster\VisionMaster_nwnaffn2_wpftmp.csproj]
D:\C#\VM\VisionMaster\ViewModels\LogViewModel.cs(83,45): warning CS8622: “void LogViewModel.OnSystemLogsChanged(object sender, NotifyCollectionChangedEventArgs e)”的参数“sender”类型中引用类型的为 Null 性与目标委托“NotifyCollectionChangedEventHandler”不匹配(可能是由于为 Null 性特性)。 [D:\C#\VM\VisionMaster\VisionMaster_nwnaffn2_wpftmp.csproj]
D:\C#\VM\VisionMaster\ViewModels\LogViewModel.cs(106,32): warning CS8604: “void LogViewModel.BumpCounts(IList items, int delta)”中的形参“items”可能传入 null 引用实参。 [D:\C#\VM\VisionMaster\VisionMaster_nwnaffn2_wpftmp.csproj]
D:\C#\VM\VisionMaster\ViewModels\LogViewModel.cs(109,32): warning CS8604: “void LogViewModel.BumpCounts(IList items, int delta)”中的形参“items”可能传入 null 引用实参。 [D:\C#\VM\VisionMaster\VisionMaster_nwnaffn2_wpftmp.csproj]
D:\C#\VM\VisionMaster\ViewModels\FlowCanvasViewModel.cs(1242,74): warning CS8600: 将 null 文本或可能的 null 值转换为不可为 null 类型。 [D:\C#\VM\VisionMaster\VisionMaster_nwnaffn2_wpftmp.csproj]
D:\C#\VM\VisionMaster\ViewModels\FlowCanvasViewModel.cs(1278,25): warning CS8604: “CanvasLinkBinding.CanvasLinkBinding(StepModel consumer, string key, string display)”中的形参“consumer”可能传入 null 引用实参。 [D:\C#\VM\VisionMaster\VisionMaster_nwnaffn2_wpftmp.csproj]
D:\C#\VM\VisionMaster\ViewModels\DialogViewModels\GlobalVariableViewModelBase.cs(191,65): warning CS8622: “void GlobalVariableViewModelBase.OnGlobalVariablesCollectionChanged(object sender, NotifyCollectionChangedEventArgs e)”的参数“sender”类型中引用类型的为 Null 性与目标委托“NotifyCollectionChangedEventHandler”不匹配(可能是由于为 Null 性特性)。 [D:\C#\VM\VisionMaster\VisionMaster_nwnaffn2_wpftmp.csproj]
D:\C#\VM\VisionMaster\ViewModels\LogViewModel.cs(145,16): warning CS8603: 可能返回 null 引用。 [D:\C#\VM\VisionMaster\VisionMaster_nwnaffn2_wpftmp.csproj]
D:\C#\VM\VisionMaster\ViewModels\ProcessViewModel.cs(372,52): warning CS8625: 无法将 null 字面量转换为非 null 的引用类型。 [D:\C#\VM\VisionMaster\VisionMaster_nwnaffn2_wpftmp.csproj]
D:\C#\VM\VisionMaster\ViewModels\MonitorViewModel.cs(538,78): warning CS8625: 无法将 null 字面量转换为非 null 的引用类型。 [D:\C#\VM\VisionMaster\VisionMaster_nwnaffn2_wpftmp.csproj]
D:\C#\VM\VisionMaster\ViewModels\MonitorViewModel.cs(551,69): warning CS8625: 无法将 null 字面量转换为非 null 的引用类型。 [D:\C#\VM\VisionMaster\VisionMaster_nwnaffn2_wpftmp.csproj]
D:\C#\VM\VisionMaster\ViewModels\MonitorViewModel.cs(577,107): warning CS8625: 无法将 null 字面量转换为非 null 的引用类型。 [D:\C#\VM\VisionMaster\VisionMaster_nwnaffn2_wpftmp.csproj]
D:\C#\VM\VisionMaster\ViewModels\ProcessViewModel.cs(657,24): warning CS8603: 可能返回 null 引用。 [D:\C#\VM\VisionMaster\VisionMaster_nwnaffn2_wpftmp.csproj]
D:\C#\VM\VisionMaster\ViewModels\ProcessViewModel.cs(668,32): warning CS8603: 可能返回 null 引用。 [D:\C#\VM\VisionMaster\VisionMaster_nwnaffn2_wpftmp.csproj]
D:\C#\VM\VisionMaster\ViewModels\ProcessViewModel.cs(676,20): warning CS8603: 可能返回 null 引用。 [D:\C#\VM\VisionMaster\VisionMaster_nwnaffn2_wpftmp.csproj]
D:\C#\VM\VisionMaster\ViewModels\FlowCanvasViewModel.cs(1576,41): warning CS8604: “void Action<StepModel>.Invoke(StepModel obj)”中的形参“obj”可能传入 null 引用实参。 [D:\C#\VM\VisionMaster\VisionMaster_nwnaffn2_wpftmp.csproj]
D:\C#\VM\VisionMaster\ViewModels\DialogViewModels\GlobalVariableManagerViewModel.cs(528,16): warning CS9264: 在退出构造函数时，不可为 null 的 属性 'NewVarName' 必须包含非 null 值。请考虑添加“required”修饰符，或将 属性 声明为可为 null，或安全地处理“get”访问器中“field”为 null 的情况。 [D:\C#\VM\VisionMaster\VisionMaster_nwnaffn2_wpftmp.csproj]
D:\C#\VM\VisionMaster\ViewModels\DialogViewModels\GlobalVariableManagerViewModel.cs(528,16): warning CS9264: 在退出构造函数时，不可为 null 的 属性 'NewVarDescription' 必须包含非 null 值。请考虑添加“required”修饰符，或将 属性 声明为可为 null，或安全地处理“get”访问器中“field”为 null 的情况。 [D:\C#\VM\VisionMaster\VisionMaster_nwnaffn2_wpftmp.csproj]
D:\C#\VM\VisionMaster\ViewModels\DialogViewModels\GlobalVariableManagerViewModel.cs(596,28): warning CS8601: 可能的 null 引用赋值。 [D:\C#\VM\VisionMaster\VisionMaster_nwnaffn2_wpftmp.csproj]
D:\C#\VM\VisionMaster\ViewModels\DialogViewModels\GlobalVariableManagerViewModel.cs(598,37): warning CS8601: 可能的 null 引用赋值。 [D:\C#\VM\VisionMaster\VisionMaster_nwnaffn2_wpftmp.csproj]
D:\C#\VM\VisionMaster\ViewModels\DialogViewModels\GlobalVariableManagerViewModel.cs(671,36): warning CS8601: 可能的 null 引用赋值。 [D:\C#\VM\VisionMaster\VisionMaster_nwnaffn2_wpftmp.csproj]
D:\C#\VM\VisionMaster\ViewModels\DialogViewModels\GlobalVariableManagerViewModel.cs(672,36): warning CS8601: 可能的 null 引用赋值。 [D:\C#\VM\VisionMaster\VisionMaster_nwnaffn2_wpftmp.csproj]
D:\C#\VM\VisionMaster\ViewModels\DialogViewModels\GlobalVariableManagerViewModel.cs(674,29): warning CS8601: 可能的 null 引用赋值。 [D:\C#\VM\VisionMaster\VisionMaster_nwnaffn2_wpftmp.csproj]
D:\C#\VM\VisionMaster\ViewModels\DialogViewModels\GlobalVariableManagerViewModel.cs(676,29): warning CS8601: 可能的 null 引用赋值。 [D:\C#\VM\VisionMaster\VisionMaster_nwnaffn2_wpftmp.csproj]
D:\C#\VM\VisionMaster\ViewModels\DialogViewModels\GlobalVariableManagerViewModel.cs(701,38): warning CS8622: “void GlobalVariableManagerViewModel.OnVariableValueChanged(object sender, EventArgs e)”的参数“sender”类型中引用类型的为 Null 性与目标委托“EventHandler”不匹配(可能是由于为 Null 性特性)。 [D:\C#\VM\VisionMaster\VisionMaster_nwnaffn2_wpftmp.csproj]
D:\C#\VM\VisionMaster\ViewModels\DialogViewModels\GlobalVariableManagerViewModel.cs(707,38): warning CS8622: “void GlobalVariableManagerViewModel.OnVariableValueChanged(object sender, EventArgs e)”的参数“sender”类型中引用类型的为 Null 性与目标委托“EventHandler”不匹配(可能是由于为 Null 性特性)。 [D:\C#\VM\VisionMaster\VisionMaster_nwnaffn2_wpftmp.csproj]
D:\C#\VM\VisionMaster\ViewModels\DialogViewModels\GlobalVariableManagerViewModel.cs(752,40): warning CS8604: “Array Array.CreateInstance(Type elementType, int length)”中的形参“elementType”可能传入 null 引用实参。 [D:\C#\VM\VisionMaster\VisionMaster_nwnaffn2_wpftmp.csproj]
D:\C#\VM\VisionMaster\ViewModels\DialogViewModels\GlobalVariableManagerViewModel.cs(751,32): warning CS8600: 将 null 文本或可能的 null 值转换为不可为 null 类型。 [D:\C#\VM\VisionMaster\VisionMaster_nwnaffn2_wpftmp.csproj]
D:\C#\VM\VisionMaster\ViewModels\DialogViewModels\MotionBoardDebugTabViewModel.cs(504,72): warning CS8604: “void MotionDebugAxisRow.Update(AxisStatus? status, bool mapEnabled, bool deviceOnline, bool deviceHomed, string modeText)”中的形参“modeText”可能传入 null 引用实参。 [D:\C#\VM\VisionMaster\VisionMaster_nwnaffn2_wpftmp.csproj]
D:\C#\VM\VisionMaster\ViewModels\DialogViewModels\PluginConfigShellViewModel.cs(98,29): warning CS8625: 无法将 null 字面量转换为非 null 的引用类型。 [D:\C#\VM\VisionMaster\VisionMaster_nwnaffn2_wpftmp.csproj]
D:\C#\VM\VisionMaster\ViewModels\DialogViewModels\PluginConfigShellViewModel.cs(113,27): warning CS8625: 无法将 null 字面量转换为非 null 的引用类型。 [D:\C#\VM\VisionMaster\VisionMaster_nwnaffn2_wpftmp.csproj]
D:\C#\VM\VisionMaster\ViewModels\DialogViewModels\PluginConfigShellViewModel.cs(114,31): warning CS8625: 无法将 null 字面量转换为非 null 的引用类型。 [D:\C#\VM\VisionMaster\VisionMaster_nwnaffn2_wpftmp.csproj]
D:\C#\VM\VisionMaster\ViewModels\DialogViewModels\PluginConfigShellViewModel.cs(115,37): warning CS8625: 无法将 null 字面量转换为非 null 的引用类型。 [D:\C#\VM\VisionMaster\VisionMaster_nwnaffn2_wpftmp.csproj]
D:\C#\VM\VisionMaster\ViewModels\DialogViewModels\PluginConfigShellViewModel.cs(120,28): warning CS8625: 无法将 null 字面量转换为非 null 的引用类型。 [D:\C#\VM\VisionMaster\VisionMaster_nwnaffn2_wpftmp.csproj]
D:\C#\VM\VisionMaster\ViewModels\DialogViewModels\PluginConfigShellViewModel.cs(129,76): warning CS8600: 将 null 文本或可能的 null 值转换为不可为 null 类型。 [D:\C#\VM\VisionMaster\VisionMaster_nwnaffn2_wpftmp.csproj]
D:\C#\VM\VisionMaster\ViewModels\DialogViewModels\PluginConfigShellViewModel.cs(136,31): warning CS8601: 可能的 null 引用赋值。 [D:\C#\VM\VisionMaster\VisionMaster_nwnaffn2_wpftmp.csproj]
D:\C#\VM\VisionMaster\ViewModels\DialogViewModels\GlobalVariableManagerViewModel.cs(966,25): warning CS8604: “void DialogArrayEditor.Load(IEnumerable<string?> values)”中的形参“values”可能传入 null 引用实参。 [D:\C#\VM\VisionMaster\VisionMaster_nwnaffn2_wpftmp.csproj]
D:\C#\VM\VisionMaster\ViewModels\DialogViewModels\GlobalVariableManagerViewModel.cs(1113,40): warning CS8622: “void GlobalVariableManagerViewModel.OnVariableValueChanged(object sender, EventArgs e)”的参数“sender”类型中引用类型的为 Null 性与目标委托“EventHandler”不匹配(可能是由于为 Null 性特性)。 [D:\C#\VM\VisionMaster\VisionMaster_nwnaffn2_wpftmp.csproj]
D:\C#\VM\VisionMaster\ViewModels\ProcessViewModel.cs(779,32): warning CS8600: 将 null 文本或可能的 null 值转换为不可为 null 类型。 [D:\C#\VM\VisionMaster\VisionMaster_nwnaffn2_wpftmp.csproj]
D:\C#\VM\VisionMaster\ViewModels\ProcessViewModel.cs(840,36): warning CS8600: 将 null 文本或可能的 null 值转换为不可为 null 类型。 [D:\C#\VM\VisionMaster\VisionMaster_nwnaffn2_wpftmp.csproj]
D:\C#\VM\VisionMaster\ViewModels\DialogViewModels\PluginConfigShellViewModel.cs(328,29): warning CS8625: 无法将 null 字面量转换为非 null 的引用类型。 [D:\C#\VM\VisionMaster\VisionMaster_nwnaffn2_wpftmp.csproj]
D:\C#\VM\VisionMaster\ViewModels\DialogViewModels\PluginConfigShellViewModel.cs(350,46): warning CS8600: 将 null 文本或可能的 null 值转换为不可为 null 类型。 [D:\C#\VM\VisionMaster\VisionMaster_nwnaffn2_wpftmp.csproj]
D:\C#\VM\VisionMaster\ViewModels\DialogViewModels\PluginConfigShellViewModel.cs(351,39): warning CS8600: 将 null 文本或可能的 null 值转换为不可为 null 类型。 [D:\C#\VM\VisionMaster\VisionMaster_nwnaffn2_wpftmp.csproj]
D:\C#\VM\VisionMaster\ViewModels\DialogViewModels\PluginConfigShellViewModel.cs(352,35): warning CS8600: 将 null 文本或可能的 null 值转换为不可为 null 类型。 [D:\C#\VM\VisionMaster\VisionMaster_nwnaffn2_wpftmp.csproj]
D:\C#\VM\VisionMaster\ViewModels\DialogViewModels\PluginConfigShellViewModel.cs(376,69): warning CS8604: “void PluginConfigShellViewModel.CompleteExecute(int runId, PluginExecuteResult result, FlowSession session, bool cancelled, Exception error)”中的形参“result”可能传入 null 引用实参。 [D:\C#\VM\VisionMaster\VisionMaster_nwnaffn2_wpftmp.csproj]
D:\C#\VM\VisionMaster\ViewModels\DialogViewModels\PluginConfigShellViewModel.cs(376,77): warning CS8604: “void PluginConfigShellViewModel.CompleteExecute(int runId, PluginExecuteResult result, FlowSession session, bool cancelled, Exception error)”中的形参“session”可能传入 null 引用实参。 [D:\C#\VM\VisionMaster\VisionMaster_nwnaffn2_wpftmp.csproj]
D:\C#\VM\VisionMaster\ViewModels\DialogViewModels\PluginConfigShellViewModel.cs(376,97): warning CS8604: “void PluginConfigShellViewModel.CompleteExecute(int runId, PluginExecuteResult result, FlowSession session, bool cancelled, Exception error)”中的形参“error”可能传入 null 引用实参。 [D:\C#\VM\VisionMaster\VisionMaster_nwnaffn2_wpftmp.csproj]
D:\C#\VM\VisionMaster\ViewModels\DialogViewModels\MotionBoardViewModel.cs(155,51): warning CS8600: 将 null 文本或可能的 null 值转换为不可为 null 类型。 [D:\C#\VM\VisionMaster\VisionMaster_nwnaffn2_wpftmp.csproj]
D:\C#\VM\VisionMaster\ShellViewModel.cs(591,29): warning CS0169: 从不使用字段“ShellViewModel._currentSession” [D:\C#\VM\VisionMaster\VisionMaster_nwnaffn2_wpftmp.csproj]
D:\C#\VM\VisionMaster\ViewModels\DialogViewModels\VariableBindingViewModel.cs(512,62): warning CS8625: 无法将 null 字面量转换为非 null 的引用类型。 [D:\C#\VM\VisionMaster\VisionMaster.csproj]
D:\C#\VM\VisionMaster\Services\StepParameterDialog.cs(53,112): warning CS8625: 无法将 null 字面量转换为非 null 的引用类型。 [D:\C#\VM\VisionMaster\VisionMaster.csproj]
D:\C#\VM\VisionMaster\Services\FlowOutputCollector.cs(48,51): warning CS8604: “Dictionary<string, Guid> FlowOutputCollector.BuildStepNameIndex(FlowSession session)”中的形参“session”可能传入 null 引用实参。 [D:\C#\VM\VisionMaster\VisionMaster.csproj]
D:\C#\VM\VisionMaster\Services\Camera\NetworkCameraServer.cs(131,23): warning CS8625: 无法将 null 字面量转换为非 null 的引用类型。 [D:\C#\VM\VisionMaster\VisionMaster.csproj]
D:\C#\VM\VisionMaster\Services\Camera\CameraProvider.cs(196,20): warning CS8603: 可能返回 null 引用。 [D:\C#\VM\VisionMaster\VisionMaster.csproj]
D:\C#\VM\VisionMaster\Services\FlowOutputCollector.cs(114,77): warning CS8603: 可能返回 null 引用。 [D:\C#\VM\VisionMaster\VisionMaster.csproj]
D:\C#\VM\VisionMaster\Services\FlowOutputCollector.cs(115,20): warning CS8603: 可能返回 null 引用。 [D:\C#\VM\VisionMaster\VisionMaster.csproj]
D:\C#\VM\VisionMaster\Services\Camera\CameraProvider.cs(210,59): warning CS8601: 可能的 null 引用赋值。 [D:\C#\VM\VisionMaster\VisionMaster.csproj]
D:\C#\VM\VisionMaster\Services\Camera\CameraProvider.cs(219,22): warning CS8625: 无法将 null 字面量转换为非 null 的引用类型。 [D:\C#\VM\VisionMaster\VisionMaster.csproj]
D:\C#\VM\VisionMaster\Services\Camera\CameraProvider.cs(227,53): warning CS8601: 可能的 null 引用赋值。 [D:\C#\VM\VisionMaster\VisionMaster.csproj]
D:\C#\VM\VisionMaster\Services\FlowOutputCollector.cs(127,31): warning CS8600: 将 null 文本或可能的 null 值转换为不可为 null 类型。 [D:\C#\VM\VisionMaster\VisionMaster.csproj]
D:\C#\VM\VisionMaster\Services\FlowOutputCollector.cs(137,62): warning CS8604: “object FlowOutputCollector.ToJsonValue(object value)”中的形参“value”可能传入 null 引用实参。 [D:\C#\VM\VisionMaster\VisionMaster.csproj]
D:\C#\VM\VisionMaster\ShellViewModel.cs(77,43): warning CS8603: 可能返回 null 引用。 [D:\C#\VM\VisionMaster\VisionMaster.csproj]
D:\C#\VM\VisionMaster\Services\FlowOutputCollector.cs(165,28): warning CS8603: 可能返回 null 引用。 [D:\C#\VM\VisionMaster\VisionMaster.csproj]
D:\C#\VM\VisionMaster\Services\FlowOutputCollector.cs(230,28): warning CS8603: 可能返回 null 引用。 [D:\C#\VM\VisionMaster\VisionMaster.csproj]
D:\C#\VM\VisionMaster\Services\StepParameterDialog.cs(65,41): warning CS8600: 将 null 文本或可能的 null 值转换为不可为 null 类型。 [D:\C#\VM\VisionMaster\VisionMaster.csproj]
D:\C#\VM\VisionMaster\Services\StepParameterDialog.cs(76,51): warning CS8604: “AutoPortConfigView.AutoPortConfigView(IVisionPlugin plugin)”中的形参“plugin”可能传入 null 引用实参。 [D:\C#\VM\VisionMaster\VisionMaster.csproj]
D:\C#\VM\VisionMaster\Services\Camera\NetworkCameraServer.cs(261,22): warning CS8625: 无法将 null 字面量转换为非 null 的引用类型。 [D:\C#\VM\VisionMaster\VisionMaster.csproj]
D:\C#\VM\VisionMaster\Services\Camera\NetworkCameraServer.cs(262,20): warning CS8625: 无法将 null 字面量转换为非 null 的引用类型。 [D:\C#\VM\VisionMaster\VisionMaster.csproj]
D:\C#\VM\VisionMaster\Services\StepParameterDialog.cs(135,24): warning CS8603: 可能返回 null 引用。 [D:\C#\VM\VisionMaster\VisionMaster.csproj]
D:\C#\VM\VisionMaster\Services\StepParameterDialog.cs(141,28): warning CS8603: 可能返回 null 引用。 [D:\C#\VM\VisionMaster\VisionMaster.csproj]
D:\C#\VM\VisionMaster\Services\StepParameterDialog.cs(148,24): warning CS8603: 可能返回 null 引用。 [D:\C#\VM\VisionMaster\VisionMaster.csproj]
D:\C#\VM\VisionMaster\Services\StepParameterDialog.cs(152,24): warning CS8603: 可能返回 null 引用。 [D:\C#\VM\VisionMaster\VisionMaster.csproj]
D:\C#\VM\VisionMaster\Views\ScadaRuntimeWindow.xaml.cs(41,23): warning CS8622: “void ScadaRuntimeWindow.OnWindowClosed(object sender, EventArgs e)”的参数“sender”类型中引用类型的为 Null 性与目标委托“EventHandler”不匹配(可能是由于为 Null 性特性)。 [D:\C#\VM\VisionMaster\VisionMaster.csproj]
D:\C#\VM\VisionMaster\Services\HttpImageServer.cs(140,23): warning CS8625: 无法将 null 字面量转换为非 null 的引用类型。 [D:\C#\VM\VisionMaster\VisionMaster.csproj]
D:\C#\VM\VisionMaster\Services\Camera\CameraProvider.cs(304,32): warning CS8625: 无法将 null 字面量转换为非 null 的引用类型。 [D:\C#\VM\VisionMaster\VisionMaster.csproj]
D:\C#\VM\VisionMaster\Services\Camera\CameraProvider.cs(360,28): warning CS8604: “void CameraProvider.RememberSynced(SolutionModel solution, int count)”中的形参“solution”可能传入 null 引用实参。 [D:\C#\VM\VisionMaster\VisionMaster.csproj]
D:\C#\VM\VisionMaster\Services\Help\HelpCatalogService.cs(187,29): warning CS8601: 可能的 null 引用赋值。 [D:\C#\VM\VisionMaster\VisionMaster.csproj]
D:\C#\VM\VisionMaster\ShellViewModel.cs(334,55): warning CS8622: “void ShellViewModel.OnSessionStateChanged(object sender, SessionStateChangedEventArgs e)”的参数“sender”类型中引用类型的为 Null 性与目标委托“EventHandler<SessionStateChangedEventArgs>”不匹配(可能是由于为 Null 性特性)。 [D:\C#\VM\VisionMaster\VisionMaster.csproj]
D:\C#\VM\VisionMaster\ShellViewModel.cs(296,16): warning CS9264: 在退出构造函数时，不可为 null 的 属性 'HandleCountStr' 必须包含非 null 值。请考虑添加“required”修饰符，或将 属性 声明为可为 null，或安全地处理“get”访问器中“field”为 null 的情况。 [D:\C#\VM\VisionMaster\VisionMaster.csproj]
D:\C#\VM\VisionMaster\ShellViewModel.cs(296,16): warning CS9264: 在退出构造函数时，不可为 null 的 属性 'ThreadCountStr' 必须包含非 null 值。请考虑添加“required”修饰符，或将 属性 声明为可为 null，或安全地处理“get”访问器中“field”为 null 的情况。 [D:\C#\VM\VisionMaster\VisionMaster.csproj]
D:\C#\VM\VisionMaster\ShellViewModel.cs(296,16): warning CS9264: 在退出构造函数时，不可为 null 的 属性 'CpuUsageStr' 必须包含非 null 值。请考虑添加“required”修饰符，或将 属性 声明为可为 null，或安全地处理“get”访问器中“field”为 null 的情况。 [D:\C#\VM\VisionMaster\VisionMaster.csproj]
D:\C#\VM\VisionMaster\ShellViewModel.cs(296,16): warning CS9264: 在退出构造函数时，不可为 null 的 属性 'MemoryUsageStr' 必须包含非 null 值。请考虑添加“required”修饰符，或将 属性 声明为可为 null，或安全地处理“get”访问器中“field”为 null 的情况。 [D:\C#\VM\VisionMaster\VisionMaster.csproj]
D:\C#\VM\VisionMaster\ShellViewModel.cs(296,16): warning CS9264: 在退出构造函数时，不可为 null 的 属性 'CurrentTimeText' 必须包含非 null 值。请考虑添加“required”修饰符，或将 属性 声明为可为 null，或安全地处理“get”访问器中“field”为 null 的情况。 [D:\C#\VM\VisionMaster\VisionMaster.csproj]
D:\C#\VM\VisionMaster\Services\Camera\CameraProvider.cs(433,24): warning CS8603: 可能返回 null 引用。 [D:\C#\VM\VisionMaster\VisionMaster.csproj]
D:\C#\VM\VisionMaster\Services\Camera\CameraProvider.cs(444,28): warning CS8603: 可能返回 null 引用。 [D:\C#\VM\VisionMaster\VisionMaster.csproj]
D:\C#\VM\VisionMaster\Services\Camera\CameraProvider.cs(457,24): warning CS8603: 可能返回 null 引用。 [D:\C#\VM\VisionMaster\VisionMaster.csproj]
D:\C#\VM\VisionMaster\Services\LayoutHelper.cs(88,20): warning CS8603: 可能返回 null 引用。 [D:\C#\VM\VisionMaster\VisionMaster.csproj]
D:\C#\VM\VisionMaster\Services\HttpImageServer.cs(241,42): warning CS8604: “object HttpImageServer.Fail(ApiRequest req, int statusCode, string message)”中的形参“message”可能传入 null 引用实参。 [D:\C#\VM\VisionMaster\VisionMaster.csproj]
D:\C#\VM\VisionMaster\Services\HttpImageServer.cs(329,39): warning CS8603: 可能返回 null 引用。 [D:\C#\VM\VisionMaster\VisionMaster.csproj]
D:\C#\VM\VisionMaster\Services\HttpImageServer.cs(333,20): warning CS8603: 可能返回 null 引用。 [D:\C#\VM\VisionMaster\VisionMaster.csproj]
D:\C#\VM\VisionMaster\Services\LayoutHelper.cs(157,45): warning CS8603: 可能返回 null 引用。 [D:\C#\VM\VisionMaster\VisionMaster.csproj]
D:\C#\VM\VisionMaster\Services\LayoutHelper.cs(172,24): warning CS8603: 可能返回 null 引用。 [D:\C#\VM\VisionMaster\VisionMaster.csproj]
D:\C#\VM\VisionMaster\Services\LayoutHelper.cs(275,26): warning CS8625: 无法将 null 字面量转换为非 null 的引用类型。 [D:\C#\VM\VisionMaster\VisionMaster.csproj]
D:\C#\VM\VisionMaster\Services\ImageCollectionService.cs(304,17): warning CS8602: 解引用可能出现空引用。 [D:\C#\VM\VisionMaster\VisionMaster.csproj]
D:\C#\VM\VisionMaster\Services\NetworkVariableBridge.cs(110,29): warning CS8601: 可能的 null 引用赋值。 [D:\C#\VM\VisionMaster\VisionMaster.csproj]
D:\C#\VM\VisionMaster\Services\LayoutHelper.cs(329,57): warning CS8603: 可能返回 null 引用。 [D:\C#\VM\VisionMaster\VisionMaster.csproj]
D:\C#\VM\VisionMaster\Services\LayoutHelper.cs(332,41): warning CS8603: 可能返回 null 引用。 [D:\C#\VM\VisionMaster\VisionMaster.csproj]
D:\C#\VM\VisionMaster\Services\LayoutHelper.cs(334,20): warning CS8603: 可能返回 null 引用。 [D:\C#\VM\VisionMaster\VisionMaster.csproj]
D:\C#\VM\VisionMaster\Views\DialogViews\ConditionEditorView.xaml.cs(52,41): warning CS8622: “void ConditionEditorView.Vm_BranchChanged(object sender, StepCollection e)”的参数“sender”类型中引用类型的为 Null 性与目标委托“EventHandler<StepCollection>”不匹配(可能是由于为 Null 性特性)。 [D:\C#\VM\VisionMaster\VisionMaster.csproj]
D:\C#\VM\VisionMaster\Views\DialogViews\ConditionEditorView.xaml.cs(53,41): warning CS8622: “void ConditionEditorView.Vm_BranchChanged(object sender, StepCollection e)”的参数“sender”类型中引用类型的为 Null 性与目标委托“EventHandler<StepCollection>”不匹配(可能是由于为 Null 性特性)。 [D:\C#\VM\VisionMaster\VisionMaster.csproj]
D:\C#\VM\VisionMaster\Views\DialogViews\ConditionEditorView.xaml.cs(55,55): warning CS8622: “void ConditionEditorView.Variables_CollectionChanged(object sender, NotifyCollectionChangedEventArgs e)”的参数“sender”类型中引用类型的为 Null 性与目标委托“NotifyCollectionChangedEventHandler”不匹配(可能是由于为 Null 性特性)。 [D:\C#\VM\VisionMaster\VisionMaster.csproj]
D:\C#\VM\VisionMaster\Views\DialogViews\ConditionEditorView.xaml.cs(56,55): warning CS8622: “void ConditionEditorView.Variables_CollectionChanged(object sender, NotifyCollectionChangedEventArgs e)”的参数“sender”类型中引用类型的为 Null 性与目标委托“NotifyCollectionChangedEventHandler”不匹配(可能是由于为 Null 性特性)。 [D:\C#\VM\VisionMaster\VisionMaster.csproj]
D:\C#\VM\VisionMaster\Views\DialogViews\ConditionEditorView.xaml.cs(355,58): warning CS8603: 可能返回 null 引用。 [D:\C#\VM\VisionMaster\VisionMaster.csproj]
D:\C#\VM\VisionMaster\Views\DialogViews\ConditionEditorView.xaml.cs(178,76): warning CS8625: 无法将 null 字面量转换为非 null 的引用类型。 [D:\C#\VM\VisionMaster\VisionMaster.csproj]
D:\C#\VM\VisionMaster\Views\DialogViews\ConditionEditorView.xaml.cs(182,37): warning CS8625: 无法将 null 字面量转换为非 null 的引用类型。 [D:\C#\VM\VisionMaster\VisionMaster.csproj]
D:\C#\VM\VisionMaster\Views\DialogViews\ConditionEditorView.xaml.cs(191,40): warning CS8622: “void ConditionEditorView.Vm_BranchChanged(object sender, StepCollection e)”的参数“sender”类型中引用类型的为 Null 性与目标委托“EventHandler<StepCollection>”不匹配(可能是由于为 Null 性特性)。 [D:\C#\VM\VisionMaster\VisionMaster.csproj]
D:\C#\VM\VisionMaster\Views\DialogViews\ConditionEditorView.xaml.cs(192,54): warning CS8622: “void ConditionEditorView.Variables_CollectionChanged(object sender, NotifyCollectionChangedEventArgs e)”的参数“sender”类型中引用类型的为 Null 性与目标委托“NotifyCollectionChangedEventHandler”不匹配(可能是由于为 Null 性特性)。 [D:\C#\VM\VisionMaster\VisionMaster.csproj]
D:\C#\VM\VisionMaster\Views\DialogViews\ConditionEditorView.xaml.cs(198,40): warning CS8622: “void ConditionEditorView.Vm_BranchChanged(object sender, StepCollection e)”的参数“sender”类型中引用类型的为 Null 性与目标委托“EventHandler<StepCollection>”不匹配(可能是由于为 Null 性特性)。 [D:\C#\VM\VisionMaster\VisionMaster.csproj]
D:\C#\VM\VisionMaster\Views\DialogViews\ConditionEditorView.xaml.cs(199,54): warning CS8622: “void ConditionEditorView.Variables_CollectionChanged(object sender, NotifyCollectionChangedEventArgs e)”的参数“sender”类型中引用类型的为 Null 性与目标委托“NotifyCollectionChangedEventHandler”不匹配(可能是由于为 Null 性特性)。 [D:\C#\VM\VisionMaster\VisionMaster.csproj]
D:\C#\VM\VisionMaster\Views\DialogViews\ConditionEditorView.xaml.cs(218,46): warning CS8622: “void ConditionEditorView.VariableItem_PropertyChanged(object sender, PropertyChangedEventArgs e)”的参数“sender”类型中引用类型的为 Null 性与目标委托“PropertyChangedEventHandler”不匹配(可能是由于为 Null 性特性)。 [D:\C#\VM\VisionMaster\VisionMaster.csproj]
D:\C#\VM\VisionMaster\Views\DialogViews\ConditionEditorView.xaml.cs(219,46): warning CS8622: “void ConditionEditorView.VariableItem_PropertyChanged(object sender, PropertyChangedEventArgs e)”的参数“sender”类型中引用类型的为 Null 性与目标委托“PropertyChangedEventHandler”不匹配(可能是由于为 Null 性特性)。 [D:\C#\VM\VisionMaster\VisionMaster.csproj]
D:\C#\VM\VisionMaster\Services\LayoutHelper.cs(422,50): warning CS8604: “bool Dictionary<string, Func<object>>.TryGetValue(string key, out Func<object> value)”中的形参“key”可能传入 null 引用实参。 [D:\C#\VM\VisionMaster\VisionMaster.csproj]
D:\C#\VM\VisionMaster\Services\LayoutHelper.cs(439,32): warning CS8600: 将 null 文本或可能的 null 值转换为不可为 null 类型。 [D:\C#\VM\VisionMaster\VisionMaster.csproj]
D:\C#\VM\VisionMaster\Services\ScadaPagePicker.cs(39,35): warning CS8604: “void ParametersBase.Add(string key, object value)”中的形参“value”可能传入 null 引用实参。 [D:\C#\VM\VisionMaster\VisionMaster.csproj]
D:\C#\VM\VisionMaster\Services\ScadaVariablePicker.cs(40,35): warning CS8604: “void ParametersBase.Add(string key, object value)”中的形参“value”可能传入 null 引用实参。 [D:\C#\VM\VisionMaster\VisionMaster.csproj]
D:\C#\VM\VisionMaster\Views\ProcessView.xaml.cs(160,28): warning CS8603: 可能返回 null 引用。 [D:\C#\VM\VisionMaster\VisionMaster.csproj]
D:\C#\VM\VisionMaster\Views\ProcessView.xaml.cs(168,20): warning CS8603: 可能返回 null 引用。 [D:\C#\VM\VisionMaster\VisionMaster.csproj]
D:\C#\VM\VisionMaster\ViewModels\DialogViewModels\VariableBindingViewModel.cs(67,38): warning CS8625: 无法将 null 字面量转换为非 null 的引用类型。 [D:\C#\VM\VisionMaster\VisionMaster.csproj]
D:\C#\VM\VisionMaster\ViewModels\DialogViewModels\ConditionEditorViewModel .cs(641,32): warning CS8603: 可能返回 null 引用。 [D:\C#\VM\VisionMaster\VisionMaster.csproj]
D:\C#\VM\VisionMaster\ViewModels\DialogViewModels\ConditionEditorViewModel .cs(647,61): warning CS8603: 可能返回 null 引用。 [D:\C#\VM\VisionMaster\VisionMaster.csproj]
D:\C#\VM\VisionMaster\ViewModels\DialogViewModels\ConditionEditorViewModel .cs(649,32): warning CS8600: 将 null 文本或可能的 null 值转换为不可为 null 类型。 [D:\C#\VM\VisionMaster\VisionMaster.csproj]
D:\C#\VM\VisionMaster\ViewModels\DialogViewModels\ConditionEditorViewModel .cs(651,28): warning CS8603: 可能返回 null 引用。 [D:\C#\VM\VisionMaster\VisionMaster.csproj]
D:\C#\VM\VisionMaster\ViewModels\DialogViewModels\ConditionEditorViewModel .cs(656,24): warning CS8603: 可能返回 null 引用。 [D:\C#\VM\VisionMaster\VisionMaster.csproj]
D:\C#\VM\VisionMaster\ViewModels\DialogViewModels\ConditionEditorViewModel .cs(623,23): warning CS9264: 在退出构造函数时，不可为 null 的 属性 'AliasName' 必须包含非 null 值。请考虑添加“required”修饰符，或将 属性 声明为可为 null，或安全地处理“get”访问器中“field”为 null 的情况。 [D:\C#\VM\VisionMaster\VisionMaster.csproj]
D:\C#\VM\VisionMaster\ViewModels\DialogViewModels\ConditionEditorViewModel .cs(633,23): warning CS9264: 在退出构造函数时，不可为 null 的 属性 'SourceAddress' 必须包含非 null 值。请考虑添加“required”修饰符，或将 属性 声明为可为 null，或安全地处理“get”访问器中“field”为 null 的情况。 [D:\C#\VM\VisionMaster\VisionMaster.csproj]
D:\C#\VM\VisionMaster\ViewModels\DialogViewModels\FlowManagerViewModel.cs(98,43): warning CS8622: “void FlowManagerViewModel.OnWorkspacePropertyChanged(object sender, PropertyChangedEventArgs e)”的参数“sender”类型中引用类型的为 Null 性与目标委托“PropertyChangedEventHandler”不匹配(可能是由于为 Null 性特性)。 [D:\C#\VM\VisionMaster\VisionMaster.csproj]
D:\C#\VM\VisionMaster\ShellViewModel.cs(921,42): warning CS8602: 解引用可能出现空引用。 [D:\C#\VM\VisionMaster\VisionMaster.csproj]
D:\C#\VM\VisionMaster\ViewModels\DebugHitViewModel.cs(70,16): warning CS9264: 在退出构造函数时，不可为 null 的 属性 'Header' 必须包含非 null 值。请考虑添加“required”修饰符，或将 属性 声明为可为 null，或安全地处理“get”访问器中“field”为 null 的情况。 [D:\C#\VM\VisionMaster\VisionMaster.csproj]
D:\C#\VM\VisionMaster\ViewModels\DebugHitViewModel.cs(70,16): warning CS9264: 在退出构造函数时，不可为 null 的 属性 'FlowName' 必须包含非 null 值。请考虑添加“required”修饰符，或将 属性 声明为可为 null，或安全地处理“get”访问器中“field”为 null 的情况。 [D:\C#\VM\VisionMaster\VisionMaster.csproj]
D:\C#\VM\VisionMaster\ViewModels\DebugHitViewModel.cs(70,16): warning CS9264: 在退出构造函数时，不可为 null 的 属性 'StepName' 必须包含非 null 值。请考虑添加“required”修饰符，或将 属性 声明为可为 null，或安全地处理“get”访问器中“field”为 null 的情况。 [D:\C#\VM\VisionMaster\VisionMaster.csproj]
D:\C#\VM\VisionMaster\ViewModels\FlowListViewModel.cs(66,16): warning CS9264: 在退出构造函数时，不可为 null 的 属性 'SelectFlow' 必须包含非 null 值。请考虑添加“required”修饰符，或将 属性 声明为可为 null，或安全地处理“get”访问器中“field”为 null 的情况。 [D:\C#\VM\VisionMaster\VisionMaster.csproj]
D:\C#\VM\VisionMaster\ShellViewModel.cs(1366,39): warning CS8603: 可能返回 null 引用。 [D:\C#\VM\VisionMaster\VisionMaster.csproj]
D:\C#\VM\VisionMaster\ShellViewModel.cs(1374,20): warning CS8603: 可能返回 null 引用。 [D:\C#\VM\VisionMaster\VisionMaster.csproj]
D:\C#\VM\VisionMaster\ViewModels\LogViewModel.cs(83,45): warning CS8622: “void LogViewModel.OnSystemLogsChanged(object sender, NotifyCollectionChangedEventArgs e)”的参数“sender”类型中引用类型的为 Null 性与目标委托“NotifyCollectionChangedEventHandler”不匹配(可能是由于为 Null 性特性)。 [D:\C#\VM\VisionMaster\VisionMaster.csproj]
D:\C#\VM\VisionMaster\ShellViewModel.cs(1379,39): warning CS8603: 可能返回 null 引用。 [D:\C#\VM\VisionMaster\VisionMaster.csproj]
D:\C#\VM\VisionMaster\ShellViewModel.cs(1390,56): warning CS8604: “StepModel ShellViewModel.FindDebugStoppedStep(IEnumerable<StepModel> steps)”中的形参“steps”可能传入 null 引用实参。 [D:\C#\VM\VisionMaster\VisionMaster.csproj]
D:\C#\VM\VisionMaster\ShellViewModel.cs(1396,20): warning CS8603: 可能返回 null 引用。 [D:\C#\VM\VisionMaster\VisionMaster.csproj]
D:\C#\VM\VisionMaster\ViewModels\LogViewModel.cs(106,32): warning CS8604: “void LogViewModel.BumpCounts(IList items, int delta)”中的形参“items”可能传入 null 引用实参。 [D:\C#\VM\VisionMaster\VisionMaster.csproj]
D:\C#\VM\VisionMaster\ViewModels\LogViewModel.cs(109,32): warning CS8604: “void LogViewModel.BumpCounts(IList items, int delta)”中的形参“items”可能传入 null 引用实参。 [D:\C#\VM\VisionMaster\VisionMaster.csproj]
D:\C#\VM\VisionMaster\ViewModels\MonitorViewModel.cs(117,61): warning CS8622: “void MonitorViewModel.OnGlobalVariablesChanged(object sender, NotifyCollectionChangedEventArgs e)”的参数“sender”类型中引用类型的为 Null 性与目标委托“NotifyCollectionChangedEventHandler”不匹配(可能是由于为 Null 性特性)。 [D:\C#\VM\VisionMaster\VisionMaster.csproj]
D:\C#\VM\VisionMaster\ViewModels\MonitorViewModel.cs(123,60): warning CS8622: “void MonitorViewModel.OnVariableRenamed(object sender, VariableRenamedEventArgs e)”的参数“sender”类型中引用类型的为 Null 性与目标委托“EventHandler<VariableRenamedEventArgs>”不匹配(可能是由于为 Null 性特性)。 [D:\C#\VM\VisionMaster\VisionMaster.csproj]
D:\C#\VM\VisionMaster\ViewModels\MonitorViewModel.cs(131,50): warning CS8622: “void MonitorViewModel.OnWorkspacePropertyChanged(object sender, PropertyChangedEventArgs e)”的参数“sender”类型中引用类型的为 Null 性与目标委托“PropertyChangedEventHandler”不匹配(可能是由于为 Null 性特性)。 [D:\C#\VM\VisionMaster\VisionMaster.csproj]
D:\C#\VM\VisionMaster\ViewModels\MonitorViewModel.cs(138,65): warning CS8622: “void MonitorViewModel.OnSessionsChanged(object sender, NotifyCollectionChangedEventArgs e)”的参数“sender”类型中引用类型的为 Null 性与目标委托“NotifyCollectionChangedEventHandler”不匹配(可能是由于为 Null 性特性)。 [D:\C#\VM\VisionMaster\VisionMaster.csproj]
D:\C#\VM\VisionMaster\ViewModels\LogViewModel.cs(145,16): warning CS8603: 可能返回 null 引用。 [D:\C#\VM\VisionMaster\VisionMaster.csproj]
D:\C#\VM\VisionMaster\ViewModels\DialogViewModels\GlobalVariableViewModelBase.cs(29,61): warning CS8622: “void GlobalVariableViewModelBase.OnGlobalVariablesCollectionChanged(object sender, NotifyCollectionChangedEventArgs e)”的参数“sender”类型中引用类型的为 Null 性与目标委托“NotifyCollectionChangedEventHandler”不匹配(可能是由于为 Null 性特性)。 [D:\C#\VM\VisionMaster\VisionMaster.csproj]
D:\C#\VM\VisionMaster\ViewModels\MonitorViewModel.cs(184,64): warning CS8622: “void MonitorViewModel.OnWatchItemsChanged(object sender, NotifyCollectionChangedEventArgs e)”的参数“sender”类型中引用类型的为 Null 性与目标委托“NotifyCollectionChangedEventHandler”不匹配(可能是由于为 Null 性特性)。 [D:\C#\VM\VisionMaster\VisionMaster.csproj]
D:\C#\VM\VisionMaster\ViewModels\MonitorViewModel.cs(185,45): warning CS8625: 无法将 null 字面量转换为非 null 的引用类型。 [D:\C#\VM\VisionMaster\VisionMaster.csproj]
D:\C#\VM\VisionMaster\ViewModels\MonitorViewModel.cs(196,60): warning CS8622: “void MonitorViewModel.OnWatchItemsChanged(object sender, NotifyCollectionChangedEventArgs e)”的参数“sender”类型中引用类型的为 Null 性与目标委托“NotifyCollectionChangedEventHandler”不匹配(可能是由于为 Null 性特性)。 [D:\C#\VM\VisionMaster\VisionMaster.csproj]
D:\C#\VM\VisionMaster\ViewModels\MonitorViewModel.cs(198,56): warning CS8622: “void MonitorViewModel.OnWatchItemsChanged(object sender, NotifyCollectionChangedEventArgs e)”的参数“sender”类型中引用类型的为 Null 性与目标委托“NotifyCollectionChangedEventHandler”不匹配(可能是由于为 Null 性特性)。 [D:\C#\VM\VisionMaster\VisionMaster.csproj]
D:\C#\VM\VisionMaster\ViewModels\ProcessViewModel.cs(94,34): warning CS8625: 无法将 null 字面量转换为非 null 的引用类型。 [D:\C#\VM\VisionMaster\VisionMaster.csproj]
D:\C#\VM\VisionMaster\ViewModels\ProcessViewModel.cs(99,44): warning CS8601: 可能的 null 引用赋值。 [D:\C#\VM\VisionMaster\VisionMaster.csproj]
D:\C#\VM\VisionMaster\ViewModels\ProcessViewModel.cs(108,42): warning CS8604: “void IWorkspaceManager.SwitchStep(StepModel step)”中的形参“step”可能传入 null 引用实参。 [D:\C#\VM\VisionMaster\VisionMaster.csproj]
D:\C#\VM\VisionMaster\ViewModels\ProcessViewModel.cs(138,16): warning CS9264: 在退出构造函数时，不可为 null 的 属性 'SelectStep' 必须包含非 null 值。请考虑添加“required”修饰符，或将 属性 声明为可为 null，或安全地处理“get”访问器中“field”为 null 的情况。 [D:\C#\VM\VisionMaster\VisionMaster.csproj]
D:\C#\VM\VisionMaster\ViewModels\ProcessViewModel.cs(180,54): warning CS8622: “void ProcessViewModel.OnWorkspacePropertyChanged(object sender, PropertyChangedEventArgs e)”的参数“sender”类型中引用类型的为 Null 性与目标委托“PropertyChangedEventHandler”不匹配(可能是由于为 Null 性特性)。 [D:\C#\VM\VisionMaster\VisionMaster.csproj]
D:\C#\VM\VisionMaster\ViewModels\ProcessViewModel.cs(200,54): warning CS8622: “void ProcessViewModel.OnWorkspacePropertyChanged(object sender, PropertyChangedEventArgs e)”的参数“sender”类型中引用类型的为 Null 性与目标委托“PropertyChangedEventHandler”不匹配(可能是由于为 Null 性特性)。 [D:\C#\VM\VisionMaster\VisionMaster.csproj]
D:\C#\VM\VisionMaster\ViewModels\ProcessViewModel.cs(206,33): warning CS8604: “void ProcessViewModel.TickRunningTimes(IEnumerable<StepModel> steps)”中的形参“steps”可能传入 null 引用实参。 [D:\C#\VM\VisionMaster\VisionMaster.csproj]
D:\C#\VM\VisionMaster\ViewModels\DialogViewModels\GlobalVariableViewModelBase.cs(191,65): warning CS8622: “void GlobalVariableViewModelBase.OnGlobalVariablesCollectionChanged(object sender, NotifyCollectionChangedEventArgs e)”的参数“sender”类型中引用类型的为 Null 性与目标委托“NotifyCollectionChangedEventHandler”不匹配(可能是由于为 Null 性特性)。 [D:\C#\VM\VisionMaster\VisionMaster.csproj]
D:\C#\VM\VisionMaster\ViewModels\ProcessViewModel.cs(268,41): warning CS8604: “void ParametersBase.Add(string key, object value)”中的形参“value”可能传入 null 引用实参。 [D:\C#\VM\VisionMaster\VisionMaster.csproj]
D:\C#\VM\VisionMaster\ViewModels\DialogViewModels\VariableBindingViewModel.cs(260,33): warning CS8601: 可能的 null 引用赋值。 [D:\C#\VM\VisionMaster\VisionMaster.csproj]
D:\C#\VM\VisionMaster\ViewModels\ProcessViewModel.cs(372,52): warning CS8625: 无法将 null 字面量转换为非 null 的引用类型。 [D:\C#\VM\VisionMaster\VisionMaster.csproj]
D:\C#\VM\VisionMaster\ViewModels\DialogViewModels\ConditionEditorViewModel .cs(162,31): warning CS8625: 无法将 null 字面量转换为非 null 的引用类型。 [D:\C#\VM\VisionMaster\VisionMaster.csproj]
D:\C#\VM\VisionMaster\ViewModels\DialogViewModels\ConditionEditorViewModel .cs(171,68): warning CS8601: 可能的 null 引用赋值。 [D:\C#\VM\VisionMaster\VisionMaster.csproj]
D:\C#\VM\VisionMaster\ViewModels\DialogViewModels\ConditionEditorViewModel .cs(172,39): warning CS8601: 可能的 null 引用赋值。 [D:\C#\VM\VisionMaster\VisionMaster.csproj]
D:\C#\VM\VisionMaster\ViewModels\DialogViewModels\ConditionEditorViewModel .cs(222,44): warning CS8600: 将 null 文本或可能的 null 值转换为不可为 null 类型。 [D:\C#\VM\VisionMaster\VisionMaster.csproj]
D:\C#\VM\VisionMaster\ViewModels\DialogViewModels\ConditionEditorViewModel .cs(228,30): warning CS8601: 可能的 null 引用赋值。 [D:\C#\VM\VisionMaster\VisionMaster.csproj]
D:\C#\VM\VisionMaster\ViewModels\DialogViewModels\ConditionEditorViewModel .cs(232,16): warning CS9264: 在退出构造函数时，不可为 null 的 属性 'Branches' 必须包含非 null 值。请考虑添加“required”修饰符，或将 属性 声明为可为 null，或安全地处理“get”访问器中“field”为 null 的情况。 [D:\C#\VM\VisionMaster\VisionMaster.csproj]
D:\C#\VM\VisionMaster\ViewModels\DialogViewModels\ConditionEditorViewModel .cs(232,16): warning CS9264: 在退出构造函数时，不可为 null 的 属性 'SelectedBranch' 必须包含非 null 值。请考虑添加“required”修饰符，或将 属性 声明为可为 null，或安全地处理“get”访问器中“field”为 null 的情况。 [D:\C#\VM\VisionMaster\VisionMaster.csproj]
D:\C#\VM\VisionMaster\ViewModels\DialogViewModels\ConditionEditorViewModel .cs(232,16): warning CS9264: 在退出构造函数时，不可为 null 的 属性 'JudgeExpressionDraft' 必须包含非 null 值。请考虑添加“required”修饰符，或将 属性 声明为可为 null，或安全地处理“get”访问器中“field”为 null 的情况。 [D:\C#\VM\VisionMaster\VisionMaster.csproj]
D:\C#\VM\VisionMaster\ViewModels\DialogViewModels\ConditionEditorViewModel .cs(232,16): warning CS9264: 在退出构造函数时，不可为 null 的 属性 'LoopCountSourceText' 必须包含非 null 值。请考虑添加“required”修饰符，或将 属性 声明为可为 null，或安全地处理“get”访问器中“field”为 null 的情况。 [D:\C#\VM\VisionMaster\VisionMaster.csproj]
D:\C#\VM\VisionMaster\ViewModels\MonitorViewModel.cs(320,173): warning CS8625: 无法将 null 字面量转换为非 null 的引用类型。 [D:\C#\VM\VisionMaster\VisionMaster.csproj]
D:\C#\VM\VisionMaster\ViewModels\FlowListViewModel.cs(149,48): warning CS8604: “int Collection<FlowModel>.IndexOf(FlowModel item)”中的形参“item”可能传入 null 引用实参。 [D:\C#\VM\VisionMaster\VisionMaster.csproj]
D:\C#\VM\VisionMaster\ViewModels\FlowListViewModel.cs(153,52): warning CS8604: “bool MandatoryFlows.IsMandatory(FlowModel flow)”中的形参“flow”可能传入 null 引用实参。 [D:\C#\VM\VisionMaster\VisionMaster.csproj]
D:\C#\VM\VisionMaster\ViewModels\FlowListViewModel.cs(171,25): warning CS8602: 解引用可能出现空引用。 [D:\C#\VM\VisionMaster\VisionMaster.csproj]
D:\C#\VM\VisionMaster\ViewModels\FlowListViewModel.cs(206,79): warning CS8602: 解引用可能出现空引用。 [D:\C#\VM\VisionMaster\VisionMaster.csproj]
D:\C#\VM\VisionMaster\ViewModels\FlowListViewModel.cs(268,28): warning CS1998: This async method lacks 'await' operators and will run synchronously. Consider using the 'await' operator to await non-blocking API calls, or 'await Task.Run(...)' to do CPU-bound work on a background thread. [D:\C#\VM\VisionMaster\VisionMaster.csproj]
D:\C#\VM\VisionMaster\ViewModels\ProcessViewModel.cs(657,24): warning CS8603: 可能返回 null 引用。 [D:\C#\VM\VisionMaster\VisionMaster.csproj]
D:\C#\VM\VisionMaster\ViewModels\ProcessViewModel.cs(668,32): warning CS8603: 可能返回 null 引用。 [D:\C#\VM\VisionMaster\VisionMaster.csproj]
D:\C#\VM\VisionMaster\ViewModels\ProcessViewModel.cs(676,20): warning CS8603: 可能返回 null 引用。 [D:\C#\VM\VisionMaster\VisionMaster.csproj]
D:\C#\VM\VisionMaster\ViewModels\DialogViewModels\ConditionEditorViewModel .cs(307,35): warning CS8625: 无法将 null 字面量转换为非 null 的引用类型。 [D:\C#\VM\VisionMaster\VisionMaster.csproj]
D:\C#\VM\VisionMaster\ViewModels\DialogViewModels\ConditionEditorViewModel .cs(308,35): warning CS8625: 无法将 null 字面量转换为非 null 的引用类型。 [D:\C#\VM\VisionMaster\VisionMaster.csproj]
D:\C#\VM\VisionMaster\ViewModels\MonitorViewModel.cs(538,78): warning CS8625: 无法将 null 字面量转换为非 null 的引用类型。 [D:\C#\VM\VisionMaster\VisionMaster.csproj]
D:\C#\VM\VisionMaster\ViewModels\MonitorViewModel.cs(551,69): warning CS8625: 无法将 null 字面量转换为非 null 的引用类型。 [D:\C#\VM\VisionMaster\VisionMaster.csproj]
D:\C#\VM\VisionMaster\ViewModels\MonitorViewModel.cs(577,107): warning CS8625: 无法将 null 字面量转换为非 null 的引用类型。 [D:\C#\VM\VisionMaster\VisionMaster.csproj]
D:\C#\VM\VisionMaster\ViewModels\ProcessViewModel.cs(779,32): warning CS8600: 将 null 文本或可能的 null 值转换为不可为 null 类型。 [D:\C#\VM\VisionMaster\VisionMaster.csproj]
D:\C#\VM\VisionMaster\ViewModels\ProcessViewModel.cs(840,36): warning CS8600: 将 null 文本或可能的 null 值转换为不可为 null 类型。 [D:\C#\VM\VisionMaster\VisionMaster.csproj]
D:\C#\VM\VisionMaster\ViewModels\DialogViewModels\MotionBoardViewModel.cs(155,51): warning CS8600: 将 null 文本或可能的 null 值转换为不可为 null 类型。 [D:\C#\VM\VisionMaster\VisionMaster.csproj]
D:\C#\VM\VisionMaster\ViewModels\DialogViewModels\VariableBindingViewModel.cs(538,62): warning CS8604: “InputPortUIModel.InputPortUIModel(PortDefinition schema, string linkedAddress)”中的形参“linkedAddress”可能传入 null 引用实参。 [D:\C#\VM\VisionMaster\VisionMaster.csproj]
D:\C#\VM\VisionMaster\ViewModels\DialogViewModels\PluginConfigShellViewModel.cs(98,29): warning CS8625: 无法将 null 字面量转换为非 null 的引用类型。 [D:\C#\VM\VisionMaster\VisionMaster.csproj]
D:\C#\VM\VisionMaster\ViewModels\DialogViewModels\PluginConfigShellViewModel.cs(113,27): warning CS8625: 无法将 null 字面量转换为非 null 的引用类型。 [D:\C#\VM\VisionMaster\VisionMaster.csproj]
D:\C#\VM\VisionMaster\ViewModels\DialogViewModels\PluginConfigShellViewModel.cs(114,31): warning CS8625: 无法将 null 字面量转换为非 null 的引用类型。 [D:\C#\VM\VisionMaster\VisionMaster.csproj]
D:\C#\VM\VisionMaster\ViewModels\DialogViewModels\PluginConfigShellViewModel.cs(115,37): warning CS8625: 无法将 null 字面量转换为非 null 的引用类型。 [D:\C#\VM\VisionMaster\VisionMaster.csproj]
D:\C#\VM\VisionMaster\ViewModels\DialogViewModels\PluginConfigShellViewModel.cs(120,28): warning CS8625: 无法将 null 字面量转换为非 null 的引用类型。 [D:\C#\VM\VisionMaster\VisionMaster.csproj]
D:\C#\VM\VisionMaster\ViewModels\DialogViewModels\VariableBindingViewModel.cs(604,17): warning CS8601: 可能的 null 引用赋值。 [D:\C#\VM\VisionMaster\VisionMaster.csproj]
D:\C#\VM\VisionMaster\ViewModels\DialogViewModels\VariableBindingViewModel.cs(610,23): warning CS8604: “void VariableBindingViewModel.BuildTree(IDialogParameters parameters = null)”中的形参“parameters”可能传入 null 引用实参。 [D:\C#\VM\VisionMaster\VisionMaster.csproj]
D:\C#\VM\VisionMaster\ViewModels\DialogViewModels\ConditionEditorViewModel .cs(358,32): warning CS8600: 将 null 文本或可能的 null 值转换为不可为 null 类型。 [D:\C#\VM\VisionMaster\VisionMaster.csproj]
D:\C#\VM\VisionMaster\ViewModels\DialogViewModels\ConditionEditorViewModel .cs(459,32): warning CS8600: 将 null 文本或可能的 null 值转换为不可为 null 类型。 [D:\C#\VM\VisionMaster\VisionMaster.csproj]
D:\C#\VM\VisionMaster\ViewModels\DialogViewModels\PluginConfigShellViewModel.cs(129,76): warning CS8600: 将 null 文本或可能的 null 值转换为不可为 null 类型。 [D:\C#\VM\VisionMaster\VisionMaster.csproj]
D:\C#\VM\VisionMaster\ViewModels\DialogViewModels\PluginConfigShellViewModel.cs(136,31): warning CS8601: 可能的 null 引用赋值。 [D:\C#\VM\VisionMaster\VisionMaster.csproj]
D:\C#\VM\VisionMaster\ViewModels\DialogViewModels\ConditionEditorViewModel .cs(492,32): warning CS8600: 将 null 文本或可能的 null 值转换为不可为 null 类型。 [D:\C#\VM\VisionMaster\VisionMaster.csproj]
D:\C#\VM\VisionMaster\ViewModels\DialogViewModels\ConditionEditorViewModel .cs(493,30): warning CS8600: 将 null 文本或可能的 null 值转换为不可为 null 类型。 [D:\C#\VM\VisionMaster\VisionMaster.csproj]
D:\C#\VM\VisionMaster\ViewModels\DialogViewModels\ConditionEditorViewModel .cs(526,29): warning CS8600: 将 null 文本或可能的 null 值转换为不可为 null 类型。 [D:\C#\VM\VisionMaster\VisionMaster.csproj]
D:\C#\VM\VisionMaster\ViewModels\DialogViewModels\PluginConfigShellViewModel.cs(328,29): warning CS8625: 无法将 null 字面量转换为非 null 的引用类型。 [D:\C#\VM\VisionMaster\VisionMaster.csproj]
D:\C#\VM\VisionMaster\ViewModels\DialogViewModels\PluginConfigShellViewModel.cs(350,46): warning CS8600: 将 null 文本或可能的 null 值转换为不可为 null 类型。 [D:\C#\VM\VisionMaster\VisionMaster.csproj]
D:\C#\VM\VisionMaster\ViewModels\DialogViewModels\PluginConfigShellViewModel.cs(351,39): warning CS8600: 将 null 文本或可能的 null 值转换为不可为 null 类型。 [D:\C#\VM\VisionMaster\VisionMaster.csproj]
D:\C#\VM\VisionMaster\ViewModels\DialogViewModels\PluginConfigShellViewModel.cs(352,35): warning CS8600: 将 null 文本或可能的 null 值转换为不可为 null 类型。 [D:\C#\VM\VisionMaster\VisionMaster.csproj]
D:\C#\VM\VisionMaster\ViewModels\DialogViewModels\PluginConfigShellViewModel.cs(376,69): warning CS8604: “void PluginConfigShellViewModel.CompleteExecute(int runId, PluginExecuteResult result, FlowSession session, bool cancelled, Exception error)”中的形参“result”可能传入 null 引用实参。 [D:\C#\VM\VisionMaster\VisionMaster.csproj]
D:\C#\VM\VisionMaster\ViewModels\DialogViewModels\PluginConfigShellViewModel.cs(376,77): warning CS8604: “void PluginConfigShellViewModel.CompleteExecute(int runId, PluginExecuteResult result, FlowSession session, bool cancelled, Exception error)”中的形参“session”可能传入 null 引用实参。 [D:\C#\VM\VisionMaster\VisionMaster.csproj]
D:\C#\VM\VisionMaster\ViewModels\DialogViewModels\PluginConfigShellViewModel.cs(376,97): warning CS8604: “void PluginConfigShellViewModel.CompleteExecute(int runId, PluginExecuteResult result, FlowSession session, bool cancelled, Exception error)”中的形参“error”可能传入 null 引用实参。 [D:\C#\VM\VisionMaster\VisionMaster.csproj]
D:\C#\VM\VisionMaster\ViewModels\DialogViewModels\MotionBoardDebugTabViewModel.cs(504,72): warning CS8604: “void MotionDebugAxisRow.Update(AxisStatus? status, bool mapEnabled, bool deviceOnline, bool deviceHomed, string modeText)”中的形参“modeText”可能传入 null 引用实参。 [D:\C#\VM\VisionMaster\VisionMaster.csproj]
D:\C#\VM\VisionMaster\ViewModels\DialogViewModels\GlobalVariableManagerViewModel.cs(528,16): warning CS9264: 在退出构造函数时，不可为 null 的 属性 'NewVarName' 必须包含非 null 值。请考虑添加“required”修饰符，或将 属性 声明为可为 null，或安全地处理“get”访问器中“field”为 null 的情况。 [D:\C#\VM\VisionMaster\VisionMaster.csproj]
D:\C#\VM\VisionMaster\ViewModels\DialogViewModels\GlobalVariableManagerViewModel.cs(528,16): warning CS9264: 在退出构造函数时，不可为 null 的 属性 'NewVarDescription' 必须包含非 null 值。请考虑添加“required”修饰符，或将 属性 声明为可为 null，或安全地处理“get”访问器中“field”为 null 的情况。 [D:\C#\VM\VisionMaster\VisionMaster.csproj]
D:\C#\VM\VisionMaster\ViewModels\DialogViewModels\GlobalVariableManagerViewModel.cs(596,28): warning CS8601: 可能的 null 引用赋值。 [D:\C#\VM\VisionMaster\VisionMaster.csproj]
D:\C#\VM\VisionMaster\ViewModels\DialogViewModels\GlobalVariableManagerViewModel.cs(598,37): warning CS8601: 可能的 null 引用赋值。 [D:\C#\VM\VisionMaster\VisionMaster.csproj]
D:\C#\VM\VisionMaster\ViewModels\DialogViewModels\SolutionListViewModel.cs(215,32): warning CS8601: 可能的 null 引用赋值。 [D:\C#\VM\VisionMaster\VisionMaster.csproj]
D:\C#\VM\VisionMaster\ViewModels\DialogViewModels\GlobalVariableManagerViewModel.cs(671,36): warning CS8601: 可能的 null 引用赋值。 [D:\C#\VM\VisionMaster\VisionMaster.csproj]
D:\C#\VM\VisionMaster\ViewModels\DialogViewModels\GlobalVariableManagerViewModel.cs(672,36): warning CS8601: 可能的 null 引用赋值。 [D:\C#\VM\VisionMaster\VisionMaster.csproj]
D:\C#\VM\VisionMaster\ViewModels\DialogViewModels\GlobalVariableManagerViewModel.cs(674,29): warning CS8601: 可能的 null 引用赋值。 [D:\C#\VM\VisionMaster\VisionMaster.csproj]
D:\C#\VM\VisionMaster\ViewModels\DialogViewModels\GlobalVariableManagerViewModel.cs(676,29): warning CS8601: 可能的 null 引用赋值。 [D:\C#\VM\VisionMaster\VisionMaster.csproj]
D:\C#\VM\VisionMaster\ViewModels\DialogViewModels\GlobalVariableManagerViewModel.cs(701,38): warning CS8622: “void GlobalVariableManagerViewModel.OnVariableValueChanged(object sender, EventArgs e)”的参数“sender”类型中引用类型的为 Null 性与目标委托“EventHandler”不匹配(可能是由于为 Null 性特性)。 [D:\C#\VM\VisionMaster\VisionMaster.csproj]
D:\C#\VM\VisionMaster\ViewModels\DialogViewModels\GlobalVariableManagerViewModel.cs(707,38): warning CS8622: “void GlobalVariableManagerViewModel.OnVariableValueChanged(object sender, EventArgs e)”的参数“sender”类型中引用类型的为 Null 性与目标委托“EventHandler”不匹配(可能是由于为 Null 性特性)。 [D:\C#\VM\VisionMaster\VisionMaster.csproj]
D:\C#\VM\VisionMaster\ViewModels\DialogViewModels\GlobalVariableManagerViewModel.cs(752,40): warning CS8604: “Array Array.CreateInstance(Type elementType, int length)”中的形参“elementType”可能传入 null 引用实参。 [D:\C#\VM\VisionMaster\VisionMaster.csproj]
D:\C#\VM\VisionMaster\ViewModels\DialogViewModels\GlobalVariableManagerViewModel.cs(751,32): warning CS8600: 将 null 文本或可能的 null 值转换为不可为 null 类型。 [D:\C#\VM\VisionMaster\VisionMaster.csproj]
D:\C#\VM\VisionMaster\ViewModels\DialogViewModels\GlobalVariableManagerViewModel.cs(966,25): warning CS8604: “void DialogArrayEditor.Load(IEnumerable<string?> values)”中的形参“values”可能传入 null 引用实参。 [D:\C#\VM\VisionMaster\VisionMaster.csproj]
D:\C#\VM\VisionMaster\ViewModels\DialogViewModels\GlobalVariableManagerViewModel.cs(1113,40): warning CS8622: “void GlobalVariableManagerViewModel.OnVariableValueChanged(object sender, EventArgs e)”的参数“sender”类型中引用类型的为 Null 性与目标委托“EventHandler”不匹配(可能是由于为 Null 性特性)。 [D:\C#\VM\VisionMaster\VisionMaster.csproj]
D:\C#\VM\VisionMaster\ViewModels\FlowCanvasViewModel.cs(1242,74): warning CS8600: 将 null 文本或可能的 null 值转换为不可为 null 类型。 [D:\C#\VM\VisionMaster\VisionMaster.csproj]
D:\C#\VM\VisionMaster\ViewModels\FlowCanvasViewModel.cs(1278,25): warning CS8604: “CanvasLinkBinding.CanvasLinkBinding(StepModel consumer, string key, string display)”中的形参“consumer”可能传入 null 引用实参。 [D:\C#\VM\VisionMaster\VisionMaster.csproj]
D:\C#\VM\VisionMaster\ViewModels\FlowCanvasViewModel.cs(1576,41): warning CS8604: “void Action<StepModel>.Invoke(StepModel obj)”中的形参“obj”可能传入 null 引用实参。 [D:\C#\VM\VisionMaster\VisionMaster.csproj]
D:\C#\VM\VisionMaster\ShellViewModel.cs(591,29): warning CS0169: 从不使用字段“ShellViewModel._currentSession” [D:\C#\VM\VisionMaster\VisionMaster.csproj]
D:\C#\VM\Plugins\Plugin.Calibration\CalibrationPlugin.cs(466,62): warning CS8604: “bool CalibrationMath.IsUsableMatrix(double[] matrix)”中的形参“matrix”可能传入 null 引用实参。 [D:\C#\VM\Plugins\Plugin.Calibration\Plugin.Calibration_irqc5pkt_wpftmp.csproj::TargetFramework=net9.0-windows]
D:\C#\VM\Plugins\Plugin.Calibration\CalibrationPlugin.cs(1208,57): warning CS8601: 可能的 null 引用赋值。 [D:\C#\VM\Plugins\Plugin.Calibration\Plugin.Calibration_irqc5pkt_wpftmp.csproj::TargetFramework=net9.0-windows]
D:\C#\VM\Plugins\Plugin.Calibration\CalibrationPlugin.cs(1208,68): warning CS8601: 可能的 null 引用赋值。 [D:\C#\VM\Plugins\Plugin.Calibration\Plugin.Calibration_irqc5pkt_wpftmp.csproj::TargetFramework=net9.0-windows]
D:\C#\VM\Plugins\Plugin.Calibration\CalibrationPlugin.cs(1318,49): warning CS8604: “bool CalibrationMath.IsUsableMatrix(double[] matrix)”中的形参“matrix”可能传入 null 引用实参。 [D:\C#\VM\Plugins\Plugin.Calibration\Plugin.Calibration_irqc5pkt_wpftmp.csproj::TargetFramework=net9.0-windows]
D:\C#\VM\Plugins\Plugin.Calibration\CalibrationPlugin.cs(466,62): warning CS8604: “bool CalibrationMath.IsUsableMatrix(double[] matrix)”中的形参“matrix”可能传入 null 引用实参。 [D:\C#\VM\Plugins\Plugin.Calibration\Plugin.Calibration.csproj::TargetFramework=net9.0-windows]
D:\C#\VM\Plugins\Plugin.Calibration\CalibrationPlugin.cs(1208,57): warning CS8601: 可能的 null 引用赋值。 [D:\C#\VM\Plugins\Plugin.Calibration\Plugin.Calibration.csproj::TargetFramework=net9.0-windows]
D:\C#\VM\Plugins\Plugin.Calibration\CalibrationPlugin.cs(1208,68): warning CS8601: 可能的 null 引用赋值。 [D:\C#\VM\Plugins\Plugin.Calibration\Plugin.Calibration.csproj::TargetFramework=net9.0-windows]
D:\C#\VM\Plugins\Plugin.Calibration\CalibrationPlugin.cs(1318,49): warning CS8604: “bool CalibrationMath.IsUsableMatrix(double[] matrix)”中的形参“matrix”可能传入 null 引用实参。 [D:\C#\VM\Plugins\Plugin.Calibration\Plugin.Calibration.csproj::TargetFramework=net9.0-windows]
D:\C#\VM\UIThemeSmokeTest\Program.cs(615,49): warning CS8632: 只能在 "#nullable" 注释上下文内的代码中使用可为 null 的引用类型的注释。 [D:\C#\VM\UIThemeSmokeTest\UIThemeSmokeTest_awfmr513_wpftmp.csproj]
D:\C#\VM\UIThemeSmokeTest\Program.cs(1142,40): warning CS8632: 只能在 "#nullable" 注释上下文内的代码中使用可为 null 的引用类型的注释。 [D:\C#\VM\UIThemeSmokeTest\UIThemeSmokeTest_awfmr513_wpftmp.csproj]
D:\C#\VM\UIThemeSmokeTest\Program.cs(1743,25): warning CS8632: 只能在 "#nullable" 注释上下文内的代码中使用可为 null 的引用类型的注释。 [D:\C#\VM\UIThemeSmokeTest\UIThemeSmokeTest_awfmr513_wpftmp.csproj]
D:\C#\VM\UIThemeSmokeTest\Program.cs(1046,28): warning CS8632: 只能在 "#nullable" 注释上下文内的代码中使用可为 null 的引用类型的注释。 [D:\C#\VM\UIThemeSmokeTest\UIThemeSmokeTest_awfmr513_wpftmp.csproj]
D:\C#\VM\UIThemeSmokeTest\Program.cs(1046,78): warning CS8632: 只能在 "#nullable" 注释上下文内的代码中使用可为 null 的引用类型的注释。 [D:\C#\VM\UIThemeSmokeTest\UIThemeSmokeTest_awfmr513_wpftmp.csproj]
D:\C#\VM\UIThemeSmokeTest\Program.cs(1091,49): warning CS8632: 只能在 "#nullable" 注释上下文内的代码中使用可为 null 的引用类型的注释。 [D:\C#\VM\UIThemeSmokeTest\UIThemeSmokeTest_awfmr513_wpftmp.csproj]
D:\C#\VM\UIThemeSmokeTest\Program.cs(615,49): warning CS8632: 只能在 "#nullable" 注释上下文内的代码中使用可为 null 的引用类型的注释。 [D:\C#\VM\UIThemeSmokeTest\UIThemeSmokeTest.csproj]
D:\C#\VM\UIThemeSmokeTest\Program.cs(1142,40): warning CS8632: 只能在 "#nullable" 注释上下文内的代码中使用可为 null 的引用类型的注释。 [D:\C#\VM\UIThemeSmokeTest\UIThemeSmokeTest.csproj]
D:\C#\VM\UIThemeSmokeTest\Program.cs(1743,25): warning CS8632: 只能在 "#nullable" 注释上下文内的代码中使用可为 null 的引用类型的注释。 [D:\C#\VM\UIThemeSmokeTest\UIThemeSmokeTest.csproj]
D:\C#\VM\UIThemeSmokeTest\Program.cs(1046,28): warning CS8632: 只能在 "#nullable" 注释上下文内的代码中使用可为 null 的引用类型的注释。 [D:\C#\VM\UIThemeSmokeTest\UIThemeSmokeTest.csproj]
D:\C#\VM\UIThemeSmokeTest\Program.cs(1046,78): warning CS8632: 只能在 "#nullable" 注释上下文内的代码中使用可为 null 的引用类型的注释。 [D:\C#\VM\UIThemeSmokeTest\UIThemeSmokeTest.csproj]
D:\C#\VM\UIThemeSmokeTest\Program.cs(1091,49): warning CS8632: 只能在 "#nullable" 注释上下文内的代码中使用可为 null 的引用类型的注释。 [D:\C#\VM\UIThemeSmokeTest\UIThemeSmokeTest.csproj]
    894 个警告
    0 个错误

已用时间 00:00:10.04
