C:\Program Files\dotnet\sdk\9.0.318\Microsoft.Common.CurrentVersion.targets(2433,5): warning MSB3245: 未能解析此引用。未能找到程序集“System.Resources.Extensions”。请检查磁盘上是否存在该程序集。 如果您的代码需要此引用，则可能出现编译错误。 [D:\C#\VM\DLL\HslCommunication\HslCommunication.csproj]
D:\C#\VM\Engine\FlowEngineService.cs(89,39): warning CS8625: 无法将 null 字面量转换为非 null 的引用类型。 [D:\C#\VM\Engine\VM.FlowEngine.csproj]
D:\C#\VM\Engine\FlowEngineService.cs(178,102): warning CS8625: 无法将 null 字面量转换为非 null 的引用类型。 [D:\C#\VM\Engine\VM.FlowEngine.csproj]
D:\C#\VM\Engine\PluginTestRunner.cs(52,39): warning CS8625: 无法将 null 字面量转换为非 null 的引用类型。 [D:\C#\VM\Engine\VM.FlowEngine.csproj]
D:\C#\VM\Engine\PluginTestRunner.cs(53,39): warning CS8625: 无法将 null 字面量转换为非 null 的引用类型。 [D:\C#\VM\Engine\VM.FlowEngine.csproj]
D:\C#\VM\Engine\ResourceLockService.cs(50,102): warning CS8625: 无法将 null 字面量转换为非 null 的引用类型。 [D:\C#\VM\Engine\VM.FlowEngine.csproj]
D:\C#\VM\Engine\ResourceLockService.cs(58,117): warning CS8625: 无法将 null 字面量转换为非 null 的引用类型。 [D:\C#\VM\Engine\VM.FlowEngine.csproj]
D:\C#\VM\Engine\ResourceLockService.cs(79,112): warning CS8625: 无法将 null 字面量转换为非 null 的引用类型。 [D:\C#\VM\Engine\VM.FlowEngine.csproj]
D:\C#\VM\Engine\FlowEngineService.cs(82,16): warning CS8618: 在退出构造函数时，不可为 null 的 事件 "SessionStateChanged" 必须包含非 null 值。请考虑添加 "required" 修饰符或将该 事件 声明为可为 null。 [D:\C#\VM\Engine\VM.FlowEngine.csproj]
D:\C#\VM\Engine\FlowEngineService.cs(82,16): warning CS8618: 在退出构造函数时，不可为 null 的 事件 "FlowRunCompleted" 必须包含非 null 值。请考虑添加 "required" 修饰符或将该 事件 声明为可为 null。 [D:\C#\VM\Engine\VM.FlowEngine.csproj]
D:\C#\VM\Engine\FlowEngineService.cs(82,16): warning CS8618: 在退出构造函数时，不可为 null 的 事件 "FlowRunStarted" 必须包含非 null 值。请考虑添加 "required" 修饰符或将该 事件 声明为可为 null。 [D:\C#\VM\Engine\VM.FlowEngine.csproj]
D:\C#\VM\Engine\FlowEngineService.cs(142,20): warning CS8603: 可能返回 null 引用。 [D:\C#\VM\Engine\VM.FlowEngine.csproj]
D:\C#\VM\Engine\IRuntimeManager.cs(156,39): warning CS8604: “void RuntimeManager.StopSessionGracefully(FlowSession session, int timeoutMs = 3000)”中的形参“session”可能传入 null 引用实参。 [D:\C#\VM\Engine\VM.FlowEngine.csproj]
D:\C#\VM\Engine\IRuntimeManager.cs(194,24): warning CS8603: 可能返回 null 引用。 [D:\C#\VM\Engine\VM.FlowEngine.csproj]
D:\C#\VM\Engine\IRuntimeManager.cs(206,24): warning CS8603: 可能返回 null 引用。 [D:\C#\VM\Engine\VM.FlowEngine.csproj]
D:\C#\VM\Engine\ResourceLockService.cs(81,29): warning CS8625: 无法将 null 字面量转换为非 null 的引用类型。 [D:\C#\VM\Engine\VM.FlowEngine.csproj]
D:\C#\VM\Engine\ResourceLockService.cs(120,20): warning CS8603: 可能返回 null 引用。 [D:\C#\VM\Engine\VM.FlowEngine.csproj]
D:\C#\VM\Engine\ResourceLockService.cs(138,43): warning CS8625: 无法将 null 字面量转换为非 null 的引用类型。 [D:\C#\VM\Engine\VM.FlowEngine.csproj]
D:\C#\VM\Engine\ResourceLockService.cs(157,44): warning CS8625: 无法将 null 字面量转换为非 null 的引用类型。 [D:\C#\VM\Engine\VM.FlowEngine.csproj]
D:\C#\VM\Engine\PluginProvider.cs(84,24): warning CS8603: 可能返回 null 引用。 [D:\C#\VM\Engine\VM.FlowEngine.csproj]
D:\C#\VM\Engine\PluginProvider.cs(149,24): warning CS8603: 可能返回 null 引用。 [D:\C#\VM\Engine\VM.FlowEngine.csproj]
D:\C#\VM\Engine\PluginProvider.cs(165,24): warning CS8603: 可能返回 null 引用。 [D:\C#\VM\Engine\VM.FlowEngine.csproj]
D:\C#\VM\Engine\FlowQueryHelper.cs(74,44): warning CS8601: 可能的 null 引用赋值。 [D:\C#\VM\Engine\VM.FlowEngine.csproj]
D:\C#\VM\Engine\FlowQueryHelper.cs(122,44): warning CS8601: 可能的 null 引用赋值。 [D:\C#\VM\Engine\VM.FlowEngine.csproj]
D:\C#\VM\Engine\FlowQueryHelper.cs(178,36): warning CS8601: 可能的 null 引用赋值。 [D:\C#\VM\Engine\VM.FlowEngine.csproj]
D:\C#\VM\Engine\FlowQueryHelper.cs(204,28): warning CS8625: 无法将 null 字面量转换为非 null 的引用类型。 [D:\C#\VM\Engine\VM.FlowEngine.csproj]
D:\C#\VM\Engine\FlowQueryHelper.cs(32,40): warning CS8618: 在退出构造函数时，不可为 null 的 字段 "_pluginProvider" 必须包含非 null 值。请考虑添加 "required" 修饰符或将该 字段 声明为可为 null。 [D:\C#\VM\Engine\VM.FlowEngine.csproj]
D:\C#\VM\Engine\FlowEngineService.cs(370,43): warning CS8625: 无法将 null 字面量转换为非 null 的引用类型。 [D:\C#\VM\Engine\VM.FlowEngine.csproj]
D:\C#\VM\Engine\FlowEngineService.cs(386,55): warning CS8625: 无法将 null 字面量转换为非 null 的引用类型。 [D:\C#\VM\Engine\VM.FlowEngine.csproj]
D:\C#\VM\Engine\PluginService.cs(194,32): warning CS8601: 可能的 null 引用赋值。 [D:\C#\VM\Engine\VM.FlowEngine.csproj]
D:\C#\VM\Engine\PluginService.cs(195,35): warning CS8601: 可能的 null 引用赋值。 [D:\C#\VM\Engine\VM.FlowEngine.csproj]
D:\C#\VM\Engine\PluginService.cs(196,28): warning CS8601: 可能的 null 引用赋值。 [D:\C#\VM\Engine\VM.FlowEngine.csproj]
D:\C#\VM\Engine\PluginService.cs(197,28): warning CS8601: 可能的 null 引用赋值。 [D:\C#\VM\Engine\VM.FlowEngine.csproj]
D:\C#\VM\Engine\PluginService.cs(198,38): warning CS8601: 可能的 null 引用赋值。 [D:\C#\VM\Engine\VM.FlowEngine.csproj]
D:\C#\VM\Engine\PluginService.cs(214,52): warning CS8601: 可能的 null 引用赋值。 [D:\C#\VM\Engine\VM.FlowEngine.csproj]
D:\C#\VM\Engine\PluginService.cs(231,48): warning CS8601: 可能的 null 引用赋值。 [D:\C#\VM\Engine\VM.FlowEngine.csproj]
D:\C#\VM\Engine\PluginService.cs(252,50): warning CS8604: “void IPluginProvider.RegisterModule(ToolItemModel plugin)”中的形参“plugin”可能传入 null 引用实参。 [D:\C#\VM\Engine\VM.FlowEngine.csproj]
D:\C#\VM\Engine\FlowEngineService.cs(490,43): warning CS8625: 无法将 null 字面量转换为非 null 的引用类型。 [D:\C#\VM\Engine\VM.FlowEngine.csproj]
D:\C#\VM\Engine\FlowEngineService.cs(506,55): warning CS8625: 无法将 null 字面量转换为非 null 的引用类型。 [D:\C#\VM\Engine\VM.FlowEngine.csproj]
D:\C#\VM\Engine\ResourceLockService.cs(33,27): warning CS8618: 在退出构造函数时，不可为 null 的 字段 "OwnerSessionId" 必须包含非 null 值。请考虑添加 "required" 修饰符或将该 字段 声明为可为 null。 [D:\C#\VM\Engine\VM.FlowEngine.csproj]
D:\C#\VM\Engine\PluginService.cs(293,32): warning CS8601: 可能的 null 引用赋值。 [D:\C#\VM\Engine\VM.FlowEngine.csproj]
D:\C#\VM\Engine\PluginService.cs(294,35): warning CS8601: 可能的 null 引用赋值。 [D:\C#\VM\Engine\VM.FlowEngine.csproj]
D:\C#\VM\Engine\PluginService.cs(295,28): warning CS8601: 可能的 null 引用赋值。 [D:\C#\VM\Engine\VM.FlowEngine.csproj]
D:\C#\VM\Engine\PluginService.cs(296,28): warning CS8601: 可能的 null 引用赋值。 [D:\C#\VM\Engine\VM.FlowEngine.csproj]
D:\C#\VM\Engine\PluginService.cs(297,38): warning CS8601: 可能的 null 引用赋值。 [D:\C#\VM\Engine\VM.FlowEngine.csproj]
D:\C#\VM\Engine\PluginService.cs(334,32): warning CS8601: 可能的 null 引用赋值。 [D:\C#\VM\Engine\VM.FlowEngine.csproj]
D:\C#\VM\Engine\PluginService.cs(335,35): warning CS8601: 可能的 null 引用赋值。 [D:\C#\VM\Engine\VM.FlowEngine.csproj]
D:\C#\VM\Engine\PluginService.cs(336,28): warning CS8601: 可能的 null 引用赋值。 [D:\C#\VM\Engine\VM.FlowEngine.csproj]
D:\C#\VM\Engine\PluginService.cs(337,28): warning CS8601: 可能的 null 引用赋值。 [D:\C#\VM\Engine\VM.FlowEngine.csproj]
D:\C#\VM\Engine\PluginService.cs(338,38): warning CS8601: 可能的 null 引用赋值。 [D:\C#\VM\Engine\VM.FlowEngine.csproj]
D:\C#\VM\Engine\FlowCompiler.cs(347,52): warning CS8600: 将 null 文本或可能的 null 值转换为不可为 null 类型。 [D:\C#\VM\Engine\VM.FlowEngine.csproj]
D:\C#\VM\Engine\FlowCompiler.cs(411,51): warning CS8601: 可能的 null 引用赋值。 [D:\C#\VM\Engine\VM.FlowEngine.csproj]
D:\C#\VM\Engine\FlowCompiler.cs(468,44): warning CS8600: 将 null 文本或可能的 null 值转换为不可为 null 类型。 [D:\C#\VM\Engine\VM.FlowEngine.csproj]
D:\C#\VM\Engine\FlowCompiler.cs(471,37): warning CS8600: 将 null 文本或可能的 null 值转换为不可为 null 类型。 [D:\C#\VM\Engine\VM.FlowEngine.csproj]
D:\C#\VM\Engine\FlowCompiler.cs(475,34): warning CS8600: 将 null 文本或可能的 null 值转换为不可为 null 类型。 [D:\C#\VM\Engine\VM.FlowEngine.csproj]
D:\C#\VM\Engine\FlowCompiler.cs(476,25): warning CS8602: 解引用可能出现空引用。 [D:\C#\VM\Engine\VM.FlowEngine.csproj]
D:\C#\VM\Engine\PluginTestRunner.cs(56,28): warning CS8625: 无法将 null 字面量转换为非 null 的引用类型。 [D:\C#\VM\Engine\VM.FlowEngine.csproj]
D:\C#\VM\Engine\PluginTestRunner.cs(222,47): warning CS8625: 无法将 null 字面量转换为非 null 的引用类型。 [D:\C#\VM\Engine\VM.FlowEngine.csproj]
D:\C#\VM\Engine\FlowCompiler.cs(559,46): warning CS8600: 将 null 文本或可能的 null 值转换为不可为 null 类型。 [D:\C#\VM\Engine\VM.FlowEngine.csproj]
D:\C#\VM\Engine\FlowCompiler.cs(643,34): warning CS8600: 将 null 文本或可能的 null 值转换为不可为 null 类型。 [D:\C#\VM\Engine\VM.FlowEngine.csproj]
D:\C#\VM\Engine\FlowCompiler.cs(696,85): warning CS8600: 将 null 文本或可能的 null 值转换为不可为 null 类型。 [D:\C#\VM\Engine\VM.FlowEngine.csproj]
D:\C#\VM\Engine\FlowCompiler.cs(930,31): warning CS8600: 将 null 文本或可能的 null 值转换为不可为 null 类型。 [D:\C#\VM\Engine\VM.FlowEngine.csproj]
D:\C#\VM\Engine\FlowCompiler.cs(1041,32): warning CS8603: 可能返回 null 引用。 [D:\C#\VM\Engine\VM.FlowEngine.csproj]
D:\C#\VM\Engine\FlowCompiler.cs(1045,20): warning CS8603: 可能返回 null 引用。 [D:\C#\VM\Engine\VM.FlowEngine.csproj]
D:\C#\VM\Plugins\Plugin.Ocr\OcrPlugin.cs(126,64): warning CS8625: 无法将 null 字面量转换为非 null 的引用类型。 [D:\C#\VM\Plugins\Plugin.Ocr\Plugin.Ocr.csproj]
D:\C#\VM\Plugins\Plugin.CodeReader\CodeReaderPlugin.cs(128,64): warning CS8625: 无法将 null 字面量转换为非 null 的引用类型。 [D:\C#\VM\Plugins\Plugin.CodeReader\Plugin.CodeReader.csproj]
D:\C#\VM\Plugins\Plugin.Yolo\YoloPlugin.cs(98,64): warning CS8625: 无法将 null 字面量转换为非 null 的引用类型。 [D:\C#\VM\Plugins\Plugin.Yolo\Plugin.Yolo.csproj]
D:\C#\VM\Plugins\Plugin.Yolo\YoloPlugin.cs(314,30): warning CS8601: 可能的 null 引用赋值。 [D:\C#\VM\Plugins\Plugin.Yolo\Plugin.Yolo.csproj]
D:\C#\VM\Plugins\Plugin.Matching\MatchingPlugin.cs(1725,42): warning CS8601: 可能的 null 引用赋值。 [D:\C#\VM\Plugins\Plugin.Matching\Plugin.Matching_b54zmct5_wpftmp.csproj::TargetFramework=net9.0-windows]
D:\C#\VM\Plugins\Plugin.Matching\MatchingPlugin.cs(1845,77): warning CS8625: 无法将 null 字面量转换为非 null 的引用类型。 [D:\C#\VM\Plugins\Plugin.Matching\Plugin.Matching_b54zmct5_wpftmp.csproj::TargetFramework=net9.0-windows]
D:\C#\VM\Plugins\Plugin.BlobDetect\BlobDetectPlugin.cs(778,31): warning CS0649: 从未对字段“BlobDetectPlugin._disposed”赋值，字段将一直保持其默认值 false [D:\C#\VM\Plugins\Plugin.BlobDetect\Plugin.BlobDetect_50gb5ojk_wpftmp.csproj::TargetFramework=net9.0-windows]
D:\C#\VM\Plugins\Plugin.ColorRegion\RegionColorPlugin.cs(304,51): warning CS8604: “HTuple[] RegionColorPlugin.ParamsForCanvas(string shape, double[] pars)”中的形参“pars”可能传入 null 引用实参。 [D:\C#\VM\Plugins\Plugin.ColorRegion\Plugin.ColorRegion.csproj::TargetFramework=net9.0-windows]
D:\C#\VM\Plugins\Plugin.Matching\MatchingPlugin.cs(1725,42): warning CS8601: 可能的 null 引用赋值。 [D:\C#\VM\Plugins\Plugin.Matching\Plugin.Matching.csproj::TargetFramework=net9.0-windows]
D:\C#\VM\Plugins\Plugin.Matching\MatchingPlugin.cs(1845,77): warning CS8625: 无法将 null 字面量转换为非 null 的引用类型。 [D:\C#\VM\Plugins\Plugin.Matching\Plugin.Matching.csproj::TargetFramework=net9.0-windows]
D:\C#\VM\Plugins\Plugin.CreateRoi\CreateRoiPlugin.cs(414,31): warning CS8601: 可能的 null 引用赋值。 [D:\C#\VM\Plugins\Plugin.CreateRoi\Plugin.CreateRoi_prcgvd3m_wpftmp.csproj::TargetFramework=net9.0-windows]
D:\C#\VM\Plugins\Plugin.CreateRoi\CreateRoiPlugin.cs(533,36): warning CS8601: 可能的 null 引用赋值。 [D:\C#\VM\Plugins\Plugin.CreateRoi\Plugin.CreateRoi_prcgvd3m_wpftmp.csproj::TargetFramework=net9.0-windows]
D:\C#\VM\Plugins\Plugin.CreateRoi\CreateRoiPlugin.cs(551,36): warning CS8601: 可能的 null 引用赋值。 [D:\C#\VM\Plugins\Plugin.CreateRoi\Plugin.CreateRoi_prcgvd3m_wpftmp.csproj::TargetFramework=net9.0-windows]
D:\C#\VM\Plugins\Plugin.CreateRoi\CreateRoiPlugin.cs(567,36): warning CS8601: 可能的 null 引用赋值。 [D:\C#\VM\Plugins\Plugin.CreateRoi\Plugin.CreateRoi_prcgvd3m_wpftmp.csproj::TargetFramework=net9.0-windows]
D:\C#\VM\Plugins\Plugin.CreateRoi\CreateRoiPlugin.cs(577,36): warning CS8601: 可能的 null 引用赋值。 [D:\C#\VM\Plugins\Plugin.CreateRoi\Plugin.CreateRoi_prcgvd3m_wpftmp.csproj::TargetFramework=net9.0-windows]
D:\C#\VM\Plugins\Plugin.CreateRoi\CreateRoiPlugin.cs(599,27): warning CS8601: 可能的 null 引用赋值。 [D:\C#\VM\Plugins\Plugin.CreateRoi\Plugin.CreateRoi_prcgvd3m_wpftmp.csproj::TargetFramework=net9.0-windows]
D:\C#\VM\Plugins\Plugin.BlobDetect\BlobDetectPlugin.cs(778,31): warning CS0649: 从未对字段“BlobDetectPlugin._disposed”赋值，字段将一直保持其默认值 false [D:\C#\VM\Plugins\Plugin.BlobDetect\Plugin.BlobDetect.csproj::TargetFramework=net9.0-windows]
D:\C#\VM\Plugins\Plugin.CreateRoi\CreateRoiPlugin.cs(414,31): warning CS8601: 可能的 null 引用赋值。 [D:\C#\VM\Plugins\Plugin.CreateRoi\Plugin.CreateRoi.csproj::TargetFramework=net9.0-windows]
D:\C#\VM\Plugins\Plugin.CreateRoi\CreateRoiPlugin.cs(533,36): warning CS8601: 可能的 null 引用赋值。 [D:\C#\VM\Plugins\Plugin.CreateRoi\Plugin.CreateRoi.csproj::TargetFramework=net9.0-windows]
D:\C#\VM\Plugins\Plugin.CreateRoi\CreateRoiPlugin.cs(551,36): warning CS8601: 可能的 null 引用赋值。 [D:\C#\VM\Plugins\Plugin.CreateRoi\Plugin.CreateRoi.csproj::TargetFramework=net9.0-windows]
D:\C#\VM\Plugins\Plugin.CreateRoi\CreateRoiPlugin.cs(567,36): warning CS8601: 可能的 null 引用赋值。 [D:\C#\VM\Plugins\Plugin.CreateRoi\Plugin.CreateRoi.csproj::TargetFramework=net9.0-windows]
D:\C#\VM\Plugins\Plugin.CreateRoi\CreateRoiPlugin.cs(577,36): warning CS8601: 可能的 null 引用赋值。 [D:\C#\VM\Plugins\Plugin.CreateRoi\Plugin.CreateRoi.csproj::TargetFramework=net9.0-windows]
D:\C#\VM\Plugins\Plugin.CreateRoi\CreateRoiPlugin.cs(599,27): warning CS8601: 可能的 null 引用赋值。 [D:\C#\VM\Plugins\Plugin.CreateRoi\Plugin.CreateRoi.csproj::TargetFramework=net9.0-windows]
D:\C#\VM\VisionMaster\ViewModels\DialogViewModels\VariableBindingViewModel.cs(502,62): warning CS8625: 无法将 null 字面量转换为非 null 的引用类型。 [D:\C#\VM\VisionMaster\VisionMaster_ncbuvzwb_wpftmp.csproj]
D:\C#\VM\VisionMaster\Services\Camera\CameraProvider.cs(27,21): warning CS8618: 在退出构造函数时，不可为 null 的 属性 "DriverType" 必须包含非 null 值。请考虑添加 "required" 修饰符或将该 属性 声明为可为 null。 [D:\C#\VM\VisionMaster\VisionMaster_ncbuvzwb_wpftmp.csproj]
D:\C#\VM\VisionMaster\ShellViewModel.cs(53,43): warning CS8603: 可能返回 null 引用。 [D:\C#\VM\VisionMaster\VisionMaster_ncbuvzwb_wpftmp.csproj]
D:\C#\VM\VisionMaster\Services\Camera\NetworkCameraServer.cs(60,16): warning CS8618: 在退出构造函数时，不可为 null 的 字段 "_server" 必须包含非 null 值。请考虑添加 "required" 修饰符或将该 字段 声明为可为 null。 [D:\C#\VM\VisionMaster\VisionMaster_ncbuvzwb_wpftmp.csproj]
D:\C#\VM\VisionMaster\Services\Camera\NetworkCameraServer.cs(60,16): warning CS8618: 在退出构造函数时，不可为 null 的 字段 "_config" 必须包含非 null 值。请考虑添加 "required" 修饰符或将该 字段 声明为可为 null。 [D:\C#\VM\VisionMaster\VisionMaster_ncbuvzwb_wpftmp.csproj]
D:\C#\VM\VisionMaster\Services\Camera\CameraProvider.cs(75,16): warning CS8618: 在退出构造函数时，不可为 null 的 字段 "_lastSyncedSolution" 必须包含非 null 值。请考虑添加 "required" 修饰符或将该 字段 声明为可为 null。 [D:\C#\VM\VisionMaster\VisionMaster_ncbuvzwb_wpftmp.csproj]
D:\C#\VM\VisionMaster\Services\Camera\CameraProvider.cs(75,16): warning CS8618: 在退出构造函数时，不可为 null 的 事件 "DevicesChanged" 必须包含非 null 值。请考虑添加 "required" 修饰符或将该 事件 声明为可为 null。 [D:\C#\VM\VisionMaster\VisionMaster_ncbuvzwb_wpftmp.csproj]
D:\C#\VM\VisionMaster\ViewModels\ToolViewModel.cs(48,16): warning CS8618: 在退出构造函数时，不可为 null 的 字段 "searchText" 必须包含非 null 值。请考虑添加 "required" 修饰符或将该 字段 声明为可为 null。 [D:\C#\VM\VisionMaster\VisionMaster_ncbuvzwb_wpftmp.csproj]
D:\C#\VM\VisionMaster\Services\FlowOutputCollector.cs(48,51): warning CS8604: “Dictionary<string, Guid> FlowOutputCollector.BuildStepNameIndex(FlowSession session)”中的形参“session”可能传入 null 引用实参。 [D:\C#\VM\VisionMaster\VisionMaster_ncbuvzwb_wpftmp.csproj]
D:\C#\VM\VisionMaster\Services\Camera\NetworkCameraServer.cs(131,23): warning CS8625: 无法将 null 字面量转换为非 null 的引用类型。 [D:\C#\VM\VisionMaster\VisionMaster_ncbuvzwb_wpftmp.csproj]
D:\C#\VM\VisionMaster\Services\FlowOutputCollector.cs(114,77): warning CS8603: 可能返回 null 引用。 [D:\C#\VM\VisionMaster\VisionMaster_ncbuvzwb_wpftmp.csproj]
D:\C#\VM\VisionMaster\Services\FlowOutputCollector.cs(115,20): warning CS8603: 可能返回 null 引用。 [D:\C#\VM\VisionMaster\VisionMaster_ncbuvzwb_wpftmp.csproj]
D:\C#\VM\VisionMaster\Services\FlowOutputCollector.cs(127,31): warning CS8600: 将 null 文本或可能的 null 值转换为不可为 null 类型。 [D:\C#\VM\VisionMaster\VisionMaster_ncbuvzwb_wpftmp.csproj]
D:\C#\VM\VisionMaster\Services\FlowOutputCollector.cs(137,62): warning CS8604: “object FlowOutputCollector.ToJsonValue(object value)”中的形参“value”可能传入 null 引用实参。 [D:\C#\VM\VisionMaster\VisionMaster_ncbuvzwb_wpftmp.csproj]
D:\C#\VM\VisionMaster\ShellViewModel.cs(243,16): warning CS8618: 在退出构造函数时，不可为 null 的 字段 "_cts" 必须包含非 null 值。请考虑添加 "required" 修饰符或将该 字段 声明为可为 null。 [D:\C#\VM\VisionMaster\VisionMaster_ncbuvzwb_wpftmp.csproj]
D:\C#\VM\VisionMaster\ShellViewModel.cs(243,16): warning CS8618: 在退出构造函数时，不可为 null 的 字段 "_monitorTask" 必须包含非 null 值。请考虑添加 "required" 修饰符或将该 字段 声明为可为 null。 [D:\C#\VM\VisionMaster\VisionMaster_ncbuvzwb_wpftmp.csproj]
D:\C#\VM\VisionMaster\ShellViewModel.cs(243,16): warning CS9264: 在退出构造函数时，不可为 null 的 属性 'HandleCountStr' 必须包含非 null 值。请考虑添加“required”修饰符，或将 属性 声明为可为 null，或安全地处理“get”访问器中“field”为 null 的情况。 [D:\C#\VM\VisionMaster\VisionMaster_ncbuvzwb_wpftmp.csproj]
D:\C#\VM\VisionMaster\ShellViewModel.cs(243,16): warning CS9264: 在退出构造函数时，不可为 null 的 属性 'ThreadCountStr' 必须包含非 null 值。请考虑添加“required”修饰符，或将 属性 声明为可为 null，或安全地处理“get”访问器中“field”为 null 的情况。 [D:\C#\VM\VisionMaster\VisionMaster_ncbuvzwb_wpftmp.csproj]
D:\C#\VM\VisionMaster\ShellViewModel.cs(243,16): warning CS9264: 在退出构造函数时，不可为 null 的 属性 'CpuUsageStr' 必须包含非 null 值。请考虑添加“required”修饰符，或将 属性 声明为可为 null，或安全地处理“get”访问器中“field”为 null 的情况。 [D:\C#\VM\VisionMaster\VisionMaster_ncbuvzwb_wpftmp.csproj]
D:\C#\VM\VisionMaster\ShellViewModel.cs(243,16): warning CS9264: 在退出构造函数时，不可为 null 的 属性 'MemoryUsageStr' 必须包含非 null 值。请考虑添加“required”修饰符，或将 属性 声明为可为 null，或安全地处理“get”访问器中“field”为 null 的情况。 [D:\C#\VM\VisionMaster\VisionMaster_ncbuvzwb_wpftmp.csproj]
D:\C#\VM\VisionMaster\ShellViewModel.cs(243,16): warning CS9264: 在退出构造函数时，不可为 null 的 属性 'CurrentTimeText' 必须包含非 null 值。请考虑添加“required”修饰符，或将 属性 声明为可为 null，或安全地处理“get”访问器中“field”为 null 的情况。 [D:\C#\VM\VisionMaster\VisionMaster_ncbuvzwb_wpftmp.csproj]
D:\C#\VM\VisionMaster\ShellViewModel.cs(243,16): warning CS8618: 在退出构造函数时，不可为 null 的 字段 "_currentSession" 必须包含非 null 值。请考虑添加 "required" 修饰符或将该 字段 声明为可为 null。 [D:\C#\VM\VisionMaster\VisionMaster_ncbuvzwb_wpftmp.csproj]
D:\C#\VM\VisionMaster\Services\Camera\CameraProvider.cs(196,20): warning CS8603: 可能返回 null 引用。 [D:\C#\VM\VisionMaster\VisionMaster_ncbuvzwb_wpftmp.csproj]
D:\C#\VM\VisionMaster\Services\Camera\CameraProvider.cs(210,59): warning CS8601: 可能的 null 引用赋值。 [D:\C#\VM\VisionMaster\VisionMaster_ncbuvzwb_wpftmp.csproj]
D:\C#\VM\VisionMaster\Services\Camera\CameraProvider.cs(219,22): warning CS8625: 无法将 null 字面量转换为非 null 的引用类型。 [D:\C#\VM\VisionMaster\VisionMaster_ncbuvzwb_wpftmp.csproj]
D:\C#\VM\VisionMaster\Services\Camera\CameraProvider.cs(227,53): warning CS8601: 可能的 null 引用赋值。 [D:\C#\VM\VisionMaster\VisionMaster_ncbuvzwb_wpftmp.csproj]
D:\C#\VM\VisionMaster\Services\FlowOutputCollector.cs(165,28): warning CS8603: 可能返回 null 引用。 [D:\C#\VM\VisionMaster\VisionMaster_ncbuvzwb_wpftmp.csproj]
D:\C#\VM\VisionMaster\Services\FlowOutputCollector.cs(230,28): warning CS8603: 可能返回 null 引用。 [D:\C#\VM\VisionMaster\VisionMaster_ncbuvzwb_wpftmp.csproj]
D:\C#\VM\VisionMaster\Services\HttpImageServer.cs(57,16): warning CS8618: 在退出构造函数时，不可为 null 的 字段 "_server" 必须包含非 null 值。请考虑添加 "required" 修饰符或将该 字段 声明为可为 null。 [D:\C#\VM\VisionMaster\VisionMaster_ncbuvzwb_wpftmp.csproj]
D:\C#\VM\VisionMaster\Services\HttpImageServer.cs(57,16): warning CS8618: 在退出构造函数时，不可为 null 的 字段 "_config" 必须包含非 null 值。请考虑添加 "required" 修饰符或将该 字段 声明为可为 null。 [D:\C#\VM\VisionMaster\VisionMaster_ncbuvzwb_wpftmp.csproj]
D:\C#\VM\VisionMaster\Services\Camera\NetworkCameraServer.cs(261,22): warning CS8625: 无法将 null 字面量转换为非 null 的引用类型。 [D:\C#\VM\VisionMaster\VisionMaster_ncbuvzwb_wpftmp.csproj]
D:\C#\VM\VisionMaster\Services\Camera\NetworkCameraServer.cs(262,20): warning CS8625: 无法将 null 字面量转换为非 null 的引用类型。 [D:\C#\VM\VisionMaster\VisionMaster_ncbuvzwb_wpftmp.csproj]
D:\C#\VM\VisionMaster\Services\HttpImageServer.cs(140,23): warning CS8625: 无法将 null 字面量转换为非 null 的引用类型。 [D:\C#\VM\VisionMaster\VisionMaster_ncbuvzwb_wpftmp.csproj]
D:\C#\VM\VisionMaster\Services\Camera\CameraProvider.cs(304,32): warning CS8625: 无法将 null 字面量转换为非 null 的引用类型。 [D:\C#\VM\VisionMaster\VisionMaster_ncbuvzwb_wpftmp.csproj]
D:\C#\VM\VisionMaster\Services\Camera\CameraProvider.cs(360,28): warning CS8604: “void CameraProvider.RememberSynced(SolutionModel solution, int count)”中的形参“solution”可能传入 null 引用实参。 [D:\C#\VM\VisionMaster\VisionMaster_ncbuvzwb_wpftmp.csproj]
D:\C#\VM\VisionMaster\Services\HttpImageServer.cs(298,39): warning CS8603: 可能返回 null 引用。 [D:\C#\VM\VisionMaster\VisionMaster_ncbuvzwb_wpftmp.csproj]
D:\C#\VM\VisionMaster\Services\HttpImageServer.cs(302,20): warning CS8603: 可能返回 null 引用。 [D:\C#\VM\VisionMaster\VisionMaster_ncbuvzwb_wpftmp.csproj]
D:\C#\VM\VisionMaster\Services\HttpImageServer.cs(312,23): warning CS8625: 无法将 null 字面量转换为非 null 的引用类型。 [D:\C#\VM\VisionMaster\VisionMaster_ncbuvzwb_wpftmp.csproj]
D:\C#\VM\VisionMaster\Services\HttpImageServer.cs(313,21): warning CS8625: 无法将 null 字面量转换为非 null 的引用类型。 [D:\C#\VM\VisionMaster\VisionMaster_ncbuvzwb_wpftmp.csproj]
D:\C#\VM\VisionMaster\Services\ImageCollectionService.cs(304,17): warning CS8602: 解引用可能出现空引用。 [D:\C#\VM\VisionMaster\VisionMaster_ncbuvzwb_wpftmp.csproj]
D:\C#\VM\VisionMaster\Services\Camera\CameraProvider.cs(433,24): warning CS8603: 可能返回 null 引用。 [D:\C#\VM\VisionMaster\VisionMaster_ncbuvzwb_wpftmp.csproj]
D:\C#\VM\VisionMaster\Services\Camera\CameraProvider.cs(444,28): warning CS8603: 可能返回 null 引用。 [D:\C#\VM\VisionMaster\VisionMaster_ncbuvzwb_wpftmp.csproj]
D:\C#\VM\VisionMaster\Services\Camera\CameraProvider.cs(457,24): warning CS8603: 可能返回 null 引用。 [D:\C#\VM\VisionMaster\VisionMaster_ncbuvzwb_wpftmp.csproj]
D:\C#\VM\VisionMaster\Services\LayoutHelper.cs(88,20): warning CS8603: 可能返回 null 引用。 [D:\C#\VM\VisionMaster\VisionMaster_ncbuvzwb_wpftmp.csproj]
D:\C#\VM\VisionMaster\Services\LayoutHelper.cs(157,45): warning CS8603: 可能返回 null 引用。 [D:\C#\VM\VisionMaster\VisionMaster_ncbuvzwb_wpftmp.csproj]
D:\C#\VM\VisionMaster\Services\LayoutHelper.cs(172,24): warning CS8603: 可能返回 null 引用。 [D:\C#\VM\VisionMaster\VisionMaster_ncbuvzwb_wpftmp.csproj]
D:\C#\VM\VisionMaster\Views\ScadaRuntimeWindow.xaml.cs(41,23): warning CS8622: “void ScadaRuntimeWindow.OnWindowClosed(object sender, EventArgs e)”的参数“sender”类型中引用类型的为 Null 性与目标委托“EventHandler”不匹配(可能是由于为 Null 性特性)。 [D:\C#\VM\VisionMaster\VisionMaster_ncbuvzwb_wpftmp.csproj]
D:\C#\VM\VisionMaster\Services\LayoutHelper.cs(275,26): warning CS8625: 无法将 null 字面量转换为非 null 的引用类型。 [D:\C#\VM\VisionMaster\VisionMaster_ncbuvzwb_wpftmp.csproj]
D:\C#\VM\VisionMaster\Services\LayoutHelper.cs(329,57): warning CS8603: 可能返回 null 引用。 [D:\C#\VM\VisionMaster\VisionMaster_ncbuvzwb_wpftmp.csproj]
D:\C#\VM\VisionMaster\Services\LayoutHelper.cs(332,41): warning CS8603: 可能返回 null 引用。 [D:\C#\VM\VisionMaster\VisionMaster_ncbuvzwb_wpftmp.csproj]
D:\C#\VM\VisionMaster\Services\LayoutHelper.cs(334,20): warning CS8603: 可能返回 null 引用。 [D:\C#\VM\VisionMaster\VisionMaster_ncbuvzwb_wpftmp.csproj]
D:\C#\VM\VisionMaster\Services\ScadaVariablePicker.cs(40,35): warning CS8604: “void ParametersBase.Add(string key, object value)”中的形参“value”可能传入 null 引用实参。 [D:\C#\VM\VisionMaster\VisionMaster_ncbuvzwb_wpftmp.csproj]
D:\C#\VM\VisionMaster\ViewModels\CanvasLinkViewModel.cs(21,16): warning CS8618: 在退出构造函数时，不可为 null 的 属性 "UnbindCommand" 必须包含非 null 值。请考虑添加 "required" 修饰符或将该 属性 声明为可为 null。 [D:\C#\VM\VisionMaster\VisionMaster_ncbuvzwb_wpftmp.csproj]
D:\C#\VM\VisionMaster\Services\LayoutHelper.cs(422,50): warning CS8604: “bool Dictionary<string, Func<object>>.TryGetValue(string key, out Func<object> value)”中的形参“key”可能传入 null 引用实参。 [D:\C#\VM\VisionMaster\VisionMaster_ncbuvzwb_wpftmp.csproj]
D:\C#\VM\VisionMaster\Services\NetworkVariableBridge.cs(110,29): warning CS8601: 可能的 null 引用赋值。 [D:\C#\VM\VisionMaster\VisionMaster_ncbuvzwb_wpftmp.csproj]
D:\C#\VM\VisionMaster\Services\LayoutHelper.cs(439,32): warning CS8600: 将 null 文本或可能的 null 值转换为不可为 null 类型。 [D:\C#\VM\VisionMaster\VisionMaster_ncbuvzwb_wpftmp.csproj]
D:\C#\VM\VisionMaster\Services\ScadaPagePicker.cs(39,35): warning CS8604: “void ParametersBase.Add(string key, object value)”中的形参“value”可能传入 null 引用实参。 [D:\C#\VM\VisionMaster\VisionMaster_ncbuvzwb_wpftmp.csproj]
D:\C#\VM\VisionMaster\Views\ProcessView.xaml.cs(72,28): warning CS8603: 可能返回 null 引用。 [D:\C#\VM\VisionMaster\VisionMaster_ncbuvzwb_wpftmp.csproj]
D:\C#\VM\VisionMaster\Views\ProcessView.xaml.cs(77,20): warning CS8603: 可能返回 null 引用。 [D:\C#\VM\VisionMaster\VisionMaster_ncbuvzwb_wpftmp.csproj]
D:\C#\VM\VisionMaster\Views\DialogViews\ConditionEditorView.xaml.cs(52,41): warning CS8622: “void ConditionEditorView.Vm_BranchChanged(object sender, StepCollection e)”的参数“sender”类型中引用类型的为 Null 性与目标委托“EventHandler<StepCollection>”不匹配(可能是由于为 Null 性特性)。 [D:\C#\VM\VisionMaster\VisionMaster_ncbuvzwb_wpftmp.csproj]
D:\C#\VM\VisionMaster\Views\DialogViews\ConditionEditorView.xaml.cs(53,41): warning CS8622: “void ConditionEditorView.Vm_BranchChanged(object sender, StepCollection e)”的参数“sender”类型中引用类型的为 Null 性与目标委托“EventHandler<StepCollection>”不匹配(可能是由于为 Null 性特性)。 [D:\C#\VM\VisionMaster\VisionMaster_ncbuvzwb_wpftmp.csproj]
D:\C#\VM\VisionMaster\Views\DialogViews\ConditionEditorView.xaml.cs(55,55): warning CS8622: “void ConditionEditorView.Variables_CollectionChanged(object sender, NotifyCollectionChangedEventArgs e)”的参数“sender”类型中引用类型的为 Null 性与目标委托“NotifyCollectionChangedEventHandler”不匹配(可能是由于为 Null 性特性)。 [D:\C#\VM\VisionMaster\VisionMaster_ncbuvzwb_wpftmp.csproj]
D:\C#\VM\VisionMaster\Views\DialogViews\ConditionEditorView.xaml.cs(56,55): warning CS8622: “void ConditionEditorView.Variables_CollectionChanged(object sender, NotifyCollectionChangedEventArgs e)”的参数“sender”类型中引用类型的为 Null 性与目标委托“NotifyCollectionChangedEventHandler”不匹配(可能是由于为 Null 性特性)。 [D:\C#\VM\VisionMaster\VisionMaster_ncbuvzwb_wpftmp.csproj]
D:\C#\VM\VisionMaster\Views\DialogViews\ConditionEditorView.xaml.cs(36,16): warning CS8618: 在退出构造函数时，不可为 null 的 字段 "_completionWindow" 必须包含非 null 值。请考虑添加 "required" 修饰符或将该 字段 声明为可为 null。 [D:\C#\VM\VisionMaster\VisionMaster_ncbuvzwb_wpftmp.csproj]
D:\C#\VM\VisionMaster\Views\DialogViews\ConditionEditorView.xaml.cs(355,58): warning CS8603: 可能返回 null 引用。 [D:\C#\VM\VisionMaster\VisionMaster_ncbuvzwb_wpftmp.csproj]
D:\C#\VM\VisionMaster\ViewModels\DialogViewModels\VariableBindingViewModel.cs(64,38): warning CS8625: 无法将 null 字面量转换为非 null 的引用类型。 [D:\C#\VM\VisionMaster\VisionMaster_ncbuvzwb_wpftmp.csproj]
D:\C#\VM\VisionMaster\Views\DialogViews\ConditionEditorView.xaml.cs(178,76): warning CS8625: 无法将 null 字面量转换为非 null 的引用类型。 [D:\C#\VM\VisionMaster\VisionMaster_ncbuvzwb_wpftmp.csproj]
D:\C#\VM\VisionMaster\Views\DialogViews\ConditionEditorView.xaml.cs(182,37): warning CS8625: 无法将 null 字面量转换为非 null 的引用类型。 [D:\C#\VM\VisionMaster\VisionMaster_ncbuvzwb_wpftmp.csproj]
D:\C#\VM\VisionMaster\ViewModels\FlowListViewModel.cs(63,16): warning CS9264: 在退出构造函数时，不可为 null 的 属性 'SelectFlow' 必须包含非 null 值。请考虑添加“required”修饰符，或将 属性 声明为可为 null，或安全地处理“get”访问器中“field”为 null 的情况。 [D:\C#\VM\VisionMaster\VisionMaster_ncbuvzwb_wpftmp.csproj]
D:\C#\VM\VisionMaster\Views\DialogViews\ConditionEditorView.xaml.cs(191,40): warning CS8622: “void ConditionEditorView.Vm_BranchChanged(object sender, StepCollection e)”的参数“sender”类型中引用类型的为 Null 性与目标委托“EventHandler<StepCollection>”不匹配(可能是由于为 Null 性特性)。 [D:\C#\VM\VisionMaster\VisionMaster_ncbuvzwb_wpftmp.csproj]
D:\C#\VM\VisionMaster\Views\DialogViews\ConditionEditorView.xaml.cs(192,54): warning CS8622: “void ConditionEditorView.Variables_CollectionChanged(object sender, NotifyCollectionChangedEventArgs e)”的参数“sender”类型中引用类型的为 Null 性与目标委托“NotifyCollectionChangedEventHandler”不匹配(可能是由于为 Null 性特性)。 [D:\C#\VM\VisionMaster\VisionMaster_ncbuvzwb_wpftmp.csproj]
D:\C#\VM\VisionMaster\Views\DialogViews\ConditionEditorView.xaml.cs(198,40): warning CS8622: “void ConditionEditorView.Vm_BranchChanged(object sender, StepCollection e)”的参数“sender”类型中引用类型的为 Null 性与目标委托“EventHandler<StepCollection>”不匹配(可能是由于为 Null 性特性)。 [D:\C#\VM\VisionMaster\VisionMaster_ncbuvzwb_wpftmp.csproj]
D:\C#\VM\VisionMaster\Views\DialogViews\ConditionEditorView.xaml.cs(199,54): warning CS8622: “void ConditionEditorView.Variables_CollectionChanged(object sender, NotifyCollectionChangedEventArgs e)”的参数“sender”类型中引用类型的为 Null 性与目标委托“NotifyCollectionChangedEventHandler”不匹配(可能是由于为 Null 性特性)。 [D:\C#\VM\VisionMaster\VisionMaster_ncbuvzwb_wpftmp.csproj]
D:\C#\VM\VisionMaster\ViewModels\DialogViewModels\SolutionListViewModel.cs(87,16): warning CS8618: 在退出构造函数时，不可为 null 的 字段 "_selectedSolution" 必须包含非 null 值。请考虑添加 "required" 修饰符或将该 字段 声明为可为 null。 [D:\C#\VM\VisionMaster\VisionMaster_ncbuvzwb_wpftmp.csproj]
D:\C#\VM\VisionMaster\Views\DialogViews\ConditionEditorView.xaml.cs(218,46): warning CS8622: “void ConditionEditorView.VariableItem_PropertyChanged(object sender, PropertyChangedEventArgs e)”的参数“sender”类型中引用类型的为 Null 性与目标委托“PropertyChangedEventHandler”不匹配(可能是由于为 Null 性特性)。 [D:\C#\VM\VisionMaster\VisionMaster_ncbuvzwb_wpftmp.csproj]
D:\C#\VM\VisionMaster\Views\DialogViews\ConditionEditorView.xaml.cs(219,46): warning CS8622: “void ConditionEditorView.VariableItem_PropertyChanged(object sender, PropertyChangedEventArgs e)”的参数“sender”类型中引用类型的为 Null 性与目标委托“PropertyChangedEventHandler”不匹配(可能是由于为 Null 性特性)。 [D:\C#\VM\VisionMaster\VisionMaster_ncbuvzwb_wpftmp.csproj]
D:\C#\VM\VisionMaster\ViewModels\MonitorViewModel.cs(24,23): warning CS8618: 在退出构造函数时，不可为 null 的 属性 "DisplayText" 必须包含非 null 值。请考虑添加 "required" 修饰符或将该 属性 声明为可为 null。 [D:\C#\VM\VisionMaster\VisionMaster_ncbuvzwb_wpftmp.csproj]
D:\C#\VM\VisionMaster\ViewModels\MonitorViewModel.cs(26,23): warning CS8618: 在退出构造函数时，不可为 null 的 属性 "StepName" 必须包含非 null 值。请考虑添加 "required" 修饰符或将该 属性 声明为可为 null。 [D:\C#\VM\VisionMaster\VisionMaster_ncbuvzwb_wpftmp.csproj]
D:\C#\VM\VisionMaster\ViewModels\MonitorViewModel.cs(27,23): warning CS8618: 在退出构造函数时，不可为 null 的 属性 "PortName" 必须包含非 null 值。请考虑添加 "required" 修饰符或将该 属性 声明为可为 null。 [D:\C#\VM\VisionMaster\VisionMaster_ncbuvzwb_wpftmp.csproj]
D:\C#\VM\VisionMaster\ViewModels\MonitorViewModel.cs(30,23): warning CS8618: 在退出构造函数时，不可为 null 的 属性 "VariableName" 必须包含非 null 值。请考虑添加 "required" 修饰符或将该 属性 声明为可为 null。 [D:\C#\VM\VisionMaster\VisionMaster_ncbuvzwb_wpftmp.csproj]
D:\C#\VM\VisionMaster\ViewModels\DialogViewModels\VariableBindingViewModel.cs(198,16): warning CS8618: 在退出构造函数时，不可为 null 的 字段 "_lastBoundPort" 必须包含非 null 值。请考虑添加 "required" 修饰符或将该 字段 声明为可为 null。 [D:\C#\VM\VisionMaster\VisionMaster_ncbuvzwb_wpftmp.csproj]
D:\C#\VM\VisionMaster\ViewModels\DialogViewModels\VariableBindingViewModel.cs(198,16): warning CS8618: 在退出构造函数时，不可为 null 的 字段 "_lastBoundLink" 必须包含非 null 值。请考虑添加 "required" 修饰符或将该 字段 声明为可为 null。 [D:\C#\VM\VisionMaster\VisionMaster_ncbuvzwb_wpftmp.csproj]
D:\C#\VM\VisionMaster\ViewModels\DialogViewModels\VariableBindingViewModel.cs(198,16): warning CS8618: 在退出构造函数时，不可为 null 的 字段 "_targetStep" 必须包含非 null 值。请考虑添加 "required" 修饰符或将该 字段 声明为可为 null。 [D:\C#\VM\VisionMaster\VisionMaster_ncbuvzwb_wpftmp.csproj]
D:\C#\VM\VisionMaster\ViewModels\DialogViewModels\VariableBindingViewModel.cs(198,16): warning CS8618: 在退出构造函数时，不可为 null 的 字段 "_constantValue" 必须包含非 null 值。请考虑添加 "required" 修饰符或将该 字段 声明为可为 null。 [D:\C#\VM\VisionMaster\VisionMaster_ncbuvzwb_wpftmp.csproj]
D:\C#\VM\VisionMaster\ViewModels\DialogViewModels\VariableBindingViewModel.cs(198,16): warning CS8618: 在退出构造函数时，不可为 null 的 字段 "_selectedInputPort" 必须包含非 null 值。请考虑添加 "required" 修饰符或将该 字段 声明为可为 null。 [D:\C#\VM\VisionMaster\VisionMaster_ncbuvzwb_wpftmp.csproj]
D:\C#\VM\VisionMaster\ViewModels\DialogViewModels\VariableBindingViewModel.cs(198,16): warning CS8618: 在退出构造函数时，不可为 null 的 字段 "_selectedOutputPort" 必须包含非 null 值。请考虑添加 "required" 修饰符或将该 字段 声明为可为 null。 [D:\C#\VM\VisionMaster\VisionMaster_ncbuvzwb_wpftmp.csproj]
D:\C#\VM\VisionMaster\ViewModels\DialogViewModels\VariableBindingViewModel.cs(198,16): warning CS8618: 在退出构造函数时，不可为 null 的 字段 "_selectedNode" 必须包含非 null 值。请考虑添加 "required" 修饰符或将该 字段 声明为可为 null。 [D:\C#\VM\VisionMaster\VisionMaster_ncbuvzwb_wpftmp.csproj]
D:\C#\VM\VisionMaster\ViewModels\DialogViewModels\VariableBindingViewModel.cs(257,33): warning CS8601: 可能的 null 引用赋值。 [D:\C#\VM\VisionMaster\VisionMaster_ncbuvzwb_wpftmp.csproj]
D:\C#\VM\VisionMaster\ViewModels\DialogViewModels\SolutionListViewModel.cs(215,32): warning CS8601: 可能的 null 引用赋值。 [D:\C#\VM\VisionMaster\VisionMaster_ncbuvzwb_wpftmp.csproj]
D:\C#\VM\VisionMaster\ViewModels\MonitorViewModel.cs(117,61): warning CS8622: “void MonitorViewModel.OnGlobalVariablesChanged(object sender, NotifyCollectionChangedEventArgs e)”的参数“sender”类型中引用类型的为 Null 性与目标委托“NotifyCollectionChangedEventHandler”不匹配(可能是由于为 Null 性特性)。 [D:\C#\VM\VisionMaster\VisionMaster_ncbuvzwb_wpftmp.csproj]
D:\C#\VM\VisionMaster\ViewModels\MonitorViewModel.cs(123,60): warning CS8622: “void MonitorViewModel.OnVariableRenamed(object sender, VariableRenamedEventArgs e)”的参数“sender”类型中引用类型的为 Null 性与目标委托“EventHandler<VariableRenamedEventArgs>”不匹配(可能是由于为 Null 性特性)。 [D:\C#\VM\VisionMaster\VisionMaster_ncbuvzwb_wpftmp.csproj]
D:\C#\VM\VisionMaster\ViewModels\MonitorViewModel.cs(131,50): warning CS8622: “void MonitorViewModel.OnWorkspacePropertyChanged(object sender, PropertyChangedEventArgs e)”的参数“sender”类型中引用类型的为 Null 性与目标委托“PropertyChangedEventHandler”不匹配(可能是由于为 Null 性特性)。 [D:\C#\VM\VisionMaster\VisionMaster_ncbuvzwb_wpftmp.csproj]
D:\C#\VM\VisionMaster\ViewModels\MonitorViewModel.cs(138,65): warning CS8622: “void MonitorViewModel.OnSessionsChanged(object sender, NotifyCollectionChangedEventArgs e)”的参数“sender”类型中引用类型的为 Null 性与目标委托“NotifyCollectionChangedEventHandler”不匹配(可能是由于为 Null 性特性)。 [D:\C#\VM\VisionMaster\VisionMaster_ncbuvzwb_wpftmp.csproj]
D:\C#\VM\VisionMaster\ViewModels\MonitorViewModel.cs(100,16): warning CS8618: 在退出构造函数时，不可为 null 的 字段 "_searchText" 必须包含非 null 值。请考虑添加 "required" 修饰符或将该 字段 声明为可为 null。 [D:\C#\VM\VisionMaster\VisionMaster_ncbuvzwb_wpftmp.csproj]
D:\C#\VM\VisionMaster\ViewModels\MonitorViewModel.cs(100,16): warning CS8618: 在退出构造函数时，不可为 null 的 字段 "_selectedSuggestion" 必须包含非 null 值。请考虑添加 "required" 修饰符或将该 字段 声明为可为 null。 [D:\C#\VM\VisionMaster\VisionMaster_ncbuvzwb_wpftmp.csproj]
D:\C#\VM\VisionMaster\ViewModels\MonitorViewModel.cs(100,16): warning CS8618: 在退出构造函数时，不可为 null 的 字段 "_subscribedWatchItems" 必须包含非 null 值。请考虑添加 "required" 修饰符或将该 字段 声明为可为 null。 [D:\C#\VM\VisionMaster\VisionMaster_ncbuvzwb_wpftmp.csproj]
D:\C#\VM\VisionMaster\ViewModels\MonitorViewModel.cs(184,64): warning CS8622: “void MonitorViewModel.OnWatchItemsChanged(object sender, NotifyCollectionChangedEventArgs e)”的参数“sender”类型中引用类型的为 Null 性与目标委托“NotifyCollectionChangedEventHandler”不匹配(可能是由于为 Null 性特性)。 [D:\C#\VM\VisionMaster\VisionMaster_ncbuvzwb_wpftmp.csproj]
D:\C#\VM\VisionMaster\ViewModels\MonitorViewModel.cs(185,45): warning CS8625: 无法将 null 字面量转换为非 null 的引用类型。 [D:\C#\VM\VisionMaster\VisionMaster_ncbuvzwb_wpftmp.csproj]
D:\C#\VM\VisionMaster\ViewModels\MonitorViewModel.cs(196,60): warning CS8622: “void MonitorViewModel.OnWatchItemsChanged(object sender, NotifyCollectionChangedEventArgs e)”的参数“sender”类型中引用类型的为 Null 性与目标委托“NotifyCollectionChangedEventHandler”不匹配(可能是由于为 Null 性特性)。 [D:\C#\VM\VisionMaster\VisionMaster_ncbuvzwb_wpftmp.csproj]
D:\C#\VM\VisionMaster\ViewModels\MonitorViewModel.cs(198,56): warning CS8622: “void MonitorViewModel.OnWatchItemsChanged(object sender, NotifyCollectionChangedEventArgs e)”的参数“sender”类型中引用类型的为 Null 性与目标委托“NotifyCollectionChangedEventHandler”不匹配(可能是由于为 Null 性特性)。 [D:\C#\VM\VisionMaster\VisionMaster_ncbuvzwb_wpftmp.csproj]
D:\C#\VM\VisionMaster\ViewModels\DialogViewModels\ConditionEditorViewModel .cs(469,32): warning CS8603: 可能返回 null 引用。 [D:\C#\VM\VisionMaster\VisionMaster_ncbuvzwb_wpftmp.csproj]
D:\C#\VM\VisionMaster\ViewModels\DialogViewModels\ConditionEditorViewModel .cs(475,61): warning CS8603: 可能返回 null 引用。 [D:\C#\VM\VisionMaster\VisionMaster_ncbuvzwb_wpftmp.csproj]
D:\C#\VM\VisionMaster\ViewModels\DialogViewModels\ConditionEditorViewModel .cs(477,32): warning CS8600: 将 null 文本或可能的 null 值转换为不可为 null 类型。 [D:\C#\VM\VisionMaster\VisionMaster_ncbuvzwb_wpftmp.csproj]
D:\C#\VM\VisionMaster\ViewModels\DialogViewModels\ConditionEditorViewModel .cs(479,28): warning CS8603: 可能返回 null 引用。 [D:\C#\VM\VisionMaster\VisionMaster_ncbuvzwb_wpftmp.csproj]
D:\C#\VM\VisionMaster\ViewModels\DialogViewModels\ConditionEditorViewModel .cs(484,24): warning CS8603: 可能返回 null 引用。 [D:\C#\VM\VisionMaster\VisionMaster_ncbuvzwb_wpftmp.csproj]
D:\C#\VM\VisionMaster\ViewModels\DialogViewModels\FlowManagerViewModel.cs(98,43): warning CS8622: “void FlowManagerViewModel.OnWorkspacePropertyChanged(object sender, PropertyChangedEventArgs e)”的参数“sender”类型中引用类型的为 Null 性与目标委托“PropertyChangedEventHandler”不匹配(可能是由于为 Null 性特性)。 [D:\C#\VM\VisionMaster\VisionMaster_ncbuvzwb_wpftmp.csproj]
D:\C#\VM\VisionMaster\ViewModels\DialogViewModels\ConditionEditorViewModel .cs(447,35): warning CS8618: 在退出构造函数时，不可为 null 的 属性 "DuplicateChecker" 必须包含非 null 值。请考虑添加 "required" 修饰符或将该 属性 声明为可为 null。 [D:\C#\VM\VisionMaster\VisionMaster_ncbuvzwb_wpftmp.csproj]
D:\C#\VM\VisionMaster\ViewModels\DialogViewModels\ConditionEditorViewModel .cs(451,23): warning CS9264: 在退出构造函数时，不可为 null 的 属性 'AliasName' 必须包含非 null 值。请考虑添加“required”修饰符，或将 属性 声明为可为 null，或安全地处理“get”访问器中“field”为 null 的情况。 [D:\C#\VM\VisionMaster\VisionMaster_ncbuvzwb_wpftmp.csproj]
D:\C#\VM\VisionMaster\ViewModels\DialogViewModels\ConditionEditorViewModel .cs(461,23): warning CS9264: 在退出构造函数时，不可为 null 的 属性 'SourceAddress' 必须包含非 null 值。请考虑添加“required”修饰符，或将 属性 声明为可为 null，或安全地处理“get”访问器中“field”为 null 的情况。 [D:\C#\VM\VisionMaster\VisionMaster_ncbuvzwb_wpftmp.csproj]
D:\C#\VM\VisionMaster\ViewModels\DialogViewModels\ConditionEditorViewModel .cs(462,30): warning CS8618: 在退出构造函数时，不可为 null 的 属性 "OriginalLink" 必须包含非 null 值。请考虑添加 "required" 修饰符或将该 属性 声明为可为 null。 [D:\C#\VM\VisionMaster\VisionMaster_ncbuvzwb_wpftmp.csproj]
D:\C#\VM\VisionMaster\ViewModels\DialogViewModels\ConditionEditorViewModel .cs(96,68): warning CS8601: 可能的 null 引用赋值。 [D:\C#\VM\VisionMaster\VisionMaster_ncbuvzwb_wpftmp.csproj]
D:\C#\VM\VisionMaster\ViewModels\DialogViewModels\ConditionEditorViewModel .cs(97,39): warning CS8601: 可能的 null 引用赋值。 [D:\C#\VM\VisionMaster\VisionMaster_ncbuvzwb_wpftmp.csproj]
D:\C#\VM\VisionMaster\ViewModels\DialogViewModels\ConditionEditorViewModel .cs(138,44): warning CS8600: 将 null 文本或可能的 null 值转换为不可为 null 类型。 [D:\C#\VM\VisionMaster\VisionMaster_ncbuvzwb_wpftmp.csproj]
D:\C#\VM\VisionMaster\ViewModels\DialogViewModels\ConditionEditorViewModel .cs(144,30): warning CS8601: 可能的 null 引用赋值。 [D:\C#\VM\VisionMaster\VisionMaster_ncbuvzwb_wpftmp.csproj]
D:\C#\VM\VisionMaster\ViewModels\ProcessViewModel.cs(51,44): warning CS8601: 可能的 null 引用赋值。 [D:\C#\VM\VisionMaster\VisionMaster_ncbuvzwb_wpftmp.csproj]
D:\C#\VM\VisionMaster\ViewModels\ProcessViewModel.cs(57,42): warning CS8604: “void IWorkspaceManager.SwitchStep(StepModel step)”中的形参“step”可能传入 null 引用实参。 [D:\C#\VM\VisionMaster\VisionMaster_ncbuvzwb_wpftmp.csproj]
D:\C#\VM\VisionMaster\ViewModels\DialogViewModels\ConditionEditorViewModel .cs(148,16): warning CS8618: 在退出构造函数时，不可为 null 的 字段 "_targetNode" 必须包含非 null 值。请考虑添加 "required" 修饰符或将该 字段 声明为可为 null。 [D:\C#\VM\VisionMaster\VisionMaster_ncbuvzwb_wpftmp.csproj]
D:\C#\VM\VisionMaster\ViewModels\DialogViewModels\ConditionEditorViewModel .cs(148,16): warning CS8618: 在退出构造函数时，不可为 null 的 字段 "_targetForNode" 必须包含非 null 值。请考虑添加 "required" 修饰符或将该 字段 声明为可为 null。 [D:\C#\VM\VisionMaster\VisionMaster_ncbuvzwb_wpftmp.csproj]
D:\C#\VM\VisionMaster\ViewModels\DialogViewModels\ConditionEditorViewModel .cs(148,16): warning CS9264: 在退出构造函数时，不可为 null 的 属性 'Branches' 必须包含非 null 值。请考虑添加“required”修饰符，或将 属性 声明为可为 null，或安全地处理“get”访问器中“field”为 null 的情况。 [D:\C#\VM\VisionMaster\VisionMaster_ncbuvzwb_wpftmp.csproj]
D:\C#\VM\VisionMaster\ViewModels\DialogViewModels\ConditionEditorViewModel .cs(148,16): warning CS9264: 在退出构造函数时，不可为 null 的 属性 'SelectedBranch' 必须包含非 null 值。请考虑添加“required”修饰符，或将 属性 声明为可为 null，或安全地处理“get”访问器中“field”为 null 的情况。 [D:\C#\VM\VisionMaster\VisionMaster_ncbuvzwb_wpftmp.csproj]
D:\C#\VM\VisionMaster\ViewModels\DialogViewModels\ConditionEditorViewModel .cs(148,16): warning CS8618: 在退出构造函数时，不可为 null 的 字段 "_loopCountLinkDraft" 必须包含非 null 值。请考虑添加 "required" 修饰符或将该 字段 声明为可为 null。 [D:\C#\VM\VisionMaster\VisionMaster_ncbuvzwb_wpftmp.csproj]
D:\C#\VM\VisionMaster\ViewModels\DialogViewModels\ConditionEditorViewModel .cs(148,16): warning CS9264: 在退出构造函数时，不可为 null 的 属性 'LoopCountSourceText' 必须包含非 null 值。请考虑添加“required”修饰符，或将 属性 声明为可为 null，或安全地处理“get”访问器中“field”为 null 的情况。 [D:\C#\VM\VisionMaster\VisionMaster_ncbuvzwb_wpftmp.csproj]
D:\C#\VM\VisionMaster\ViewModels\DialogViewModels\ConditionEditorViewModel .cs(148,16): warning CS8618: 在退出构造函数时，不可为 null 的 事件 "BranchChanged" 必须包含非 null 值。请考虑添加 "required" 修饰符或将该 事件 声明为可为 null。 [D:\C#\VM\VisionMaster\VisionMaster_ncbuvzwb_wpftmp.csproj]
D:\C#\VM\VisionMaster\ViewModels\ProcessViewModel.cs(84,16): warning CS9264: 在退出构造函数时，不可为 null 的 属性 'SelectStep' 必须包含非 null 值。请考虑添加“required”修饰符，或将 属性 声明为可为 null，或安全地处理“get”访问器中“field”为 null 的情况。 [D:\C#\VM\VisionMaster\VisionMaster_ncbuvzwb_wpftmp.csproj]
D:\C#\VM\VisionMaster\ViewModels\ProcessViewModel.cs(84,16): warning CS8618: 在退出构造函数时，不可为 null 的 字段 "CurrentSelectedStepModel" 必须包含非 null 值。请考虑添加 "required" 修饰符或将该 字段 声明为可为 null。 [D:\C#\VM\VisionMaster\VisionMaster_ncbuvzwb_wpftmp.csproj]
D:\C#\VM\VisionMaster\ViewModels\ProcessViewModel.cs(122,54): warning CS8622: “void ProcessViewModel.OnWorkspacePropertyChanged(object sender, PropertyChangedEventArgs e)”的参数“sender”类型中引用类型的为 Null 性与目标委托“PropertyChangedEventHandler”不匹配(可能是由于为 Null 性特性)。 [D:\C#\VM\VisionMaster\VisionMaster_ncbuvzwb_wpftmp.csproj]
D:\C#\VM\VisionMaster\ViewModels\ProcessViewModel.cs(142,54): warning CS8622: “void ProcessViewModel.OnWorkspacePropertyChanged(object sender, PropertyChangedEventArgs e)”的参数“sender”类型中引用类型的为 Null 性与目标委托“PropertyChangedEventHandler”不匹配(可能是由于为 Null 性特性)。 [D:\C#\VM\VisionMaster\VisionMaster_ncbuvzwb_wpftmp.csproj]
D:\C#\VM\VisionMaster\ViewModels\DialogViewModels\ConditionEditorViewModel .cs(223,35): warning CS8625: 无法将 null 字面量转换为非 null 的引用类型。 [D:\C#\VM\VisionMaster\VisionMaster_ncbuvzwb_wpftmp.csproj]
D:\C#\VM\VisionMaster\ViewModels\DialogViewModels\ConditionEditorViewModel .cs(224,35): warning CS8625: 无法将 null 字面量转换为非 null 的引用类型。 [D:\C#\VM\VisionMaster\VisionMaster_ncbuvzwb_wpftmp.csproj]
D:\C#\VM\VisionMaster\ViewModels\ProcessViewModel.cs(148,33): warning CS8604: “void ProcessViewModel.TickRunningTimes(IEnumerable<StepModel> steps)”中的形参“steps”可能传入 null 引用实参。 [D:\C#\VM\VisionMaster\VisionMaster_ncbuvzwb_wpftmp.csproj]
D:\C#\VM\VisionMaster\ViewModels\DialogViewModels\VariableBindingViewModel.cs(528,62): warning CS8604: “InputPortUIModel.InputPortUIModel(PortDefinition schema, string linkedAddress)”中的形参“linkedAddress”可能传入 null 引用实参。 [D:\C#\VM\VisionMaster\VisionMaster_ncbuvzwb_wpftmp.csproj]
D:\C#\VM\VisionMaster\ViewModels\DialogViewModels\VariableBindingViewModel.cs(594,17): warning CS8601: 可能的 null 引用赋值。 [D:\C#\VM\VisionMaster\VisionMaster_ncbuvzwb_wpftmp.csproj]
D:\C#\VM\VisionMaster\ViewModels\DialogViewModels\VariableBindingViewModel.cs(600,23): warning CS8604: “void VariableBindingViewModel.BuildTree(IDialogParameters parameters = null)”中的形参“parameters”可能传入 null 引用实参。 [D:\C#\VM\VisionMaster\VisionMaster_ncbuvzwb_wpftmp.csproj]
D:\C#\VM\VisionMaster\ViewModels\DialogViewModels\VariableBindingViewModel.cs(605,28): warning CS8618: 在退出构造函数时，不可为 null 的 字段 "_option" 必须包含非 null 值。请考虑添加 "required" 修饰符或将该 字段 声明为可为 null。 [D:\C#\VM\VisionMaster\VisionMaster_ncbuvzwb_wpftmp.csproj]
D:\C#\VM\VisionMaster\ViewModels\ProcessViewModel.cs(210,41): warning CS8604: “void ParametersBase.Add(string key, object value)”中的形参“value”可能传入 null 引用实参。 [D:\C#\VM\VisionMaster\VisionMaster_ncbuvzwb_wpftmp.csproj]
D:\C#\VM\VisionMaster\ViewModels\ProcessViewModel.cs(228,24): warning CS8603: 可能返回 null 引用。 [D:\C#\VM\VisionMaster\VisionMaster_ncbuvzwb_wpftmp.csproj]
D:\C#\VM\VisionMaster\ViewModels\ProcessViewModel.cs(234,28): warning CS8603: 可能返回 null 引用。 [D:\C#\VM\VisionMaster\VisionMaster_ncbuvzwb_wpftmp.csproj]
D:\C#\VM\VisionMaster\ViewModels\ProcessViewModel.cs(241,24): warning CS8603: 可能返回 null 引用。 [D:\C#\VM\VisionMaster\VisionMaster_ncbuvzwb_wpftmp.csproj]
D:\C#\VM\VisionMaster\ViewModels\ProcessViewModel.cs(245,24): warning CS8603: 可能返回 null 引用。 [D:\C#\VM\VisionMaster\VisionMaster_ncbuvzwb_wpftmp.csproj]
D:\C#\VM\VisionMaster\ViewModels\MonitorViewModel.cs(320,173): warning CS8625: 无法将 null 字面量转换为非 null 的引用类型。 [D:\C#\VM\VisionMaster\VisionMaster_ncbuvzwb_wpftmp.csproj]
D:\C#\VM\VisionMaster\ViewModels\ProcessViewModel.cs(288,49): warning CS8600: 将 null 文本或可能的 null 值转换为不可为 null 类型。 [D:\C#\VM\VisionMaster\VisionMaster_ncbuvzwb_wpftmp.csproj]
D:\C#\VM\VisionMaster\ViewModels\ProcessViewModel.cs(299,59): warning CS8604: “AutoPortConfigView.AutoPortConfigView(IVisionPlugin plugin)”中的形参“plugin”可能传入 null 引用实参。 [D:\C#\VM\VisionMaster\VisionMaster_ncbuvzwb_wpftmp.csproj]
D:\C#\VM\VisionMaster\ViewModels\ProcessViewModel.cs(329,52): warning CS8625: 无法将 null 字面量转换为非 null 的引用类型。 [D:\C#\VM\VisionMaster\VisionMaster_ncbuvzwb_wpftmp.csproj]
D:\C#\VM\VisionMaster\ViewModels\DialogViewModels\ConditionEditorViewModel .cs(274,32): warning CS8600: 将 null 文本或可能的 null 值转换为不可为 null 类型。 [D:\C#\VM\VisionMaster\VisionMaster_ncbuvzwb_wpftmp.csproj]
D:\C#\VM\VisionMaster\ViewModels\DialogViewModels\ConditionEditorViewModel .cs(363,32): warning CS8600: 将 null 文本或可能的 null 值转换为不可为 null 类型。 [D:\C#\VM\VisionMaster\VisionMaster_ncbuvzwb_wpftmp.csproj]
D:\C#\VM\VisionMaster\ViewModels\DialogViewModels\GlobalVariableManagerViewModel.cs(31,21): warning CS8618: 在退出构造函数时，不可为 null 的 属性 "Value" 必须包含非 null 值。请考虑添加 "required" 修饰符或将该 属性 声明为可为 null。 [D:\C#\VM\VisionMaster\VisionMaster_ncbuvzwb_wpftmp.csproj]
D:\C#\VM\VisionMaster\ViewModels\DialogViewModels\GlobalVariableManagerViewModel.cs(32,23): warning CS8618: 在退出构造函数时，不可为 null 的 属性 "DisplayName" 必须包含非 null 值。请考虑添加 "required" 修饰符或将该 属性 声明为可为 null。 [D:\C#\VM\VisionMaster\VisionMaster_ncbuvzwb_wpftmp.csproj]
D:\C#\VM\VisionMaster\ViewModels\DialogViewModels\GlobalVariableViewModelBase.cs(29,61): warning CS8622: “void GlobalVariableViewModelBase.OnGlobalVariablesCollectionChanged(object sender, NotifyCollectionChangedEventArgs e)”的参数“sender”类型中引用类型的为 Null 性与目标委托“NotifyCollectionChangedEventHandler”不匹配(可能是由于为 Null 性特性)。 [D:\C#\VM\VisionMaster\VisionMaster_ncbuvzwb_wpftmp.csproj]
D:\C#\VM\VisionMaster\ViewModels\ProcessViewModel.cs(473,32): warning CS8600: 将 null 文本或可能的 null 值转换为不可为 null 类型。 [D:\C#\VM\VisionMaster\VisionMaster_ncbuvzwb_wpftmp.csproj]
D:\C#\VM\VisionMaster\ViewModels\ProcessViewModel.cs(513,37): warning CS8600: 将 null 文本或可能的 null 值转换为不可为 null 类型。 [D:\C#\VM\VisionMaster\VisionMaster_ncbuvzwb_wpftmp.csproj]
D:\C#\VM\VisionMaster\ViewModels\ProcessViewModel.cs(549,36): warning CS8600: 将 null 文本或可能的 null 值转换为不可为 null 类型。 [D:\C#\VM\VisionMaster\VisionMaster_ncbuvzwb_wpftmp.csproj]
D:\C#\VM\VisionMaster\ViewModels\DialogViewModels\GlobalVariableViewModelBase.cs(191,65): warning CS8622: “void GlobalVariableViewModelBase.OnGlobalVariablesCollectionChanged(object sender, NotifyCollectionChangedEventArgs e)”的参数“sender”类型中引用类型的为 Null 性与目标委托“NotifyCollectionChangedEventHandler”不匹配(可能是由于为 Null 性特性)。 [D:\C#\VM\VisionMaster\VisionMaster_ncbuvzwb_wpftmp.csproj]
D:\C#\VM\VisionMaster\ViewModels\DialogViewModels\GlobalVariableManagerViewModel.cs(22,23): warning CS8618: 在退出构造函数时，不可为 null 的 属性 "DisplayName" 必须包含非 null 值。请考虑添加 "required" 修饰符或将该 属性 声明为可为 null。 [D:\C#\VM\VisionMaster\VisionMaster_ncbuvzwb_wpftmp.csproj]
D:\C#\VM\VisionMaster\ViewModels\DialogViewModels\GlobalVariableManagerViewModel.cs(23,21): warning CS8618: 在退出构造函数时，不可为 null 的 属性 "ActualType" 必须包含非 null 值。请考虑添加 "required" 修饰符或将该 属性 声明为可为 null。 [D:\C#\VM\VisionMaster\VisionMaster_ncbuvzwb_wpftmp.csproj]
D:\C#\VM\VisionMaster\ViewModels\DialogViewModels\GlobalVariableManagerViewModel.cs(528,16): warning CS9264: 在退出构造函数时，不可为 null 的 属性 'NewVarName' 必须包含非 null 值。请考虑添加“required”修饰符，或将 属性 声明为可为 null，或安全地处理“get”访问器中“field”为 null 的情况。 [D:\C#\VM\VisionMaster\VisionMaster_ncbuvzwb_wpftmp.csproj]
D:\C#\VM\VisionMaster\ViewModels\DialogViewModels\GlobalVariableManagerViewModel.cs(528,16): warning CS9264: 在退出构造函数时，不可为 null 的 属性 'NewVarDescription' 必须包含非 null 值。请考虑添加“required”修饰符，或将 属性 声明为可为 null，或安全地处理“get”访问器中“field”为 null 的情况。 [D:\C#\VM\VisionMaster\VisionMaster_ncbuvzwb_wpftmp.csproj]
D:\C#\VM\VisionMaster\ViewModels\DialogViewModels\GlobalVariableManagerViewModel.cs(596,28): warning CS8601: 可能的 null 引用赋值。 [D:\C#\VM\VisionMaster\VisionMaster_ncbuvzwb_wpftmp.csproj]
D:\C#\VM\VisionMaster\ViewModels\DialogViewModels\GlobalVariableManagerViewModel.cs(598,37): warning CS8601: 可能的 null 引用赋值。 [D:\C#\VM\VisionMaster\VisionMaster_ncbuvzwb_wpftmp.csproj]
D:\C#\VM\VisionMaster\ViewModels\DialogViewModels\GlobalVariableManagerViewModel.cs(671,36): warning CS8601: 可能的 null 引用赋值。 [D:\C#\VM\VisionMaster\VisionMaster_ncbuvzwb_wpftmp.csproj]
D:\C#\VM\VisionMaster\ViewModels\DialogViewModels\GlobalVariableManagerViewModel.cs(672,36): warning CS8601: 可能的 null 引用赋值。 [D:\C#\VM\VisionMaster\VisionMaster_ncbuvzwb_wpftmp.csproj]
D:\C#\VM\VisionMaster\ViewModels\DialogViewModels\GlobalVariableManagerViewModel.cs(674,29): warning CS8601: 可能的 null 引用赋值。 [D:\C#\VM\VisionMaster\VisionMaster_ncbuvzwb_wpftmp.csproj]
D:\C#\VM\VisionMaster\ViewModels\DialogViewModels\GlobalVariableManagerViewModel.cs(676,29): warning CS8601: 可能的 null 引用赋值。 [D:\C#\VM\VisionMaster\VisionMaster_ncbuvzwb_wpftmp.csproj]
D:\C#\VM\VisionMaster\ViewModels\DialogViewModels\GlobalVariableManagerViewModel.cs(701,38): warning CS8622: “void GlobalVariableManagerViewModel.OnVariableValueChanged(object sender, EventArgs e)”的参数“sender”类型中引用类型的为 Null 性与目标委托“EventHandler”不匹配(可能是由于为 Null 性特性)。 [D:\C#\VM\VisionMaster\VisionMaster_ncbuvzwb_wpftmp.csproj]
D:\C#\VM\VisionMaster\ViewModels\DialogViewModels\GlobalVariableManagerViewModel.cs(707,38): warning CS8622: “void GlobalVariableManagerViewModel.OnVariableValueChanged(object sender, EventArgs e)”的参数“sender”类型中引用类型的为 Null 性与目标委托“EventHandler”不匹配(可能是由于为 Null 性特性)。 [D:\C#\VM\VisionMaster\VisionMaster_ncbuvzwb_wpftmp.csproj]
D:\C#\VM\VisionMaster\ViewModels\DialogViewModels\GlobalVariableManagerViewModel.cs(752,40): warning CS8604: “Array Array.CreateInstance(Type elementType, int length)”中的形参“elementType”可能传入 null 引用实参。 [D:\C#\VM\VisionMaster\VisionMaster_ncbuvzwb_wpftmp.csproj]
D:\C#\VM\VisionMaster\ViewModels\DialogViewModels\GlobalVariableManagerViewModel.cs(751,32): warning CS8600: 将 null 文本或可能的 null 值转换为不可为 null 类型。 [D:\C#\VM\VisionMaster\VisionMaster_ncbuvzwb_wpftmp.csproj]
D:\C#\VM\VisionMaster\ViewModels\DialogViewModels\PluginConfigShellViewModel.cs(39,16): warning CS8618: 在退出构造函数时，不可为 null 的 字段 "_stepData" 必须包含非 null 值。请考虑添加 "required" 修饰符或将该 字段 声明为可为 null。 [D:\C#\VM\VisionMaster\VisionMaster_ncbuvzwb_wpftmp.csproj]
D:\C#\VM\VisionMaster\ViewModels\DialogViewModels\PluginConfigShellViewModel.cs(39,16): warning CS8618: 在退出构造函数时，不可为 null 的 字段 "_pluginView" 必须包含非 null 值。请考虑添加 "required" 修饰符或将该 字段 声明为可为 null。 [D:\C#\VM\VisionMaster\VisionMaster_ncbuvzwb_wpftmp.csproj]
D:\C#\VM\VisionMaster\ViewModels\DialogViewModels\PluginConfigShellViewModel.cs(39,16): warning CS8618: 在退出构造函数时，不可为 null 的 字段 "_plugin" 必须包含非 null 值。请考虑添加 "required" 修饰符或将该 字段 声明为可为 null。 [D:\C#\VM\VisionMaster\VisionMaster_ncbuvzwb_wpftmp.csproj]
D:\C#\VM\VisionMaster\ViewModels\DialogViewModels\PluginConfigShellViewModel.cs(39,16): warning CS8618: 在退出构造函数时，不可为 null 的 字段 "_trialSession" 必须包含非 null 值。请考虑添加 "required" 修饰符或将该 字段 声明为可为 null。 [D:\C#\VM\VisionMaster\VisionMaster_ncbuvzwb_wpftmp.csproj]
D:\C#\VM\VisionMaster\ViewModels\DialogViewModels\PluginConfigShellViewModel.cs(39,16): warning CS8618: 在退出构造函数时，不可为 null 的 字段 "_execCts" 必须包含非 null 值。请考虑添加 "required" 修饰符或将该 字段 声明为可为 null。 [D:\C#\VM\VisionMaster\VisionMaster_ncbuvzwb_wpftmp.csproj]
D:\C#\VM\VisionMaster\ViewModels\DialogViewModels\PluginConfigShellViewModel.cs(39,16): warning CS8618: 在退出构造函数时，不可为 null 的 字段 "_execTask" 必须包含非 null 值。请考虑添加 "required" 修饰符或将该 字段 声明为可为 null。 [D:\C#\VM\VisionMaster\VisionMaster_ncbuvzwb_wpftmp.csproj]
D:\C#\VM\VisionMaster\ViewModels\DialogViewModels\PluginConfigShellViewModel.cs(39,16): warning CS8618: 在退出构造函数时，不可为 null 的 属性 "Title" 必须包含非 null 值。请考虑添加 "required" 修饰符或将该 属性 声明为可为 null。 [D:\C#\VM\VisionMaster\VisionMaster_ncbuvzwb_wpftmp.csproj]
D:\C#\VM\VisionMaster\ViewModels\DialogViewModels\PluginConfigShellViewModel.cs(39,16): warning CS8618: 在退出构造函数时，不可为 null 的 属性 "PluginIcon" 必须包含非 null 值。请考虑添加 "required" 修饰符或将该 属性 声明为可为 null。 [D:\C#\VM\VisionMaster\VisionMaster_ncbuvzwb_wpftmp.csproj]
D:\C#\VM\VisionMaster\ViewModels\DialogViewModels\PluginConfigShellViewModel.cs(39,16): warning CS8618: 在退出构造函数时，不可为 null 的 属性 "PluginName" 必须包含非 null 值。请考虑添加 "required" 修饰符或将该 属性 声明为可为 null。 [D:\C#\VM\VisionMaster\VisionMaster_ncbuvzwb_wpftmp.csproj]
D:\C#\VM\VisionMaster\ViewModels\DialogViewModels\PluginConfigShellViewModel.cs(39,16): warning CS8618: 在退出构造函数时，不可为 null 的 属性 "PluginDescription" 必须包含非 null 值。请考虑添加 "required" 修饰符或将该 属性 声明为可为 null。 [D:\C#\VM\VisionMaster\VisionMaster_ncbuvzwb_wpftmp.csproj]
D:\C#\VM\VisionMaster\ViewModels\DialogViewModels\PluginConfigShellViewModel.cs(39,16): warning CS8618: 在退出构造函数时，不可为 null 的 属性 "PluginViewContent" 必须包含非 null 值。请考虑添加 "required" 修饰符或将该 属性 声明为可为 null。 [D:\C#\VM\VisionMaster\VisionMaster_ncbuvzwb_wpftmp.csproj]
D:\C#\VM\VisionMaster\ViewModels\DialogViewModels\PluginConfigShellViewModel.cs(94,29): warning CS8625: 无法将 null 字面量转换为非 null 的引用类型。 [D:\C#\VM\VisionMaster\VisionMaster_ncbuvzwb_wpftmp.csproj]
D:\C#\VM\VisionMaster\ViewModels\DialogViewModels\PluginConfigShellViewModel.cs(109,27): warning CS8625: 无法将 null 字面量转换为非 null 的引用类型。 [D:\C#\VM\VisionMaster\VisionMaster_ncbuvzwb_wpftmp.csproj]
D:\C#\VM\VisionMaster\ViewModels\DialogViewModels\PluginConfigShellViewModel.cs(110,31): warning CS8625: 无法将 null 字面量转换为非 null 的引用类型。 [D:\C#\VM\VisionMaster\VisionMaster_ncbuvzwb_wpftmp.csproj]
D:\C#\VM\VisionMaster\ViewModels\DialogViewModels\PluginConfigShellViewModel.cs(111,37): warning CS8625: 无法将 null 字面量转换为非 null 的引用类型。 [D:\C#\VM\VisionMaster\VisionMaster_ncbuvzwb_wpftmp.csproj]
D:\C#\VM\VisionMaster\ViewModels\DialogViewModels\PluginConfigShellViewModel.cs(113,28): warning CS8625: 无法将 null 字面量转换为非 null 的引用类型。 [D:\C#\VM\VisionMaster\VisionMaster_ncbuvzwb_wpftmp.csproj]
D:\C#\VM\VisionMaster\ViewModels\DialogViewModels\MotionBoardViewModel.cs(155,51): warning CS8600: 将 null 文本或可能的 null 值转换为不可为 null 类型。 [D:\C#\VM\VisionMaster\VisionMaster_ncbuvzwb_wpftmp.csproj]
D:\C#\VM\VisionMaster\ViewModels\DialogViewModels\PluginConfigShellViewModel.cs(122,76): warning CS8600: 将 null 文本或可能的 null 值转换为不可为 null 类型。 [D:\C#\VM\VisionMaster\VisionMaster_ncbuvzwb_wpftmp.csproj]
D:\C#\VM\VisionMaster\ViewModels\DialogViewModels\PluginConfigShellViewModel.cs(129,31): warning CS8601: 可能的 null 引用赋值。 [D:\C#\VM\VisionMaster\VisionMaster_ncbuvzwb_wpftmp.csproj]
D:\C#\VM\VisionMaster\ViewModels\DialogViewModels\PluginConfigShellViewModel.cs(287,29): warning CS8625: 无法将 null 字面量转换为非 null 的引用类型。 [D:\C#\VM\VisionMaster\VisionMaster_ncbuvzwb_wpftmp.csproj]
D:\C#\VM\VisionMaster\ViewModels\DialogViewModels\PluginConfigShellViewModel.cs(309,46): warning CS8600: 将 null 文本或可能的 null 值转换为不可为 null 类型。 [D:\C#\VM\VisionMaster\VisionMaster_ncbuvzwb_wpftmp.csproj]
D:\C#\VM\VisionMaster\ViewModels\DialogViewModels\PluginConfigShellViewModel.cs(310,39): warning CS8600: 将 null 文本或可能的 null 值转换为不可为 null 类型。 [D:\C#\VM\VisionMaster\VisionMaster_ncbuvzwb_wpftmp.csproj]
D:\C#\VM\VisionMaster\ViewModels\DialogViewModels\PluginConfigShellViewModel.cs(311,35): warning CS8600: 将 null 文本或可能的 null 值转换为不可为 null 类型。 [D:\C#\VM\VisionMaster\VisionMaster_ncbuvzwb_wpftmp.csproj]
D:\C#\VM\VisionMaster\ViewModels\DialogViewModels\PluginConfigShellViewModel.cs(335,69): warning CS8604: “void PluginConfigShellViewModel.CompleteExecute(int runId, PluginExecuteResult result, FlowSession session, bool cancelled, Exception error)”中的形参“result”可能传入 null 引用实参。 [D:\C#\VM\VisionMaster\VisionMaster_ncbuvzwb_wpftmp.csproj]
D:\C#\VM\VisionMaster\ViewModels\DialogViewModels\PluginConfigShellViewModel.cs(335,77): warning CS8604: “void PluginConfigShellViewModel.CompleteExecute(int runId, PluginExecuteResult result, FlowSession session, bool cancelled, Exception error)”中的形参“session”可能传入 null 引用实参。 [D:\C#\VM\VisionMaster\VisionMaster_ncbuvzwb_wpftmp.csproj]
D:\C#\VM\VisionMaster\ViewModels\DialogViewModels\PluginConfigShellViewModel.cs(335,97): warning CS8604: “void PluginConfigShellViewModel.CompleteExecute(int runId, PluginExecuteResult result, FlowSession session, bool cancelled, Exception error)”中的形参“error”可能传入 null 引用实参。 [D:\C#\VM\VisionMaster\VisionMaster_ncbuvzwb_wpftmp.csproj]
D:\C#\VM\VisionMaster\ViewModels\DialogViewModels\MotionBoardDebugTabViewModel.cs(504,72): warning CS8604: “void MotionDebugAxisRow.Update(AxisStatus? status, bool mapEnabled, bool deviceOnline, bool deviceHomed, string modeText)”中的形参“modeText”可能传入 null 引用实参。 [D:\C#\VM\VisionMaster\VisionMaster_ncbuvzwb_wpftmp.csproj]
D:\C#\VM\VisionMaster\ViewModels\DialogViewModels\GlobalVariableManagerViewModel.cs(966,25): warning CS8604: “void DialogArrayEditor.Load(IEnumerable<string?> values)”中的形参“values”可能传入 null 引用实参。 [D:\C#\VM\VisionMaster\VisionMaster_ncbuvzwb_wpftmp.csproj]
D:\C#\VM\VisionMaster\ViewModels\DialogViewModels\GlobalVariableManagerViewModel.cs(1113,40): warning CS8622: “void GlobalVariableManagerViewModel.OnVariableValueChanged(object sender, EventArgs e)”的参数“sender”类型中引用类型的为 Null 性与目标委托“EventHandler”不匹配(可能是由于为 Null 性特性)。 [D:\C#\VM\VisionMaster\VisionMaster_ncbuvzwb_wpftmp.csproj]
D:\C#\VM\VisionMaster\ViewModels\FlowCanvasViewModel.cs(1098,74): warning CS8600: 将 null 文本或可能的 null 值转换为不可为 null 类型。 [D:\C#\VM\VisionMaster\VisionMaster_ncbuvzwb_wpftmp.csproj]
D:\C#\VM\VisionMaster\ViewModels\FlowCanvasViewModel.cs(1134,25): warning CS8604: “CanvasLinkBinding.CanvasLinkBinding(StepModel consumer, string key, string display)”中的形参“consumer”可能传入 null 引用实参。 [D:\C#\VM\VisionMaster\VisionMaster_ncbuvzwb_wpftmp.csproj]
D:\C#\VM\VisionMaster\ViewModels\MonitorViewModel.cs(538,78): warning CS8625: 无法将 null 字面量转换为非 null 的引用类型。 [D:\C#\VM\VisionMaster\VisionMaster_ncbuvzwb_wpftmp.csproj]
D:\C#\VM\VisionMaster\ViewModels\MonitorViewModel.cs(551,69): warning CS8625: 无法将 null 字面量转换为非 null 的引用类型。 [D:\C#\VM\VisionMaster\VisionMaster_ncbuvzwb_wpftmp.csproj]
D:\C#\VM\VisionMaster\ViewModels\MonitorViewModel.cs(577,107): warning CS8625: 无法将 null 字面量转换为非 null 的引用类型。 [D:\C#\VM\VisionMaster\VisionMaster_ncbuvzwb_wpftmp.csproj]
D:\C#\VM\VisionMaster\ViewModels\FlowCanvasViewModel.cs(1326,41): warning CS8604: “void Action<StepModel>.Invoke(StepModel obj)”中的形参“obj”可能传入 null 引用实参。 [D:\C#\VM\VisionMaster\VisionMaster_ncbuvzwb_wpftmp.csproj]
D:\C#\VM\VisionMaster\ShellViewModel.cs(505,29): warning CS0169: 从不使用字段“ShellViewModel._currentSession” [D:\C#\VM\VisionMaster\VisionMaster_ncbuvzwb_wpftmp.csproj]
D:\C#\VM\VisionMaster\ViewModels\DialogViewModels\VariableBindingViewModel.cs(502,62): warning CS8625: 无法将 null 字面量转换为非 null 的引用类型。 [D:\C#\VM\VisionMaster\VisionMaster.csproj]
D:\C#\VM\VisionMaster\Services\Camera\CameraProvider.cs(27,21): warning CS8618: 在退出构造函数时，不可为 null 的 属性 "DriverType" 必须包含非 null 值。请考虑添加 "required" 修饰符或将该 属性 声明为可为 null。 [D:\C#\VM\VisionMaster\VisionMaster.csproj]
D:\C#\VM\VisionMaster\Services\Camera\CameraProvider.cs(75,16): warning CS8618: 在退出构造函数时，不可为 null 的 字段 "_lastSyncedSolution" 必须包含非 null 值。请考虑添加 "required" 修饰符或将该 字段 声明为可为 null。 [D:\C#\VM\VisionMaster\VisionMaster.csproj]
D:\C#\VM\VisionMaster\Services\Camera\CameraProvider.cs(75,16): warning CS8618: 在退出构造函数时，不可为 null 的 事件 "DevicesChanged" 必须包含非 null 值。请考虑添加 "required" 修饰符或将该 事件 声明为可为 null。 [D:\C#\VM\VisionMaster\VisionMaster.csproj]
D:\C#\VM\VisionMaster\Services\Camera\NetworkCameraServer.cs(60,16): warning CS8618: 在退出构造函数时，不可为 null 的 字段 "_server" 必须包含非 null 值。请考虑添加 "required" 修饰符或将该 字段 声明为可为 null。 [D:\C#\VM\VisionMaster\VisionMaster.csproj]
D:\C#\VM\VisionMaster\Services\Camera\NetworkCameraServer.cs(60,16): warning CS8618: 在退出构造函数时，不可为 null 的 字段 "_config" 必须包含非 null 值。请考虑添加 "required" 修饰符或将该 字段 声明为可为 null。 [D:\C#\VM\VisionMaster\VisionMaster.csproj]
D:\C#\VM\VisionMaster\Services\HttpImageServer.cs(57,16): warning CS8618: 在退出构造函数时，不可为 null 的 字段 "_server" 必须包含非 null 值。请考虑添加 "required" 修饰符或将该 字段 声明为可为 null。 [D:\C#\VM\VisionMaster\VisionMaster.csproj]
D:\C#\VM\VisionMaster\Services\HttpImageServer.cs(57,16): warning CS8618: 在退出构造函数时，不可为 null 的 字段 "_config" 必须包含非 null 值。请考虑添加 "required" 修饰符或将该 字段 声明为可为 null。 [D:\C#\VM\VisionMaster\VisionMaster.csproj]
D:\C#\VM\VisionMaster\ShellViewModel.cs(53,43): warning CS8603: 可能返回 null 引用。 [D:\C#\VM\VisionMaster\VisionMaster.csproj]
D:\C#\VM\VisionMaster\Services\Camera\NetworkCameraServer.cs(131,23): warning CS8625: 无法将 null 字面量转换为非 null 的引用类型。 [D:\C#\VM\VisionMaster\VisionMaster.csproj]
D:\C#\VM\VisionMaster\Services\HttpImageServer.cs(140,23): warning CS8625: 无法将 null 字面量转换为非 null 的引用类型。 [D:\C#\VM\VisionMaster\VisionMaster.csproj]
D:\C#\VM\VisionMaster\Services\Camera\CameraProvider.cs(196,20): warning CS8603: 可能返回 null 引用。 [D:\C#\VM\VisionMaster\VisionMaster.csproj]
D:\C#\VM\VisionMaster\Services\Camera\CameraProvider.cs(210,59): warning CS8601: 可能的 null 引用赋值。 [D:\C#\VM\VisionMaster\VisionMaster.csproj]
D:\C#\VM\VisionMaster\Services\Camera\CameraProvider.cs(219,22): warning CS8625: 无法将 null 字面量转换为非 null 的引用类型。 [D:\C#\VM\VisionMaster\VisionMaster.csproj]
D:\C#\VM\VisionMaster\Services\Camera\CameraProvider.cs(227,53): warning CS8601: 可能的 null 引用赋值。 [D:\C#\VM\VisionMaster\VisionMaster.csproj]
D:\C#\VM\VisionMaster\Services\FlowOutputCollector.cs(48,51): warning CS8604: “Dictionary<string, Guid> FlowOutputCollector.BuildStepNameIndex(FlowSession session)”中的形参“session”可能传入 null 引用实参。 [D:\C#\VM\VisionMaster\VisionMaster.csproj]
D:\C#\VM\VisionMaster\Services\ScadaVariablePicker.cs(40,35): warning CS8604: “void ParametersBase.Add(string key, object value)”中的形参“value”可能传入 null 引用实参。 [D:\C#\VM\VisionMaster\VisionMaster.csproj]
D:\C#\VM\VisionMaster\Services\Camera\NetworkCameraServer.cs(261,22): warning CS8625: 无法将 null 字面量转换为非 null 的引用类型。 [D:\C#\VM\VisionMaster\VisionMaster.csproj]
D:\C#\VM\VisionMaster\Services\Camera\NetworkCameraServer.cs(262,20): warning CS8625: 无法将 null 字面量转换为非 null 的引用类型。 [D:\C#\VM\VisionMaster\VisionMaster.csproj]
D:\C#\VM\VisionMaster\Services\Camera\CameraProvider.cs(304,32): warning CS8625: 无法将 null 字面量转换为非 null 的引用类型。 [D:\C#\VM\VisionMaster\VisionMaster.csproj]
D:\C#\VM\VisionMaster\Services\Camera\CameraProvider.cs(360,28): warning CS8604: “void CameraProvider.RememberSynced(SolutionModel solution, int count)”中的形参“solution”可能传入 null 引用实参。 [D:\C#\VM\VisionMaster\VisionMaster.csproj]
D:\C#\VM\VisionMaster\Services\HttpImageServer.cs(298,39): warning CS8603: 可能返回 null 引用。 [D:\C#\VM\VisionMaster\VisionMaster.csproj]
D:\C#\VM\VisionMaster\Services\HttpImageServer.cs(302,20): warning CS8603: 可能返回 null 引用。 [D:\C#\VM\VisionMaster\VisionMaster.csproj]
D:\C#\VM\VisionMaster\Services\FlowOutputCollector.cs(114,77): warning CS8603: 可能返回 null 引用。 [D:\C#\VM\VisionMaster\VisionMaster.csproj]
D:\C#\VM\VisionMaster\Services\FlowOutputCollector.cs(115,20): warning CS8603: 可能返回 null 引用。 [D:\C#\VM\VisionMaster\VisionMaster.csproj]
D:\C#\VM\VisionMaster\Services\HttpImageServer.cs(312,23): warning CS8625: 无法将 null 字面量转换为非 null 的引用类型。 [D:\C#\VM\VisionMaster\VisionMaster.csproj]
D:\C#\VM\VisionMaster\Services\HttpImageServer.cs(313,21): warning CS8625: 无法将 null 字面量转换为非 null 的引用类型。 [D:\C#\VM\VisionMaster\VisionMaster.csproj]
D:\C#\VM\VisionMaster\ViewModels\ToolViewModel.cs(48,16): warning CS8618: 在退出构造函数时，不可为 null 的 字段 "searchText" 必须包含非 null 值。请考虑添加 "required" 修饰符或将该 字段 声明为可为 null。 [D:\C#\VM\VisionMaster\VisionMaster.csproj]
D:\C#\VM\VisionMaster\Services\ImageCollectionService.cs(304,17): warning CS8602: 解引用可能出现空引用。 [D:\C#\VM\VisionMaster\VisionMaster.csproj]
D:\C#\VM\VisionMaster\Services\Camera\CameraProvider.cs(433,24): warning CS8603: 可能返回 null 引用。 [D:\C#\VM\VisionMaster\VisionMaster.csproj]
D:\C#\VM\VisionMaster\Services\Camera\CameraProvider.cs(444,28): warning CS8603: 可能返回 null 引用。 [D:\C#\VM\VisionMaster\VisionMaster.csproj]
D:\C#\VM\VisionMaster\Services\Camera\CameraProvider.cs(457,24): warning CS8603: 可能返回 null 引用。 [D:\C#\VM\VisionMaster\VisionMaster.csproj]
D:\C#\VM\VisionMaster\ViewModels\CanvasLinkViewModel.cs(21,16): warning CS8618: 在退出构造函数时，不可为 null 的 属性 "UnbindCommand" 必须包含非 null 值。请考虑添加 "required" 修饰符或将该 属性 声明为可为 null。 [D:\C#\VM\VisionMaster\VisionMaster.csproj]
D:\C#\VM\VisionMaster\ShellViewModel.cs(243,16): warning CS8618: 在退出构造函数时，不可为 null 的 字段 "_cts" 必须包含非 null 值。请考虑添加 "required" 修饰符或将该 字段 声明为可为 null。 [D:\C#\VM\VisionMaster\VisionMaster.csproj]
D:\C#\VM\VisionMaster\ShellViewModel.cs(243,16): warning CS8618: 在退出构造函数时，不可为 null 的 字段 "_monitorTask" 必须包含非 null 值。请考虑添加 "required" 修饰符或将该 字段 声明为可为 null。 [D:\C#\VM\VisionMaster\VisionMaster.csproj]
D:\C#\VM\VisionMaster\ShellViewModel.cs(243,16): warning CS9264: 在退出构造函数时，不可为 null 的 属性 'HandleCountStr' 必须包含非 null 值。请考虑添加“required”修饰符，或将 属性 声明为可为 null，或安全地处理“get”访问器中“field”为 null 的情况。 [D:\C#\VM\VisionMaster\VisionMaster.csproj]
D:\C#\VM\VisionMaster\ShellViewModel.cs(243,16): warning CS9264: 在退出构造函数时，不可为 null 的 属性 'ThreadCountStr' 必须包含非 null 值。请考虑添加“required”修饰符，或将 属性 声明为可为 null，或安全地处理“get”访问器中“field”为 null 的情况。 [D:\C#\VM\VisionMaster\VisionMaster.csproj]
D:\C#\VM\VisionMaster\ShellViewModel.cs(243,16): warning CS9264: 在退出构造函数时，不可为 null 的 属性 'CpuUsageStr' 必须包含非 null 值。请考虑添加“required”修饰符，或将 属性 声明为可为 null，或安全地处理“get”访问器中“field”为 null 的情况。 [D:\C#\VM\VisionMaster\VisionMaster.csproj]
D:\C#\VM\VisionMaster\ShellViewModel.cs(243,16): warning CS9264: 在退出构造函数时，不可为 null 的 属性 'MemoryUsageStr' 必须包含非 null 值。请考虑添加“required”修饰符，或将 属性 声明为可为 null，或安全地处理“get”访问器中“field”为 null 的情况。 [D:\C#\VM\VisionMaster\VisionMaster.csproj]
D:\C#\VM\VisionMaster\ShellViewModel.cs(243,16): warning CS9264: 在退出构造函数时，不可为 null 的 属性 'CurrentTimeText' 必须包含非 null 值。请考虑添加“required”修饰符，或将 属性 声明为可为 null，或安全地处理“get”访问器中“field”为 null 的情况。 [D:\C#\VM\VisionMaster\VisionMaster.csproj]
D:\C#\VM\VisionMaster\ShellViewModel.cs(243,16): warning CS8618: 在退出构造函数时，不可为 null 的 字段 "_currentSession" 必须包含非 null 值。请考虑添加 "required" 修饰符或将该 字段 声明为可为 null。 [D:\C#\VM\VisionMaster\VisionMaster.csproj]
D:\C#\VM\VisionMaster\Services\LayoutHelper.cs(88,20): warning CS8603: 可能返回 null 引用。 [D:\C#\VM\VisionMaster\VisionMaster.csproj]
D:\C#\VM\VisionMaster\Services\LayoutHelper.cs(157,45): warning CS8603: 可能返回 null 引用。 [D:\C#\VM\VisionMaster\VisionMaster.csproj]
D:\C#\VM\VisionMaster\Services\LayoutHelper.cs(172,24): warning CS8603: 可能返回 null 引用。 [D:\C#\VM\VisionMaster\VisionMaster.csproj]
D:\C#\VM\VisionMaster\Services\NetworkVariableBridge.cs(110,29): warning CS8601: 可能的 null 引用赋值。 [D:\C#\VM\VisionMaster\VisionMaster.csproj]
D:\C#\VM\VisionMaster\Services\LayoutHelper.cs(275,26): warning CS8625: 无法将 null 字面量转换为非 null 的引用类型。 [D:\C#\VM\VisionMaster\VisionMaster.csproj]
D:\C#\VM\VisionMaster\Services\FlowOutputCollector.cs(127,31): warning CS8600: 将 null 文本或可能的 null 值转换为不可为 null 类型。 [D:\C#\VM\VisionMaster\VisionMaster.csproj]
D:\C#\VM\VisionMaster\Services\FlowOutputCollector.cs(137,62): warning CS8604: “object FlowOutputCollector.ToJsonValue(object value)”中的形参“value”可能传入 null 引用实参。 [D:\C#\VM\VisionMaster\VisionMaster.csproj]
D:\C#\VM\VisionMaster\Services\LayoutHelper.cs(329,57): warning CS8603: 可能返回 null 引用。 [D:\C#\VM\VisionMaster\VisionMaster.csproj]
D:\C#\VM\VisionMaster\Services\LayoutHelper.cs(332,41): warning CS8603: 可能返回 null 引用。 [D:\C#\VM\VisionMaster\VisionMaster.csproj]
D:\C#\VM\VisionMaster\Services\LayoutHelper.cs(334,20): warning CS8603: 可能返回 null 引用。 [D:\C#\VM\VisionMaster\VisionMaster.csproj]
D:\C#\VM\VisionMaster\Services\LayoutHelper.cs(422,50): warning CS8604: “bool Dictionary<string, Func<object>>.TryGetValue(string key, out Func<object> value)”中的形参“key”可能传入 null 引用实参。 [D:\C#\VM\VisionMaster\VisionMaster.csproj]
D:\C#\VM\VisionMaster\Services\FlowOutputCollector.cs(165,28): warning CS8603: 可能返回 null 引用。 [D:\C#\VM\VisionMaster\VisionMaster.csproj]
D:\C#\VM\VisionMaster\Services\FlowOutputCollector.cs(230,28): warning CS8603: 可能返回 null 引用。 [D:\C#\VM\VisionMaster\VisionMaster.csproj]
D:\C#\VM\VisionMaster\ViewModels\DialogViewModels\VariableBindingViewModel.cs(64,38): warning CS8625: 无法将 null 字面量转换为非 null 的引用类型。 [D:\C#\VM\VisionMaster\VisionMaster.csproj]
D:\C#\VM\VisionMaster\ViewModels\DialogViewModels\SolutionListViewModel.cs(87,16): warning CS8618: 在退出构造函数时，不可为 null 的 字段 "_selectedSolution" 必须包含非 null 值。请考虑添加 "required" 修饰符或将该 字段 声明为可为 null。 [D:\C#\VM\VisionMaster\VisionMaster.csproj]
D:\C#\VM\VisionMaster\ViewModels\FlowListViewModel.cs(63,16): warning CS9264: 在退出构造函数时，不可为 null 的 属性 'SelectFlow' 必须包含非 null 值。请考虑添加“required”修饰符，或将 属性 声明为可为 null，或安全地处理“get”访问器中“field”为 null 的情况。 [D:\C#\VM\VisionMaster\VisionMaster.csproj]
D:\C#\VM\VisionMaster\Services\ScadaPagePicker.cs(39,35): warning CS8604: “void ParametersBase.Add(string key, object value)”中的形参“value”可能传入 null 引用实参。 [D:\C#\VM\VisionMaster\VisionMaster.csproj]
D:\C#\VM\VisionMaster\ViewModels\MonitorViewModel.cs(24,23): warning CS8618: 在退出构造函数时，不可为 null 的 属性 "DisplayText" 必须包含非 null 值。请考虑添加 "required" 修饰符或将该 属性 声明为可为 null。 [D:\C#\VM\VisionMaster\VisionMaster.csproj]
D:\C#\VM\VisionMaster\ViewModels\MonitorViewModel.cs(26,23): warning CS8618: 在退出构造函数时，不可为 null 的 属性 "StepName" 必须包含非 null 值。请考虑添加 "required" 修饰符或将该 属性 声明为可为 null。 [D:\C#\VM\VisionMaster\VisionMaster.csproj]
D:\C#\VM\VisionMaster\ViewModels\MonitorViewModel.cs(27,23): warning CS8618: 在退出构造函数时，不可为 null 的 属性 "PortName" 必须包含非 null 值。请考虑添加 "required" 修饰符或将该 属性 声明为可为 null。 [D:\C#\VM\VisionMaster\VisionMaster.csproj]
D:\C#\VM\VisionMaster\ViewModels\MonitorViewModel.cs(30,23): warning CS8618: 在退出构造函数时，不可为 null 的 属性 "VariableName" 必须包含非 null 值。请考虑添加 "required" 修饰符或将该 属性 声明为可为 null。 [D:\C#\VM\VisionMaster\VisionMaster.csproj]
D:\C#\VM\VisionMaster\ViewModels\DialogViewModels\VariableBindingViewModel.cs(198,16): warning CS8618: 在退出构造函数时，不可为 null 的 字段 "_lastBoundPort" 必须包含非 null 值。请考虑添加 "required" 修饰符或将该 字段 声明为可为 null。 [D:\C#\VM\VisionMaster\VisionMaster.csproj]
D:\C#\VM\VisionMaster\ViewModels\DialogViewModels\VariableBindingViewModel.cs(198,16): warning CS8618: 在退出构造函数时，不可为 null 的 字段 "_lastBoundLink" 必须包含非 null 值。请考虑添加 "required" 修饰符或将该 字段 声明为可为 null。 [D:\C#\VM\VisionMaster\VisionMaster.csproj]
D:\C#\VM\VisionMaster\ViewModels\DialogViewModels\VariableBindingViewModel.cs(198,16): warning CS8618: 在退出构造函数时，不可为 null 的 字段 "_targetStep" 必须包含非 null 值。请考虑添加 "required" 修饰符或将该 字段 声明为可为 null。 [D:\C#\VM\VisionMaster\VisionMaster.csproj]
D:\C#\VM\VisionMaster\ViewModels\DialogViewModels\VariableBindingViewModel.cs(198,16): warning CS8618: 在退出构造函数时，不可为 null 的 字段 "_constantValue" 必须包含非 null 值。请考虑添加 "required" 修饰符或将该 字段 声明为可为 null。 [D:\C#\VM\VisionMaster\VisionMaster.csproj]
D:\C#\VM\VisionMaster\ViewModels\DialogViewModels\VariableBindingViewModel.cs(198,16): warning CS8618: 在退出构造函数时，不可为 null 的 字段 "_selectedInputPort" 必须包含非 null 值。请考虑添加 "required" 修饰符或将该 字段 声明为可为 null。 [D:\C#\VM\VisionMaster\VisionMaster.csproj]
D:\C#\VM\VisionMaster\ViewModels\DialogViewModels\VariableBindingViewModel.cs(198,16): warning CS8618: 在退出构造函数时，不可为 null 的 字段 "_selectedOutputPort" 必须包含非 null 值。请考虑添加 "required" 修饰符或将该 字段 声明为可为 null。 [D:\C#\VM\VisionMaster\VisionMaster.csproj]
D:\C#\VM\VisionMaster\ViewModels\DialogViewModels\VariableBindingViewModel.cs(198,16): warning CS8618: 在退出构造函数时，不可为 null 的 字段 "_selectedNode" 必须包含非 null 值。请考虑添加 "required" 修饰符或将该 字段 声明为可为 null。 [D:\C#\VM\VisionMaster\VisionMaster.csproj]
D:\C#\VM\VisionMaster\ViewModels\DialogViewModels\SolutionListViewModel.cs(215,32): warning CS8601: 可能的 null 引用赋值。 [D:\C#\VM\VisionMaster\VisionMaster.csproj]
D:\C#\VM\VisionMaster\ViewModels\DialogViewModels\VariableBindingViewModel.cs(257,33): warning CS8601: 可能的 null 引用赋值。 [D:\C#\VM\VisionMaster\VisionMaster.csproj]
D:\C#\VM\VisionMaster\ViewModels\MonitorViewModel.cs(117,61): warning CS8622: “void MonitorViewModel.OnGlobalVariablesChanged(object sender, NotifyCollectionChangedEventArgs e)”的参数“sender”类型中引用类型的为 Null 性与目标委托“NotifyCollectionChangedEventHandler”不匹配(可能是由于为 Null 性特性)。 [D:\C#\VM\VisionMaster\VisionMaster.csproj]
D:\C#\VM\VisionMaster\ViewModels\MonitorViewModel.cs(123,60): warning CS8622: “void MonitorViewModel.OnVariableRenamed(object sender, VariableRenamedEventArgs e)”的参数“sender”类型中引用类型的为 Null 性与目标委托“EventHandler<VariableRenamedEventArgs>”不匹配(可能是由于为 Null 性特性)。 [D:\C#\VM\VisionMaster\VisionMaster.csproj]
D:\C#\VM\VisionMaster\ViewModels\MonitorViewModel.cs(131,50): warning CS8622: “void MonitorViewModel.OnWorkspacePropertyChanged(object sender, PropertyChangedEventArgs e)”的参数“sender”类型中引用类型的为 Null 性与目标委托“PropertyChangedEventHandler”不匹配(可能是由于为 Null 性特性)。 [D:\C#\VM\VisionMaster\VisionMaster.csproj]
D:\C#\VM\VisionMaster\ViewModels\MonitorViewModel.cs(138,65): warning CS8622: “void MonitorViewModel.OnSessionsChanged(object sender, NotifyCollectionChangedEventArgs e)”的参数“sender”类型中引用类型的为 Null 性与目标委托“NotifyCollectionChangedEventHandler”不匹配(可能是由于为 Null 性特性)。 [D:\C#\VM\VisionMaster\VisionMaster.csproj]
D:\C#\VM\VisionMaster\ViewModels\MonitorViewModel.cs(100,16): warning CS8618: 在退出构造函数时，不可为 null 的 字段 "_searchText" 必须包含非 null 值。请考虑添加 "required" 修饰符或将该 字段 声明为可为 null。 [D:\C#\VM\VisionMaster\VisionMaster.csproj]
D:\C#\VM\VisionMaster\ViewModels\MonitorViewModel.cs(100,16): warning CS8618: 在退出构造函数时，不可为 null 的 字段 "_selectedSuggestion" 必须包含非 null 值。请考虑添加 "required" 修饰符或将该 字段 声明为可为 null。 [D:\C#\VM\VisionMaster\VisionMaster.csproj]
D:\C#\VM\VisionMaster\ViewModels\MonitorViewModel.cs(100,16): warning CS8618: 在退出构造函数时，不可为 null 的 字段 "_subscribedWatchItems" 必须包含非 null 值。请考虑添加 "required" 修饰符或将该 字段 声明为可为 null。 [D:\C#\VM\VisionMaster\VisionMaster.csproj]
D:\C#\VM\VisionMaster\ViewModels\MonitorViewModel.cs(184,64): warning CS8622: “void MonitorViewModel.OnWatchItemsChanged(object sender, NotifyCollectionChangedEventArgs e)”的参数“sender”类型中引用类型的为 Null 性与目标委托“NotifyCollectionChangedEventHandler”不匹配(可能是由于为 Null 性特性)。 [D:\C#\VM\VisionMaster\VisionMaster.csproj]
D:\C#\VM\VisionMaster\ViewModels\MonitorViewModel.cs(185,45): warning CS8625: 无法将 null 字面量转换为非 null 的引用类型。 [D:\C#\VM\VisionMaster\VisionMaster.csproj]
D:\C#\VM\VisionMaster\ViewModels\MonitorViewModel.cs(196,60): warning CS8622: “void MonitorViewModel.OnWatchItemsChanged(object sender, NotifyCollectionChangedEventArgs e)”的参数“sender”类型中引用类型的为 Null 性与目标委托“NotifyCollectionChangedEventHandler”不匹配(可能是由于为 Null 性特性)。 [D:\C#\VM\VisionMaster\VisionMaster.csproj]
D:\C#\VM\VisionMaster\ViewModels\MonitorViewModel.cs(198,56): warning CS8622: “void MonitorViewModel.OnWatchItemsChanged(object sender, NotifyCollectionChangedEventArgs e)”的参数“sender”类型中引用类型的为 Null 性与目标委托“NotifyCollectionChangedEventHandler”不匹配(可能是由于为 Null 性特性)。 [D:\C#\VM\VisionMaster\VisionMaster.csproj]
D:\C#\VM\VisionMaster\ViewModels\DialogViewModels\VariableBindingViewModel.cs(528,62): warning CS8604: “InputPortUIModel.InputPortUIModel(PortDefinition schema, string linkedAddress)”中的形参“linkedAddress”可能传入 null 引用实参。 [D:\C#\VM\VisionMaster\VisionMaster.csproj]
D:\C#\VM\VisionMaster\ViewModels\MonitorViewModel.cs(320,173): warning CS8625: 无法将 null 字面量转换为非 null 的引用类型。 [D:\C#\VM\VisionMaster\VisionMaster.csproj]
D:\C#\VM\VisionMaster\ViewModels\DialogViewModels\VariableBindingViewModel.cs(594,17): warning CS8601: 可能的 null 引用赋值。 [D:\C#\VM\VisionMaster\VisionMaster.csproj]
D:\C#\VM\VisionMaster\ViewModels\DialogViewModels\VariableBindingViewModel.cs(600,23): warning CS8604: “void VariableBindingViewModel.BuildTree(IDialogParameters parameters = null)”中的形参“parameters”可能传入 null 引用实参。 [D:\C#\VM\VisionMaster\VisionMaster.csproj]
D:\C#\VM\VisionMaster\ViewModels\DialogViewModels\VariableBindingViewModel.cs(605,28): warning CS8618: 在退出构造函数时，不可为 null 的 字段 "_option" 必须包含非 null 值。请考虑添加 "required" 修饰符或将该 字段 声明为可为 null。 [D:\C#\VM\VisionMaster\VisionMaster.csproj]
D:\C#\VM\VisionMaster\Services\LayoutHelper.cs(439,32): warning CS8600: 将 null 文本或可能的 null 值转换为不可为 null 类型。 [D:\C#\VM\VisionMaster\VisionMaster.csproj]
D:\C#\VM\VisionMaster\ViewModels\DialogViewModels\ConditionEditorViewModel .cs(469,32): warning CS8603: 可能返回 null 引用。 [D:\C#\VM\VisionMaster\VisionMaster.csproj]
D:\C#\VM\VisionMaster\ViewModels\DialogViewModels\ConditionEditorViewModel .cs(96,68): warning CS8601: 可能的 null 引用赋值。 [D:\C#\VM\VisionMaster\VisionMaster.csproj]
D:\C#\VM\VisionMaster\ViewModels\DialogViewModels\ConditionEditorViewModel .cs(97,39): warning CS8601: 可能的 null 引用赋值。 [D:\C#\VM\VisionMaster\VisionMaster.csproj]
D:\C#\VM\VisionMaster\ViewModels\DialogViewModels\ConditionEditorViewModel .cs(138,44): warning CS8600: 将 null 文本或可能的 null 值转换为不可为 null 类型。 [D:\C#\VM\VisionMaster\VisionMaster.csproj]
D:\C#\VM\VisionMaster\ViewModels\DialogViewModels\ConditionEditorViewModel .cs(144,30): warning CS8601: 可能的 null 引用赋值。 [D:\C#\VM\VisionMaster\VisionMaster.csproj]
D:\C#\VM\VisionMaster\ViewModels\DialogViewModels\ConditionEditorViewModel .cs(475,61): warning CS8603: 可能返回 null 引用。 [D:\C#\VM\VisionMaster\VisionMaster.csproj]
D:\C#\VM\VisionMaster\ViewModels\DialogViewModels\ConditionEditorViewModel .cs(477,32): warning CS8600: 将 null 文本或可能的 null 值转换为不可为 null 类型。 [D:\C#\VM\VisionMaster\VisionMaster.csproj]
D:\C#\VM\VisionMaster\ViewModels\DialogViewModels\ConditionEditorViewModel .cs(479,28): warning CS8603: 可能返回 null 引用。 [D:\C#\VM\VisionMaster\VisionMaster.csproj]
D:\C#\VM\VisionMaster\ViewModels\DialogViewModels\ConditionEditorViewModel .cs(484,24): warning CS8603: 可能返回 null 引用。 [D:\C#\VM\VisionMaster\VisionMaster.csproj]
D:\C#\VM\VisionMaster\ViewModels\DialogViewModels\ConditionEditorViewModel .cs(447,35): warning CS8618: 在退出构造函数时，不可为 null 的 属性 "DuplicateChecker" 必须包含非 null 值。请考虑添加 "required" 修饰符或将该 属性 声明为可为 null。 [D:\C#\VM\VisionMaster\VisionMaster.csproj]
D:\C#\VM\VisionMaster\ViewModels\DialogViewModels\ConditionEditorViewModel .cs(451,23): warning CS9264: 在退出构造函数时，不可为 null 的 属性 'AliasName' 必须包含非 null 值。请考虑添加“required”修饰符，或将 属性 声明为可为 null，或安全地处理“get”访问器中“field”为 null 的情况。 [D:\C#\VM\VisionMaster\VisionMaster.csproj]
D:\C#\VM\VisionMaster\ViewModels\DialogViewModels\ConditionEditorViewModel .cs(461,23): warning CS9264: 在退出构造函数时，不可为 null 的 属性 'SourceAddress' 必须包含非 null 值。请考虑添加“required”修饰符，或将 属性 声明为可为 null，或安全地处理“get”访问器中“field”为 null 的情况。 [D:\C#\VM\VisionMaster\VisionMaster.csproj]
D:\C#\VM\VisionMaster\ViewModels\DialogViewModels\ConditionEditorViewModel .cs(462,30): warning CS8618: 在退出构造函数时，不可为 null 的 属性 "OriginalLink" 必须包含非 null 值。请考虑添加 "required" 修饰符或将该 属性 声明为可为 null。 [D:\C#\VM\VisionMaster\VisionMaster.csproj]
D:\C#\VM\VisionMaster\ViewModels\DialogViewModels\ConditionEditorViewModel .cs(148,16): warning CS8618: 在退出构造函数时，不可为 null 的 字段 "_targetNode" 必须包含非 null 值。请考虑添加 "required" 修饰符或将该 字段 声明为可为 null。 [D:\C#\VM\VisionMaster\VisionMaster.csproj]
D:\C#\VM\VisionMaster\ViewModels\DialogViewModels\ConditionEditorViewModel .cs(148,16): warning CS8618: 在退出构造函数时，不可为 null 的 字段 "_targetForNode" 必须包含非 null 值。请考虑添加 "required" 修饰符或将该 字段 声明为可为 null。 [D:\C#\VM\VisionMaster\VisionMaster.csproj]
D:\C#\VM\VisionMaster\ViewModels\DialogViewModels\ConditionEditorViewModel .cs(148,16): warning CS9264: 在退出构造函数时，不可为 null 的 属性 'Branches' 必须包含非 null 值。请考虑添加“required”修饰符，或将 属性 声明为可为 null，或安全地处理“get”访问器中“field”为 null 的情况。 [D:\C#\VM\VisionMaster\VisionMaster.csproj]
D:\C#\VM\VisionMaster\ViewModels\DialogViewModels\ConditionEditorViewModel .cs(148,16): warning CS9264: 在退出构造函数时，不可为 null 的 属性 'SelectedBranch' 必须包含非 null 值。请考虑添加“required”修饰符，或将 属性 声明为可为 null，或安全地处理“get”访问器中“field”为 null 的情况。 [D:\C#\VM\VisionMaster\VisionMaster.csproj]
D:\C#\VM\VisionMaster\ViewModels\DialogViewModels\ConditionEditorViewModel .cs(148,16): warning CS8618: 在退出构造函数时，不可为 null 的 字段 "_loopCountLinkDraft" 必须包含非 null 值。请考虑添加 "required" 修饰符或将该 字段 声明为可为 null。 [D:\C#\VM\VisionMaster\VisionMaster.csproj]
D:\C#\VM\VisionMaster\ViewModels\DialogViewModels\ConditionEditorViewModel .cs(148,16): warning CS9264: 在退出构造函数时，不可为 null 的 属性 'LoopCountSourceText' 必须包含非 null 值。请考虑添加“required”修饰符，或将 属性 声明为可为 null，或安全地处理“get”访问器中“field”为 null 的情况。 [D:\C#\VM\VisionMaster\VisionMaster.csproj]
D:\C#\VM\VisionMaster\ViewModels\DialogViewModels\ConditionEditorViewModel .cs(148,16): warning CS8618: 在退出构造函数时，不可为 null 的 事件 "BranchChanged" 必须包含非 null 值。请考虑添加 "required" 修饰符或将该 事件 声明为可为 null。 [D:\C#\VM\VisionMaster\VisionMaster.csproj]
D:\C#\VM\VisionMaster\ViewModels\DialogViewModels\FlowManagerViewModel.cs(98,43): warning CS8622: “void FlowManagerViewModel.OnWorkspacePropertyChanged(object sender, PropertyChangedEventArgs e)”的参数“sender”类型中引用类型的为 Null 性与目标委托“PropertyChangedEventHandler”不匹配(可能是由于为 Null 性特性)。 [D:\C#\VM\VisionMaster\VisionMaster.csproj]
D:\C#\VM\VisionMaster\ViewModels\DialogViewModels\ConditionEditorViewModel .cs(223,35): warning CS8625: 无法将 null 字面量转换为非 null 的引用类型。 [D:\C#\VM\VisionMaster\VisionMaster.csproj]
D:\C#\VM\VisionMaster\ViewModels\DialogViewModels\ConditionEditorViewModel .cs(224,35): warning CS8625: 无法将 null 字面量转换为非 null 的引用类型。 [D:\C#\VM\VisionMaster\VisionMaster.csproj]
D:\C#\VM\VisionMaster\ViewModels\MonitorViewModel.cs(538,78): warning CS8625: 无法将 null 字面量转换为非 null 的引用类型。 [D:\C#\VM\VisionMaster\VisionMaster.csproj]
D:\C#\VM\VisionMaster\ViewModels\MonitorViewModel.cs(551,69): warning CS8625: 无法将 null 字面量转换为非 null 的引用类型。 [D:\C#\VM\VisionMaster\VisionMaster.csproj]
D:\C#\VM\VisionMaster\ViewModels\MonitorViewModel.cs(577,107): warning CS8625: 无法将 null 字面量转换为非 null 的引用类型。 [D:\C#\VM\VisionMaster\VisionMaster.csproj]
D:\C#\VM\VisionMaster\ViewModels\DialogViewModels\GlobalVariableManagerViewModel.cs(22,23): warning CS8618: 在退出构造函数时，不可为 null 的 属性 "DisplayName" 必须包含非 null 值。请考虑添加 "required" 修饰符或将该 属性 声明为可为 null。 [D:\C#\VM\VisionMaster\VisionMaster.csproj]
D:\C#\VM\VisionMaster\ViewModels\DialogViewModels\GlobalVariableManagerViewModel.cs(23,21): warning CS8618: 在退出构造函数时，不可为 null 的 属性 "ActualType" 必须包含非 null 值。请考虑添加 "required" 修饰符或将该 属性 声明为可为 null。 [D:\C#\VM\VisionMaster\VisionMaster.csproj]
D:\C#\VM\VisionMaster\ViewModels\DialogViewModels\GlobalVariableManagerViewModel.cs(31,21): warning CS8618: 在退出构造函数时，不可为 null 的 属性 "Value" 必须包含非 null 值。请考虑添加 "required" 修饰符或将该 属性 声明为可为 null。 [D:\C#\VM\VisionMaster\VisionMaster.csproj]
D:\C#\VM\VisionMaster\ViewModels\DialogViewModels\GlobalVariableManagerViewModel.cs(32,23): warning CS8618: 在退出构造函数时，不可为 null 的 属性 "DisplayName" 必须包含非 null 值。请考虑添加 "required" 修饰符或将该 属性 声明为可为 null。 [D:\C#\VM\VisionMaster\VisionMaster.csproj]
D:\C#\VM\VisionMaster\ViewModels\DialogViewModels\GlobalVariableViewModelBase.cs(29,61): warning CS8622: “void GlobalVariableViewModelBase.OnGlobalVariablesCollectionChanged(object sender, NotifyCollectionChangedEventArgs e)”的参数“sender”类型中引用类型的为 Null 性与目标委托“NotifyCollectionChangedEventHandler”不匹配(可能是由于为 Null 性特性)。 [D:\C#\VM\VisionMaster\VisionMaster.csproj]
D:\C#\VM\VisionMaster\ViewModels\ProcessViewModel.cs(51,44): warning CS8601: 可能的 null 引用赋值。 [D:\C#\VM\VisionMaster\VisionMaster.csproj]
D:\C#\VM\VisionMaster\ViewModels\ProcessViewModel.cs(57,42): warning CS8604: “void IWorkspaceManager.SwitchStep(StepModel step)”中的形参“step”可能传入 null 引用实参。 [D:\C#\VM\VisionMaster\VisionMaster.csproj]
D:\C#\VM\VisionMaster\ViewModels\ProcessViewModel.cs(84,16): warning CS9264: 在退出构造函数时，不可为 null 的 属性 'SelectStep' 必须包含非 null 值。请考虑添加“required”修饰符，或将 属性 声明为可为 null，或安全地处理“get”访问器中“field”为 null 的情况。 [D:\C#\VM\VisionMaster\VisionMaster.csproj]
D:\C#\VM\VisionMaster\ViewModels\ProcessViewModel.cs(84,16): warning CS8618: 在退出构造函数时，不可为 null 的 字段 "CurrentSelectedStepModel" 必须包含非 null 值。请考虑添加 "required" 修饰符或将该 字段 声明为可为 null。 [D:\C#\VM\VisionMaster\VisionMaster.csproj]
D:\C#\VM\VisionMaster\ViewModels\DialogViewModels\ConditionEditorViewModel .cs(274,32): warning CS8600: 将 null 文本或可能的 null 值转换为不可为 null 类型。 [D:\C#\VM\VisionMaster\VisionMaster.csproj]
D:\C#\VM\VisionMaster\ViewModels\DialogViewModels\ConditionEditorViewModel .cs(363,32): warning CS8600: 将 null 文本或可能的 null 值转换为不可为 null 类型。 [D:\C#\VM\VisionMaster\VisionMaster.csproj]
D:\C#\VM\VisionMaster\ViewModels\ProcessViewModel.cs(122,54): warning CS8622: “void ProcessViewModel.OnWorkspacePropertyChanged(object sender, PropertyChangedEventArgs e)”的参数“sender”类型中引用类型的为 Null 性与目标委托“PropertyChangedEventHandler”不匹配(可能是由于为 Null 性特性)。 [D:\C#\VM\VisionMaster\VisionMaster.csproj]
D:\C#\VM\VisionMaster\ViewModels\ProcessViewModel.cs(142,54): warning CS8622: “void ProcessViewModel.OnWorkspacePropertyChanged(object sender, PropertyChangedEventArgs e)”的参数“sender”类型中引用类型的为 Null 性与目标委托“PropertyChangedEventHandler”不匹配(可能是由于为 Null 性特性)。 [D:\C#\VM\VisionMaster\VisionMaster.csproj]
D:\C#\VM\VisionMaster\ViewModels\ProcessViewModel.cs(148,33): warning CS8604: “void ProcessViewModel.TickRunningTimes(IEnumerable<StepModel> steps)”中的形参“steps”可能传入 null 引用实参。 [D:\C#\VM\VisionMaster\VisionMaster.csproj]
D:\C#\VM\VisionMaster\ViewModels\ProcessViewModel.cs(210,41): warning CS8604: “void ParametersBase.Add(string key, object value)”中的形参“value”可能传入 null 引用实参。 [D:\C#\VM\VisionMaster\VisionMaster.csproj]
D:\C#\VM\VisionMaster\ViewModels\ProcessViewModel.cs(228,24): warning CS8603: 可能返回 null 引用。 [D:\C#\VM\VisionMaster\VisionMaster.csproj]
D:\C#\VM\VisionMaster\ViewModels\ProcessViewModel.cs(234,28): warning CS8603: 可能返回 null 引用。 [D:\C#\VM\VisionMaster\VisionMaster.csproj]
D:\C#\VM\VisionMaster\ViewModels\ProcessViewModel.cs(241,24): warning CS8603: 可能返回 null 引用。 [D:\C#\VM\VisionMaster\VisionMaster.csproj]
D:\C#\VM\VisionMaster\ViewModels\ProcessViewModel.cs(245,24): warning CS8603: 可能返回 null 引用。 [D:\C#\VM\VisionMaster\VisionMaster.csproj]
D:\C#\VM\VisionMaster\ViewModels\DialogViewModels\GlobalVariableViewModelBase.cs(191,65): warning CS8622: “void GlobalVariableViewModelBase.OnGlobalVariablesCollectionChanged(object sender, NotifyCollectionChangedEventArgs e)”的参数“sender”类型中引用类型的为 Null 性与目标委托“NotifyCollectionChangedEventHandler”不匹配(可能是由于为 Null 性特性)。 [D:\C#\VM\VisionMaster\VisionMaster.csproj]
D:\C#\VM\VisionMaster\ViewModels\ProcessViewModel.cs(288,49): warning CS8600: 将 null 文本或可能的 null 值转换为不可为 null 类型。 [D:\C#\VM\VisionMaster\VisionMaster.csproj]
D:\C#\VM\VisionMaster\ViewModels\ProcessViewModel.cs(299,59): warning CS8604: “AutoPortConfigView.AutoPortConfigView(IVisionPlugin plugin)”中的形参“plugin”可能传入 null 引用实参。 [D:\C#\VM\VisionMaster\VisionMaster.csproj]
D:\C#\VM\VisionMaster\ViewModels\ProcessViewModel.cs(329,52): warning CS8625: 无法将 null 字面量转换为非 null 的引用类型。 [D:\C#\VM\VisionMaster\VisionMaster.csproj]
D:\C#\VM\VisionMaster\ViewModels\ProcessViewModel.cs(473,32): warning CS8600: 将 null 文本或可能的 null 值转换为不可为 null 类型。 [D:\C#\VM\VisionMaster\VisionMaster.csproj]
D:\C#\VM\VisionMaster\ViewModels\ProcessViewModel.cs(513,37): warning CS8600: 将 null 文本或可能的 null 值转换为不可为 null 类型。 [D:\C#\VM\VisionMaster\VisionMaster.csproj]
D:\C#\VM\VisionMaster\ViewModels\ProcessViewModel.cs(549,36): warning CS8600: 将 null 文本或可能的 null 值转换为不可为 null 类型。 [D:\C#\VM\VisionMaster\VisionMaster.csproj]
D:\C#\VM\VisionMaster\ViewModels\DialogViewModels\GlobalVariableManagerViewModel.cs(528,16): warning CS9264: 在退出构造函数时，不可为 null 的 属性 'NewVarName' 必须包含非 null 值。请考虑添加“required”修饰符，或将 属性 声明为可为 null，或安全地处理“get”访问器中“field”为 null 的情况。 [D:\C#\VM\VisionMaster\VisionMaster.csproj]
D:\C#\VM\VisionMaster\ViewModels\DialogViewModels\GlobalVariableManagerViewModel.cs(528,16): warning CS9264: 在退出构造函数时，不可为 null 的 属性 'NewVarDescription' 必须包含非 null 值。请考虑添加“required”修饰符，或将 属性 声明为可为 null，或安全地处理“get”访问器中“field”为 null 的情况。 [D:\C#\VM\VisionMaster\VisionMaster.csproj]
D:\C#\VM\VisionMaster\ViewModels\DialogViewModels\MotionBoardDebugTabViewModel.cs(504,72): warning CS8604: “void MotionDebugAxisRow.Update(AxisStatus? status, bool mapEnabled, bool deviceOnline, bool deviceHomed, string modeText)”中的形参“modeText”可能传入 null 引用实参。 [D:\C#\VM\VisionMaster\VisionMaster.csproj]
D:\C#\VM\VisionMaster\ViewModels\FlowCanvasViewModel.cs(1098,74): warning CS8600: 将 null 文本或可能的 null 值转换为不可为 null 类型。 [D:\C#\VM\VisionMaster\VisionMaster.csproj]
D:\C#\VM\VisionMaster\ViewModels\FlowCanvasViewModel.cs(1134,25): warning CS8604: “CanvasLinkBinding.CanvasLinkBinding(StepModel consumer, string key, string display)”中的形参“consumer”可能传入 null 引用实参。 [D:\C#\VM\VisionMaster\VisionMaster.csproj]
D:\C#\VM\VisionMaster\ViewModels\DialogViewModels\GlobalVariableManagerViewModel.cs(596,28): warning CS8601: 可能的 null 引用赋值。 [D:\C#\VM\VisionMaster\VisionMaster.csproj]
D:\C#\VM\VisionMaster\ViewModels\DialogViewModels\GlobalVariableManagerViewModel.cs(598,37): warning CS8601: 可能的 null 引用赋值。 [D:\C#\VM\VisionMaster\VisionMaster.csproj]
D:\C#\VM\VisionMaster\ViewModels\DialogViewModels\GlobalVariableManagerViewModel.cs(671,36): warning CS8601: 可能的 null 引用赋值。 [D:\C#\VM\VisionMaster\VisionMaster.csproj]
D:\C#\VM\VisionMaster\ViewModels\DialogViewModels\GlobalVariableManagerViewModel.cs(672,36): warning CS8601: 可能的 null 引用赋值。 [D:\C#\VM\VisionMaster\VisionMaster.csproj]
D:\C#\VM\VisionMaster\ViewModels\DialogViewModels\GlobalVariableManagerViewModel.cs(674,29): warning CS8601: 可能的 null 引用赋值。 [D:\C#\VM\VisionMaster\VisionMaster.csproj]
D:\C#\VM\VisionMaster\ViewModels\DialogViewModels\GlobalVariableManagerViewModel.cs(676,29): warning CS8601: 可能的 null 引用赋值。 [D:\C#\VM\VisionMaster\VisionMaster.csproj]
D:\C#\VM\VisionMaster\ViewModels\DialogViewModels\GlobalVariableManagerViewModel.cs(701,38): warning CS8622: “void GlobalVariableManagerViewModel.OnVariableValueChanged(object sender, EventArgs e)”的参数“sender”类型中引用类型的为 Null 性与目标委托“EventHandler”不匹配(可能是由于为 Null 性特性)。 [D:\C#\VM\VisionMaster\VisionMaster.csproj]
D:\C#\VM\VisionMaster\ViewModels\DialogViewModels\GlobalVariableManagerViewModel.cs(707,38): warning CS8622: “void GlobalVariableManagerViewModel.OnVariableValueChanged(object sender, EventArgs e)”的参数“sender”类型中引用类型的为 Null 性与目标委托“EventHandler”不匹配(可能是由于为 Null 性特性)。 [D:\C#\VM\VisionMaster\VisionMaster.csproj]
D:\C#\VM\VisionMaster\ViewModels\DialogViewModels\GlobalVariableManagerViewModel.cs(752,40): warning CS8604: “Array Array.CreateInstance(Type elementType, int length)”中的形参“elementType”可能传入 null 引用实参。 [D:\C#\VM\VisionMaster\VisionMaster.csproj]
D:\C#\VM\VisionMaster\ViewModels\DialogViewModels\GlobalVariableManagerViewModel.cs(751,32): warning CS8600: 将 null 文本或可能的 null 值转换为不可为 null 类型。 [D:\C#\VM\VisionMaster\VisionMaster.csproj]
D:\C#\VM\VisionMaster\ViewModels\FlowCanvasViewModel.cs(1326,41): warning CS8604: “void Action<StepModel>.Invoke(StepModel obj)”中的形参“obj”可能传入 null 引用实参。 [D:\C#\VM\VisionMaster\VisionMaster.csproj]
D:\C#\VM\VisionMaster\ViewModels\DialogViewModels\GlobalVariableManagerViewModel.cs(966,25): warning CS8604: “void DialogArrayEditor.Load(IEnumerable<string?> values)”中的形参“values”可能传入 null 引用实参。 [D:\C#\VM\VisionMaster\VisionMaster.csproj]
D:\C#\VM\VisionMaster\ViewModels\DialogViewModels\MotionBoardViewModel.cs(155,51): warning CS8600: 将 null 文本或可能的 null 值转换为不可为 null 类型。 [D:\C#\VM\VisionMaster\VisionMaster.csproj]
D:\C#\VM\VisionMaster\ViewModels\DialogViewModels\GlobalVariableManagerViewModel.cs(1113,40): warning CS8622: “void GlobalVariableManagerViewModel.OnVariableValueChanged(object sender, EventArgs e)”的参数“sender”类型中引用类型的为 Null 性与目标委托“EventHandler”不匹配(可能是由于为 Null 性特性)。 [D:\C#\VM\VisionMaster\VisionMaster.csproj]
D:\C#\VM\VisionMaster\Views\DialogViews\ConditionEditorView.xaml.cs(355,58): warning CS8603: 可能返回 null 引用。 [D:\C#\VM\VisionMaster\VisionMaster.csproj]
D:\C#\VM\VisionMaster\ViewModels\DialogViewModels\PluginConfigShellViewModel.cs(39,16): warning CS8618: 在退出构造函数时，不可为 null 的 字段 "_stepData" 必须包含非 null 值。请考虑添加 "required" 修饰符或将该 字段 声明为可为 null。 [D:\C#\VM\VisionMaster\VisionMaster.csproj]
D:\C#\VM\VisionMaster\ViewModels\DialogViewModels\PluginConfigShellViewModel.cs(39,16): warning CS8618: 在退出构造函数时，不可为 null 的 字段 "_pluginView" 必须包含非 null 值。请考虑添加 "required" 修饰符或将该 字段 声明为可为 null。 [D:\C#\VM\VisionMaster\VisionMaster.csproj]
D:\C#\VM\VisionMaster\ViewModels\DialogViewModels\PluginConfigShellViewModel.cs(39,16): warning CS8618: 在退出构造函数时，不可为 null 的 字段 "_plugin" 必须包含非 null 值。请考虑添加 "required" 修饰符或将该 字段 声明为可为 null。 [D:\C#\VM\VisionMaster\VisionMaster.csproj]
D:\C#\VM\VisionMaster\ViewModels\DialogViewModels\PluginConfigShellViewModel.cs(39,16): warning CS8618: 在退出构造函数时，不可为 null 的 字段 "_trialSession" 必须包含非 null 值。请考虑添加 "required" 修饰符或将该 字段 声明为可为 null。 [D:\C#\VM\VisionMaster\VisionMaster.csproj]
D:\C#\VM\VisionMaster\ViewModels\DialogViewModels\PluginConfigShellViewModel.cs(39,16): warning CS8618: 在退出构造函数时，不可为 null 的 字段 "_execCts" 必须包含非 null 值。请考虑添加 "required" 修饰符或将该 字段 声明为可为 null。 [D:\C#\VM\VisionMaster\VisionMaster.csproj]
D:\C#\VM\VisionMaster\ViewModels\DialogViewModels\PluginConfigShellViewModel.cs(39,16): warning CS8618: 在退出构造函数时，不可为 null 的 字段 "_execTask" 必须包含非 null 值。请考虑添加 "required" 修饰符或将该 字段 声明为可为 null。 [D:\C#\VM\VisionMaster\VisionMaster.csproj]
D:\C#\VM\VisionMaster\ViewModels\DialogViewModels\PluginConfigShellViewModel.cs(39,16): warning CS8618: 在退出构造函数时，不可为 null 的 属性 "Title" 必须包含非 null 值。请考虑添加 "required" 修饰符或将该 属性 声明为可为 null。 [D:\C#\VM\VisionMaster\VisionMaster.csproj]
D:\C#\VM\VisionMaster\ViewModels\DialogViewModels\PluginConfigShellViewModel.cs(39,16): warning CS8618: 在退出构造函数时，不可为 null 的 属性 "PluginIcon" 必须包含非 null 值。请考虑添加 "required" 修饰符或将该 属性 声明为可为 null。 [D:\C#\VM\VisionMaster\VisionMaster.csproj]
D:\C#\VM\VisionMaster\ViewModels\DialogViewModels\PluginConfigShellViewModel.cs(39,16): warning CS8618: 在退出构造函数时，不可为 null 的 属性 "PluginName" 必须包含非 null 值。请考虑添加 "required" 修饰符或将该 属性 声明为可为 null。 [D:\C#\VM\VisionMaster\VisionMaster.csproj]
D:\C#\VM\VisionMaster\ViewModels\DialogViewModels\PluginConfigShellViewModel.cs(39,16): warning CS8618: 在退出构造函数时，不可为 null 的 属性 "PluginDescription" 必须包含非 null 值。请考虑添加 "required" 修饰符或将该 属性 声明为可为 null。 [D:\C#\VM\VisionMaster\VisionMaster.csproj]
D:\C#\VM\VisionMaster\ViewModels\DialogViewModels\PluginConfigShellViewModel.cs(39,16): warning CS8618: 在退出构造函数时，不可为 null 的 属性 "PluginViewContent" 必须包含非 null 值。请考虑添加 "required" 修饰符或将该 属性 声明为可为 null。 [D:\C#\VM\VisionMaster\VisionMaster.csproj]
D:\C#\VM\VisionMaster\ViewModels\DialogViewModels\PluginConfigShellViewModel.cs(94,29): warning CS8625: 无法将 null 字面量转换为非 null 的引用类型。 [D:\C#\VM\VisionMaster\VisionMaster.csproj]
D:\C#\VM\VisionMaster\ViewModels\DialogViewModels\PluginConfigShellViewModel.cs(109,27): warning CS8625: 无法将 null 字面量转换为非 null 的引用类型。 [D:\C#\VM\VisionMaster\VisionMaster.csproj]
D:\C#\VM\VisionMaster\ViewModels\DialogViewModels\PluginConfigShellViewModel.cs(110,31): warning CS8625: 无法将 null 字面量转换为非 null 的引用类型。 [D:\C#\VM\VisionMaster\VisionMaster.csproj]
D:\C#\VM\VisionMaster\ViewModels\DialogViewModels\PluginConfigShellViewModel.cs(111,37): warning CS8625: 无法将 null 字面量转换为非 null 的引用类型。 [D:\C#\VM\VisionMaster\VisionMaster.csproj]
D:\C#\VM\VisionMaster\ViewModels\DialogViewModels\PluginConfigShellViewModel.cs(113,28): warning CS8625: 无法将 null 字面量转换为非 null 的引用类型。 [D:\C#\VM\VisionMaster\VisionMaster.csproj]
D:\C#\VM\VisionMaster\Views\DialogViews\ConditionEditorView.xaml.cs(52,41): warning CS8622: “void ConditionEditorView.Vm_BranchChanged(object sender, StepCollection e)”的参数“sender”类型中引用类型的为 Null 性与目标委托“EventHandler<StepCollection>”不匹配(可能是由于为 Null 性特性)。 [D:\C#\VM\VisionMaster\VisionMaster.csproj]
D:\C#\VM\VisionMaster\Views\DialogViews\ConditionEditorView.xaml.cs(53,41): warning CS8622: “void ConditionEditorView.Vm_BranchChanged(object sender, StepCollection e)”的参数“sender”类型中引用类型的为 Null 性与目标委托“EventHandler<StepCollection>”不匹配(可能是由于为 Null 性特性)。 [D:\C#\VM\VisionMaster\VisionMaster.csproj]
D:\C#\VM\VisionMaster\Views\DialogViews\ConditionEditorView.xaml.cs(55,55): warning CS8622: “void ConditionEditorView.Variables_CollectionChanged(object sender, NotifyCollectionChangedEventArgs e)”的参数“sender”类型中引用类型的为 Null 性与目标委托“NotifyCollectionChangedEventHandler”不匹配(可能是由于为 Null 性特性)。 [D:\C#\VM\VisionMaster\VisionMaster.csproj]
D:\C#\VM\VisionMaster\Views\DialogViews\ConditionEditorView.xaml.cs(56,55): warning CS8622: “void ConditionEditorView.Variables_CollectionChanged(object sender, NotifyCollectionChangedEventArgs e)”的参数“sender”类型中引用类型的为 Null 性与目标委托“NotifyCollectionChangedEventHandler”不匹配(可能是由于为 Null 性特性)。 [D:\C#\VM\VisionMaster\VisionMaster.csproj]
D:\C#\VM\VisionMaster\Views\DialogViews\ConditionEditorView.xaml.cs(36,16): warning CS8618: 在退出构造函数时，不可为 null 的 字段 "_completionWindow" 必须包含非 null 值。请考虑添加 "required" 修饰符或将该 字段 声明为可为 null。 [D:\C#\VM\VisionMaster\VisionMaster.csproj]
D:\C#\VM\VisionMaster\ViewModels\DialogViewModels\PluginConfigShellViewModel.cs(122,76): warning CS8600: 将 null 文本或可能的 null 值转换为不可为 null 类型。 [D:\C#\VM\VisionMaster\VisionMaster.csproj]
D:\C#\VM\VisionMaster\ViewModels\DialogViewModels\PluginConfigShellViewModel.cs(129,31): warning CS8601: 可能的 null 引用赋值。 [D:\C#\VM\VisionMaster\VisionMaster.csproj]
D:\C#\VM\VisionMaster\Views\DialogViews\ConditionEditorView.xaml.cs(178,76): warning CS8625: 无法将 null 字面量转换为非 null 的引用类型。 [D:\C#\VM\VisionMaster\VisionMaster.csproj]
D:\C#\VM\VisionMaster\Views\DialogViews\ConditionEditorView.xaml.cs(182,37): warning CS8625: 无法将 null 字面量转换为非 null 的引用类型。 [D:\C#\VM\VisionMaster\VisionMaster.csproj]
D:\C#\VM\VisionMaster\Views\DialogViews\ConditionEditorView.xaml.cs(191,40): warning CS8622: “void ConditionEditorView.Vm_BranchChanged(object sender, StepCollection e)”的参数“sender”类型中引用类型的为 Null 性与目标委托“EventHandler<StepCollection>”不匹配(可能是由于为 Null 性特性)。 [D:\C#\VM\VisionMaster\VisionMaster.csproj]
D:\C#\VM\VisionMaster\Views\DialogViews\ConditionEditorView.xaml.cs(192,54): warning CS8622: “void ConditionEditorView.Variables_CollectionChanged(object sender, NotifyCollectionChangedEventArgs e)”的参数“sender”类型中引用类型的为 Null 性与目标委托“NotifyCollectionChangedEventHandler”不匹配(可能是由于为 Null 性特性)。 [D:\C#\VM\VisionMaster\VisionMaster.csproj]
D:\C#\VM\VisionMaster\Views\DialogViews\ConditionEditorView.xaml.cs(198,40): warning CS8622: “void ConditionEditorView.Vm_BranchChanged(object sender, StepCollection e)”的参数“sender”类型中引用类型的为 Null 性与目标委托“EventHandler<StepCollection>”不匹配(可能是由于为 Null 性特性)。 [D:\C#\VM\VisionMaster\VisionMaster.csproj]
D:\C#\VM\VisionMaster\Views\DialogViews\ConditionEditorView.xaml.cs(199,54): warning CS8622: “void ConditionEditorView.Variables_CollectionChanged(object sender, NotifyCollectionChangedEventArgs e)”的参数“sender”类型中引用类型的为 Null 性与目标委托“NotifyCollectionChangedEventHandler”不匹配(可能是由于为 Null 性特性)。 [D:\C#\VM\VisionMaster\VisionMaster.csproj]
D:\C#\VM\VisionMaster\Views\DialogViews\ConditionEditorView.xaml.cs(218,46): warning CS8622: “void ConditionEditorView.VariableItem_PropertyChanged(object sender, PropertyChangedEventArgs e)”的参数“sender”类型中引用类型的为 Null 性与目标委托“PropertyChangedEventHandler”不匹配(可能是由于为 Null 性特性)。 [D:\C#\VM\VisionMaster\VisionMaster.csproj]
D:\C#\VM\VisionMaster\Views\DialogViews\ConditionEditorView.xaml.cs(219,46): warning CS8622: “void ConditionEditorView.VariableItem_PropertyChanged(object sender, PropertyChangedEventArgs e)”的参数“sender”类型中引用类型的为 Null 性与目标委托“PropertyChangedEventHandler”不匹配(可能是由于为 Null 性特性)。 [D:\C#\VM\VisionMaster\VisionMaster.csproj]
D:\C#\VM\VisionMaster\ViewModels\DialogViewModels\PluginConfigShellViewModel.cs(287,29): warning CS8625: 无法将 null 字面量转换为非 null 的引用类型。 [D:\C#\VM\VisionMaster\VisionMaster.csproj]
D:\C#\VM\VisionMaster\ViewModels\DialogViewModels\PluginConfigShellViewModel.cs(309,46): warning CS8600: 将 null 文本或可能的 null 值转换为不可为 null 类型。 [D:\C#\VM\VisionMaster\VisionMaster.csproj]
D:\C#\VM\VisionMaster\ViewModels\DialogViewModels\PluginConfigShellViewModel.cs(310,39): warning CS8600: 将 null 文本或可能的 null 值转换为不可为 null 类型。 [D:\C#\VM\VisionMaster\VisionMaster.csproj]
D:\C#\VM\VisionMaster\ViewModels\DialogViewModels\PluginConfigShellViewModel.cs(311,35): warning CS8600: 将 null 文本或可能的 null 值转换为不可为 null 类型。 [D:\C#\VM\VisionMaster\VisionMaster.csproj]
D:\C#\VM\VisionMaster\ViewModels\DialogViewModels\PluginConfigShellViewModel.cs(335,69): warning CS8604: “void PluginConfigShellViewModel.CompleteExecute(int runId, PluginExecuteResult result, FlowSession session, bool cancelled, Exception error)”中的形参“result”可能传入 null 引用实参。 [D:\C#\VM\VisionMaster\VisionMaster.csproj]
D:\C#\VM\VisionMaster\ViewModels\DialogViewModels\PluginConfigShellViewModel.cs(335,77): warning CS8604: “void PluginConfigShellViewModel.CompleteExecute(int runId, PluginExecuteResult result, FlowSession session, bool cancelled, Exception error)”中的形参“session”可能传入 null 引用实参。 [D:\C#\VM\VisionMaster\VisionMaster.csproj]
D:\C#\VM\VisionMaster\ViewModels\DialogViewModels\PluginConfigShellViewModel.cs(335,97): warning CS8604: “void PluginConfigShellViewModel.CompleteExecute(int runId, PluginExecuteResult result, FlowSession session, bool cancelled, Exception error)”中的形参“error”可能传入 null 引用实参。 [D:\C#\VM\VisionMaster\VisionMaster.csproj]
D:\C#\VM\VisionMaster\Views\ScadaRuntimeWindow.xaml.cs(41,23): warning CS8622: “void ScadaRuntimeWindow.OnWindowClosed(object sender, EventArgs e)”的参数“sender”类型中引用类型的为 Null 性与目标委托“EventHandler”不匹配(可能是由于为 Null 性特性)。 [D:\C#\VM\VisionMaster\VisionMaster.csproj]
D:\C#\VM\VisionMaster\Views\ProcessView.xaml.cs(72,28): warning CS8603: 可能返回 null 引用。 [D:\C#\VM\VisionMaster\VisionMaster.csproj]
D:\C#\VM\VisionMaster\Views\ProcessView.xaml.cs(77,20): warning CS8603: 可能返回 null 引用。 [D:\C#\VM\VisionMaster\VisionMaster.csproj]
D:\C#\VM\VisionMaster\ShellViewModel.cs(505,29): warning CS0169: 从不使用字段“ShellViewModel._currentSession” [D:\C#\VM\VisionMaster\VisionMaster.csproj]
D:\C#\VM\ScadaChecks\Program.cs(2199,30): warning CS8600: 将 null 文本或可能的 null 值转换为不可为 null 类型。 [D:\C#\VM\ScadaChecks\ScadaChecks.csproj]
D:\C#\VM\ScadaChecks\Program.cs(2214,30): warning CS8600: 将 null 文本或可能的 null 值转换为不可为 null 类型。 [D:\C#\VM\ScadaChecks\ScadaChecks.csproj]
D:\C#\VM\ScadaChecks\Program.cs(4267,61): warning CS8602: 解引用可能出现空引用。 [D:\C#\VM\ScadaChecks\ScadaChecks.csproj]
D:\C#\VM\ScadaChecks\Program.cs(6972,17): warning CS8602: 解引用可能出现空引用。 [D:\C#\VM\ScadaChecks\ScadaChecks.csproj]
D:\C#\VM\ScadaChecks\Program.cs(15697,77): warning CS8600: 将 null 文本或可能的 null 值转换为不可为 null 类型。 [D:\C#\VM\ScadaChecks\ScadaChecks.csproj]
D:\C#\VM\ScadaChecks\Program.cs(15698,81): warning CS8600: 将 null 文本或可能的 null 值转换为不可为 null 类型。 [D:\C#\VM\ScadaChecks\ScadaChecks.csproj]
D:\C#\VM\ScadaChecks\Program.cs(15703,76): warning CS8600: 将 null 文本或可能的 null 值转换为不可为 null 类型。 [D:\C#\VM\ScadaChecks\ScadaChecks.csproj]
D:\C#\VM\ScadaChecks\Program.cs(15704,69): warning CS8600: 将 null 文本或可能的 null 值转换为不可为 null 类型。 [D:\C#\VM\ScadaChecks\ScadaChecks.csproj]
D:\C#\VM\ScadaChecks\Program.cs(15706,27): warning CS8602: 解引用可能出现空引用。 [D:\C#\VM\ScadaChecks\ScadaChecks.csproj]
D:\C#\VM\ScadaChecks\Program.cs(15706,63): warning CS8602: 解引用可能出现空引用。 [D:\C#\VM\ScadaChecks\ScadaChecks.csproj]
D:\C#\VM\ScadaChecks\Program.cs(15714,86): warning CS8600: 将 null 文本或可能的 null 值转换为不可为 null 类型。 [D:\C#\VM\ScadaChecks\ScadaChecks.csproj]
D:\C#\VM\ScadaChecks\Program.cs(15715,86): warning CS8600: 将 null 文本或可能的 null 值转换为不可为 null 类型。 [D:\C#\VM\ScadaChecks\ScadaChecks.csproj]
D:\C#\VM\ScadaChecks\Program.cs(15746,75): warning CS8600: 将 null 文本或可能的 null 值转换为不可为 null 类型。 [D:\C#\VM\ScadaChecks\ScadaChecks.csproj]
D:\C#\VM\ScadaChecks\Program.cs(15751,73): warning CS8600: 将 null 文本或可能的 null 值转换为不可为 null 类型。 [D:\C#\VM\ScadaChecks\ScadaChecks.csproj]
D:\C#\VM\ScadaChecks\Program.cs(15751,93): warning CS8602: 解引用可能出现空引用。 [D:\C#\VM\ScadaChecks\ScadaChecks.csproj]
D:\C#\VM\ScadaChecks\Program.cs(15752,17): warning CS8604: “void Program.Check(string name, bool ok, string detail)”中的形参“detail”可能传入 null 引用实参。 [D:\C#\VM\ScadaChecks\ScadaChecks.csproj]
D:\C#\VM\ScadaChecks\Program.cs(15755,77): warning CS8600: 将 null 文本或可能的 null 值转换为不可为 null 类型。 [D:\C#\VM\ScadaChecks\ScadaChecks.csproj]
D:\C#\VM\ScadaChecks\Program.cs(15772,83): warning CS8600: 将 null 文本或可能的 null 值转换为不可为 null 类型。 [D:\C#\VM\ScadaChecks\ScadaChecks.csproj]
D:\C#\VM\ScadaChecks\Program.cs(15773,20): warning CS8602: 解引用可能出现空引用。 [D:\C#\VM\ScadaChecks\ScadaChecks.csproj]
D:\C#\VM\ScadaChecks\Program.cs(15774,17): warning CS8604: “void Program.Check(string name, bool ok, string detail)”中的形参“detail”可能传入 null 引用实参。 [D:\C#\VM\ScadaChecks\ScadaChecks.csproj]
D:\C#\VM\ScadaChecks\Program.cs(15776,91): warning CS8600: 将 null 文本或可能的 null 值转换为不可为 null 类型。 [D:\C#\VM\ScadaChecks\ScadaChecks.csproj]
D:\C#\VM\ScadaChecks\Program.cs(15777,79): warning CS8600: 将 null 文本或可能的 null 值转换为不可为 null 类型。 [D:\C#\VM\ScadaChecks\ScadaChecks.csproj]
D:\C#\VM\ScadaChecks\Program.cs(15785,54): warning CS8600: 将 null 文本或可能的 null 值转换为不可为 null 类型。 [D:\C#\VM\ScadaChecks\ScadaChecks.csproj]
D:\C#\VM\ScadaChecks\Program.cs(15785,75): warning CS8602: 解引用可能出现空引用。 [D:\C#\VM\ScadaChecks\ScadaChecks.csproj]
D:\C#\VM\ScadaChecks\Program.cs(15786,17): warning CS8604: “void Program.Check(string name, bool ok, string detail)”中的形参“detail”可能传入 null 引用实参。 [D:\C#\VM\ScadaChecks\ScadaChecks.csproj]
D:\C#\VM\ScadaChecks\Program.cs(15789,71): warning CS8600: 将 null 文本或可能的 null 值转换为不可为 null 类型。 [D:\C#\VM\ScadaChecks\ScadaChecks.csproj]
D:\C#\VM\ScadaChecks\Program.cs(15790,20): warning CS8602: 解引用可能出现空引用。 [D:\C#\VM\ScadaChecks\ScadaChecks.csproj]
D:\C#\VM\ScadaChecks\Program.cs(15793,17): warning CS8604: “void Program.Check(string name, bool ok, string detail)”中的形参“detail”可能传入 null 引用实参。 [D:\C#\VM\ScadaChecks\ScadaChecks.csproj]
D:\C#\VM\ScadaChecks\Program.cs(15796,75): warning CS8600: 将 null 文本或可能的 null 值转换为不可为 null 类型。 [D:\C#\VM\ScadaChecks\ScadaChecks.csproj]
D:\C#\VM\ScadaChecks\Program.cs(15800,81): warning CS8600: 将 null 文本或可能的 null 值转换为不可为 null 类型。 [D:\C#\VM\ScadaChecks\ScadaChecks.csproj]
D:\C#\VM\ScadaChecks\Program.cs(15807,50): warning CS8600: 将 null 文本或可能的 null 值转换为不可为 null 类型。 [D:\C#\VM\ScadaChecks\ScadaChecks.csproj]
D:\C#\VM\ScadaChecks\Program.cs(15822,69): warning CS8600: 将 null 文本或可能的 null 值转换为不可为 null 类型。 [D:\C#\VM\ScadaChecks\ScadaChecks.csproj]
D:\C#\VM\ScadaChecks\Program.cs(15823,20): warning CS8602: 解引用可能出现空引用。 [D:\C#\VM\ScadaChecks\ScadaChecks.csproj]
D:\C#\VM\ScadaChecks\Program.cs(15824,17): warning CS8604: “void Program.Check(string name, bool ok, string detail)”中的形参“detail”可能传入 null 引用实参。 [D:\C#\VM\ScadaChecks\ScadaChecks.csproj]
D:\C#\VM\ScadaChecks\Program.cs(15864,84): warning CS8600: 将 null 文本或可能的 null 值转换为不可为 null 类型。 [D:\C#\VM\ScadaChecks\ScadaChecks.csproj]
D:\C#\VM\ScadaChecks\Program.cs(15979,80): warning CS8600: 将 null 文本或可能的 null 值转换为不可为 null 类型。 [D:\C#\VM\ScadaChecks\ScadaChecks.csproj]
D:\C#\VM\ScadaChecks\Program.cs(16446,52): warning CS8604: “void Program.Check(string name, bool ok, string detail)”中的形参“detail”可能传入 null 引用实参。 [D:\C#\VM\ScadaChecks\ScadaChecks.csproj]
D:\C#\VM\FlowCanvasChecks\HttpImageSmoke.cs(519,88): warning CS8625: 无法将 null 字面量转换为非 null 的引用类型。 [D:\C#\VM\FlowCanvasChecks\FlowCanvasChecks.csproj]
D:\C#\VM\FlowCanvasChecks\DebugChecks.cs(86,63): warning CS8625: 无法将 null 字面量转换为非 null 的引用类型。 [D:\C#\VM\FlowCanvasChecks\FlowCanvasChecks.csproj]
D:\C#\VM\FlowCanvasChecks\DebugChecks.cs(114,35): warning CS8600: 将 null 文本或可能的 null 值转换为不可为 null 类型。 [D:\C#\VM\FlowCanvasChecks\FlowCanvasChecks.csproj]
D:\C#\VM\FlowCanvasChecks\DebugChecks.cs(128,56): warning CS8602: 解引用可能出现空引用。 [D:\C#\VM\FlowCanvasChecks\FlowCanvasChecks.csproj]
D:\C#\VM\FlowCanvasChecks\ColorCheckRoiCheck.cs(72,64): warning CS8604: “double[] ColorCheckRoiCheck.GetTuples(object roi)”中的形参“roi”可能传入 null 引用实参。 [D:\C#\VM\FlowCanvasChecks\FlowCanvasChecks.csproj]
D:\C#\VM\FlowCanvasChecks\ColorCheckRoiCheck.cs(73,68): warning CS8604: “double[] ColorCheckRoiCheck.GetTuples(object roi)”中的形参“roi”可能传入 null 引用实参。 [D:\C#\VM\FlowCanvasChecks\FlowCanvasChecks.csproj]
D:\C#\VM\FlowCanvasChecks\ColorCheckRoiCheck.cs(112,66): warning CS8604: “double[] ColorCheckRoiCheck.GetTuples(object roi)”中的形参“roi”可能传入 null 引用实参。 [D:\C#\VM\FlowCanvasChecks\FlowCanvasChecks.csproj]
D:\C#\VM\FlowCanvasChecks\ColorCheckRoiCheck.cs(114,50): warning CS8604: “double[] ColorCheckRoiCheck.GetTuples(object roi)”中的形参“roi”可能传入 null 引用实参。 [D:\C#\VM\FlowCanvasChecks\FlowCanvasChecks.csproj]
D:\C#\VM\FlowCanvasChecks\CreateRoiChecks.cs(191,87): warning CS8604: “double CreateRoiChecks.GrayAt(HImage img, int row, int col)”中的形参“img”可能传入 null 引用实参。 [D:\C#\VM\FlowCanvasChecks\FlowCanvasChecks.csproj]
D:\C#\VM\FlowCanvasChecks\CreateRoiChecks.cs(195,80): warning CS8604: “double CreateRoiChecks.GrayAt(HImage img, int row, int col)”中的形参“img”可能传入 null 引用实参。 [D:\C#\VM\FlowCanvasChecks\FlowCanvasChecks.csproj]
D:\C#\VM\FlowCanvasChecks\CreateRoiChecks.cs(197,82): warning CS8604: “double CreateRoiChecks.GrayAt(HImage img, int row, int col)”中的形参“img”可能传入 null 引用实参。 [D:\C#\VM\FlowCanvasChecks\FlowCanvasChecks.csproj]
D:\C#\VM\FlowCanvasChecks\CreateRoiChecks.cs(206,17): warning CS8602: 解引用可能出现空引用。 [D:\C#\VM\FlowCanvasChecks\FlowCanvasChecks.csproj]
D:\C#\VM\FlowCanvasChecks\CreateRoiChecks.cs(206,35): warning CS8602: 解引用可能出现空引用。 [D:\C#\VM\FlowCanvasChecks\FlowCanvasChecks.csproj]
D:\C#\VM\FlowCanvasChecks\CreateRoiChecks.cs(206,51): warning CS8602: 解引用可能出现空引用。 [D:\C#\VM\FlowCanvasChecks\FlowCanvasChecks.csproj]
D:\C#\VM\FlowCanvasChecks\CreateRoiChecks.cs(206,66): warning CS8602: 解引用可能出现空引用。 [D:\C#\VM\FlowCanvasChecks\FlowCanvasChecks.csproj]
D:\C#\VM\FlowCanvasChecks\CreateRoiChecks.cs(206,83): warning CS8602: 解引用可能出现空引用。 [D:\C#\VM\FlowCanvasChecks\FlowCanvasChecks.csproj]
D:\C#\VM\FlowCanvasChecks\BlobDetectChecks.cs(430,32): warning CS8625: 无法将 null 字面量转换为非 null 的引用类型。 [D:\C#\VM\FlowCanvasChecks\FlowCanvasChecks.csproj]
D:\C#\VM\FlowCanvasChecks\ExecutionChecks.cs(174,60): warning CS8625: 无法将 null 字面量转换为非 null 的引用类型。 [D:\C#\VM\FlowCanvasChecks\FlowCanvasChecks.csproj]
D:\C#\VM\FlowCanvasChecks\HikvisionChecks.cs(100,30): warning CS0168: 声明了变量“ex”，但从未使用过 [D:\C#\VM\FlowCanvasChecks\FlowCanvasChecks.csproj]
D:\C#\VM\FlowCanvasChecks\ExecutionChecks.cs(280,36): warning CS8600: 将 null 文本或可能的 null 值转换为不可为 null 类型。 [D:\C#\VM\FlowCanvasChecks\FlowCanvasChecks.csproj]
D:\C#\VM\FlowCanvasChecks\GlobalVariableChecks.cs(208,31): warning CS8601: 可能的 null 引用赋值。 [D:\C#\VM\FlowCanvasChecks\FlowCanvasChecks.csproj]
D:\C#\VM\FlowCanvasChecks\HttpImageSmoke.cs(84,31): warning CS8600: 将 null 文本或可能的 null 值转换为不可为 null 类型。 [D:\C#\VM\FlowCanvasChecks\FlowCanvasChecks.csproj]
D:\C#\VM\FlowCanvasChecks\HttpImageSmoke.cs(88,30): warning CS8600: 将 null 文本或可能的 null 值转换为不可为 null 类型。 [D:\C#\VM\FlowCanvasChecks\FlowCanvasChecks.csproj]
D:\C#\VM\FlowCanvasChecks\HttpImageSmoke.cs(97,17): warning CS8604: “void Program.Check(string name, bool ok, string detail)”中的形参“detail”可能传入 null 引用实参。 [D:\C#\VM\FlowCanvasChecks\FlowCanvasChecks.csproj]
D:\C#\VM\FlowCanvasChecks\HttpImageSmoke.cs(126,51): warning CS8604: “ActionStep.ActionStep(string icon, string pluginName, string pluginTypeName, string stepName = null)”中的形参“pluginTypeName”可能传入 null 引用实参。 [D:\C#\VM\FlowCanvasChecks\FlowCanvasChecks.csproj]
D:\C#\VM\FlowCanvasChecks\HttpImageSmoke.cs(130,54): warning CS8604: “object Enum.ToObject(Type enumType, int value)”中的形参“enumType”可能传入 null 引用实参。 [D:\C#\VM\FlowCanvasChecks\FlowCanvasChecks.csproj]
D:\C#\VM\FlowCanvasChecks\HttpImageSmoke.cs(147,73): warning CS8625: 无法将 null 字面量转换为非 null 的引用类型。 [D:\C#\VM\FlowCanvasChecks\FlowCanvasChecks.csproj]
D:\C#\VM\FlowCanvasChecks\GlobalVariableChecks.cs(237,37): warning CS8601: 可能的 null 引用赋值。 [D:\C#\VM\FlowCanvasChecks\FlowCanvasChecks.csproj]
D:\C#\VM\FlowCanvasChecks\GlobalVariableChecks.cs(238,30): warning CS8601: 可能的 null 引用赋值。 [D:\C#\VM\FlowCanvasChecks\FlowCanvasChecks.csproj]
D:\C#\VM\FlowCanvasChecks\MatchingChecks.cs(853,65): warning CS8603: 可能返回 null 引用。 [D:\C#\VM\FlowCanvasChecks\FlowCanvasChecks.csproj]
D:\C#\VM\FlowCanvasChecks\MatchingChecks.cs(854,63): warning CS8603: 可能返回 null 引用。 [D:\C#\VM\FlowCanvasChecks\FlowCanvasChecks.csproj]
D:\C#\VM\FlowCanvasChecks\CreateRoiChecks.cs(639,69): warning CS8603: 可能返回 null 引用。 [D:\C#\VM\FlowCanvasChecks\FlowCanvasChecks.csproj]
D:\C#\VM\FlowCanvasChecks\CreateRoiChecks.cs(640,67): warning CS8603: 可能返回 null 引用。 [D:\C#\VM\FlowCanvasChecks\FlowCanvasChecks.csproj]
D:\C#\VM\FlowCanvasChecks\ExecutionChecks.cs(447,30): warning CS8600: 将 null 文本或可能的 null 值转换为不可为 null 类型。 [D:\C#\VM\FlowCanvasChecks\FlowCanvasChecks.csproj]
D:\C#\VM\FlowCanvasChecks\ExecutionChecks.cs(499,38): warning CS8600: 将 null 文本或可能的 null 值转换为不可为 null 类型。 [D:\C#\VM\FlowCanvasChecks\FlowCanvasChecks.csproj]
D:\C#\VM\FlowCanvasChecks\ExecutionChecks.cs(528,39): warning CS8600: 将 null 文本或可能的 null 值转换为不可为 null 类型。 [D:\C#\VM\FlowCanvasChecks\FlowCanvasChecks.csproj]
D:\C#\VM\FlowCanvasChecks\HttpImageSmoke.cs(301,77): warning CS8625: 无法将 null 字面量转换为非 null 的引用类型。 [D:\C#\VM\FlowCanvasChecks\FlowCanvasChecks.csproj]
D:\C#\VM\FlowCanvasChecks\OcrChecks.cs(196,30): warning CS8600: 将 null 文本或可能的 null 值转换为不可为 null 类型。 [D:\C#\VM\FlowCanvasChecks\FlowCanvasChecks.csproj]
D:\C#\VM\FlowCanvasChecks\OcrChecks.cs(271,37): warning CS8600: 将 null 文本或可能的 null 值转换为不可为 null 类型。 [D:\C#\VM\FlowCanvasChecks\FlowCanvasChecks.csproj]
D:\C#\VM\FlowCanvasChecks\ExecutionChecks.cs(617,78): warning CS8625: 无法将 null 字面量转换为非 null 的引用类型。 [D:\C#\VM\FlowCanvasChecks\FlowCanvasChecks.csproj]
D:\C#\VM\FlowCanvasChecks\ExecutionChecks.cs(687,34): warning CS8600: 将 null 文本或可能的 null 值转换为不可为 null 类型。 [D:\C#\VM\FlowCanvasChecks\FlowCanvasChecks.csproj]
D:\C#\VM\FlowCanvasChecks\ExecutionChecks.cs(694,47): warning CS8625: 无法将 null 字面量转换为非 null 的引用类型。 [D:\C#\VM\FlowCanvasChecks\FlowCanvasChecks.csproj]
D:\C#\VM\FlowCanvasChecks\ExecutionChecks.cs(700,34): warning CS8600: 将 null 文本或可能的 null 值转换为不可为 null 类型。 [D:\C#\VM\FlowCanvasChecks\FlowCanvasChecks.csproj]
D:\C#\VM\FlowCanvasChecks\HttpImageSmoke.cs(562,20): warning CS8603: 可能返回 null 引用。 [D:\C#\VM\FlowCanvasChecks\FlowCanvasChecks.csproj]
D:\C#\VM\FlowCanvasChecks\HttpImageSmoke.cs(568,20): warning CS8603: 可能返回 null 引用。 [D:\C#\VM\FlowCanvasChecks\FlowCanvasChecks.csproj]
D:\C#\VM\FlowCanvasChecks\VariableBindingCheck.cs(53,85): warning CS8601: 可能的 null 引用赋值。 [D:\C#\VM\FlowCanvasChecks\FlowCanvasChecks.csproj]
D:\C#\VM\FlowCanvasChecks\VariableBindingCheck.cs(92,36): warning CS8601: 可能的 null 引用赋值。 [D:\C#\VM\FlowCanvasChecks\FlowCanvasChecks.csproj]
D:\C#\VM\FlowCanvasChecks\VariableBindingCheck.cs(96,36): warning CS8601: 可能的 null 引用赋值。 [D:\C#\VM\FlowCanvasChecks\FlowCanvasChecks.csproj]
D:\C#\VM\FlowCanvasChecks\VariableBindingCheck.cs(100,36): warning CS8601: 可能的 null 引用赋值。 [D:\C#\VM\FlowCanvasChecks\FlowCanvasChecks.csproj]
D:\C#\VM\FlowCanvasChecks\VariableBindingCheck.cs(133,82): warning CS8601: 可能的 null 引用赋值。 [D:\C#\VM\FlowCanvasChecks\FlowCanvasChecks.csproj]
D:\C#\VM\FlowCanvasChecks\VariableBindingCheck.cs(134,83): warning CS8601: 可能的 null 引用赋值。 [D:\C#\VM\FlowCanvasChecks\FlowCanvasChecks.csproj]
D:\C#\VM\FlowCanvasChecks\VariableBindingCheck.cs(135,79): warning CS8601: 可能的 null 引用赋值。 [D:\C#\VM\FlowCanvasChecks\FlowCanvasChecks.csproj]
D:\C#\VM\FlowCanvasChecks\ExecutionChecks.cs(876,60): warning CS8625: 无法将 null 字面量转换为非 null 的引用类型。 [D:\C#\VM\FlowCanvasChecks\FlowCanvasChecks.csproj]
D:\C#\VM\FlowCanvasChecks\ExecutionChecks.cs(975,33): warning CS8600: 将 null 文本或可能的 null 值转换为不可为 null 类型。 [D:\C#\VM\FlowCanvasChecks\FlowCanvasChecks.csproj]
D:\C#\VM\FlowCanvasChecks\ExecutionChecks.cs(986,33): warning CS8600: 将 null 文本或可能的 null 值转换为不可为 null 类型。 [D:\C#\VM\FlowCanvasChecks\FlowCanvasChecks.csproj]
D:\C#\VM\FlowCanvasChecks\Program.cs(449,36): warning CS8625: 无法将 null 字面量转换为非 null 的引用类型。 [D:\C#\VM\FlowCanvasChecks\FlowCanvasChecks.csproj]
C:\Program Files\dotnet\sdk\9.0.318\Microsoft.Common.CurrentVersion.targets(5093,5): warning MSB3026: 无法将“D:\C#\VM\Core\bin\Debug\net9.0-windows\VM.Core.dll”复制到“bin\Debug\net9.0-windows\VM.Core.dll”。1000 毫秒后将开始第 1 次重试。The process cannot access the file 'D:\C#\VM\ScadaChecks\bin\Debug\net9.0-windows\VM.Core.dll' because it is being used by another process. 文件被“ScadaChecks (32184)”锁定。 [D:\C#\VM\ScadaChecks\ScadaChecks.csproj]
C:\Program Files\dotnet\sdk\9.0.318\Microsoft.Common.CurrentVersion.targets(5093,5): warning MSB3026: 无法将“D:\C#\VM\VisionMaster\bin\Debug\net9.0-windows\VisionMaster.dll”复制到“bin\Debug\net9.0-windows\VisionMaster.dll”。1000 毫秒后将开始第 1 次重试。The process cannot access the file 'D:\C#\VM\ScadaChecks\bin\Debug\net9.0-windows\VisionMaster.dll' because it is being used by another process. 文件被“ScadaChecks (32184)”锁定。 [D:\C#\VM\ScadaChecks\ScadaChecks.csproj]
C:\Program Files\dotnet\sdk\9.0.318\Microsoft.Common.CurrentVersion.targets(5093,5): warning MSB3026: 无法将“D:\C#\VM\UI\Controls\bin\Debug\net9.0-windows\UI.dll”复制到“bin\Debug\net9.0-windows\UI.dll”。1000 毫秒后将开始第 1 次重试。The process cannot access the file 'D:\C#\VM\ScadaChecks\bin\Debug\net9.0-windows\UI.dll' because it is being used by another process. 文件被“ScadaChecks (32184)”锁定。 [D:\C#\VM\ScadaChecks\ScadaChecks.csproj]
C:\Program Files\dotnet\sdk\9.0.318\Microsoft.Common.CurrentVersion.targets(5093,5): warning MSB3026: 无法将“D:\C#\VM\Communication\bin\Debug\net9.0-windows\VM.Communication.dll”复制到“bin\Debug\net9.0-windows\VM.Communication.dll”。1000 毫秒后将开始第 1 次重试。The process cannot access the file 'D:\C#\VM\ScadaChecks\bin\Debug\net9.0-windows\VM.Communication.dll' because it is being used by another process. 文件被“ScadaChecks (32184)”锁定。 [D:\C#\VM\ScadaChecks\ScadaChecks.csproj]
C:\Program Files\dotnet\sdk\9.0.318\Microsoft.Common.CurrentVersion.targets(5093,5): warning MSB3026: 无法将“D:\C#\VM\VisionMaster\bin\Debug\net9.0-windows\VisionMaster.dll”复制到“bin\Debug\net9.0-windows\VisionMaster.dll”。1000 毫秒后将开始第 2 次重试。The process cannot access the file 'D:\C#\VM\ScadaChecks\bin\Debug\net9.0-windows\VisionMaster.dll' because it is being used by another process. 文件被“ScadaChecks (32184)”锁定。 [D:\C#\VM\ScadaChecks\ScadaChecks.csproj]
C:\Program Files\dotnet\sdk\9.0.318\Microsoft.Common.CurrentVersion.targets(5093,5): warning MSB3026: 无法将“D:\C#\VM\Communication\bin\Debug\net9.0-windows\VM.Communication.dll”复制到“bin\Debug\net9.0-windows\VM.Communication.dll”。1000 毫秒后将开始第 2 次重试。The process cannot access the file 'D:\C#\VM\ScadaChecks\bin\Debug\net9.0-windows\VM.Communication.dll' because it is being used by another process. 文件被“ScadaChecks (32184)”锁定。 [D:\C#\VM\ScadaChecks\ScadaChecks.csproj]
C:\Program Files\dotnet\sdk\9.0.318\Microsoft.Common.CurrentVersion.targets(5093,5): warning MSB3026: 无法将“D:\C#\VM\UI\Controls\bin\Debug\net9.0-windows\UI.dll”复制到“bin\Debug\net9.0-windows\UI.dll”。1000 毫秒后将开始第 2 次重试。The process cannot access the file 'D:\C#\VM\ScadaChecks\bin\Debug\net9.0-windows\UI.dll' because it is being used by another process. 文件被“ScadaChecks (32184)”锁定。 [D:\C#\VM\ScadaChecks\ScadaChecks.csproj]
C:\Program Files\dotnet\sdk\9.0.318\Microsoft.Common.CurrentVersion.targets(5093,5): warning MSB3026: 无法将“D:\C#\VM\Core\bin\Debug\net9.0-windows\VM.Core.dll”复制到“bin\Debug\net9.0-windows\VM.Core.dll”。1000 毫秒后将开始第 2 次重试。The process cannot access the file 'D:\C#\VM\ScadaChecks\bin\Debug\net9.0-windows\VM.Core.dll' because it is being used by another process. 文件被“ScadaChecks (32184)”锁定。 [D:\C#\VM\ScadaChecks\ScadaChecks.csproj]
C:\Program Files\dotnet\sdk\9.0.318\Microsoft.Common.CurrentVersion.targets(5093,5): warning MSB3026: 无法将“D:\C#\VM\VisionMaster\bin\Debug\net9.0-windows\VisionMaster.dll”复制到“bin\Debug\net9.0-windows\VisionMaster.dll”。1000 毫秒后将开始第 3 次重试。The process cannot access the file 'D:\C#\VM\ScadaChecks\bin\Debug\net9.0-windows\VisionMaster.dll' because it is being used by another process. 文件被“ScadaChecks (32184)”锁定。 [D:\C#\VM\ScadaChecks\ScadaChecks.csproj]
C:\Program Files\dotnet\sdk\9.0.318\Microsoft.Common.CurrentVersion.targets(5093,5): warning MSB3026: 无法将“D:\C#\VM\Communication\bin\Debug\net9.0-windows\VM.Communication.dll”复制到“bin\Debug\net9.0-windows\VM.Communication.dll”。1000 毫秒后将开始第 3 次重试。The process cannot access the file 'D:\C#\VM\ScadaChecks\bin\Debug\net9.0-windows\VM.Communication.dll' because it is being used by another process. 文件被“ScadaChecks (32184)”锁定。 [D:\C#\VM\ScadaChecks\ScadaChecks.csproj]
C:\Program Files\dotnet\sdk\9.0.318\Microsoft.Common.CurrentVersion.targets(5093,5): warning MSB3026: 无法将“D:\C#\VM\Core\bin\Debug\net9.0-windows\VM.Core.dll”复制到“bin\Debug\net9.0-windows\VM.Core.dll”。1000 毫秒后将开始第 3 次重试。The process cannot access the file 'D:\C#\VM\ScadaChecks\bin\Debug\net9.0-windows\VM.Core.dll' because it is being used by another process. 文件被“ScadaChecks (32184)”锁定。 [D:\C#\VM\ScadaChecks\ScadaChecks.csproj]
C:\Program Files\dotnet\sdk\9.0.318\Microsoft.Common.CurrentVersion.targets(5093,5): warning MSB3026: 无法将“D:\C#\VM\UI\Controls\bin\Debug\net9.0-windows\UI.dll”复制到“bin\Debug\net9.0-windows\UI.dll”。1000 毫秒后将开始第 3 次重试。The process cannot access the file 'D:\C#\VM\ScadaChecks\bin\Debug\net9.0-windows\UI.dll' because it is being used by another process. 文件被“ScadaChecks (32184)”锁定。 [D:\C#\VM\ScadaChecks\ScadaChecks.csproj]
C:\Program Files\dotnet\sdk\9.0.318\Microsoft.Common.CurrentVersion.targets(5093,5): warning MSB3026: 无法将“D:\C#\VM\VisionMaster\bin\Debug\net9.0-windows\VisionMaster.dll”复制到“bin\Debug\net9.0-windows\VisionMaster.dll”。1000 毫秒后将开始第 4 次重试。The process cannot access the file 'D:\C#\VM\ScadaChecks\bin\Debug\net9.0-windows\VisionMaster.dll' because it is being used by another process. 文件被“ScadaChecks (32184)”锁定。 [D:\C#\VM\ScadaChecks\ScadaChecks.csproj]
C:\Program Files\dotnet\sdk\9.0.318\Microsoft.Common.CurrentVersion.targets(5093,5): warning MSB3026: 无法将“D:\C#\VM\Communication\bin\Debug\net9.0-windows\VM.Communication.dll”复制到“bin\Debug\net9.0-windows\VM.Communication.dll”。1000 毫秒后将开始第 4 次重试。The process cannot access the file 'D:\C#\VM\ScadaChecks\bin\Debug\net9.0-windows\VM.Communication.dll' because it is being used by another process. 文件被“ScadaChecks (32184)”锁定。 [D:\C#\VM\ScadaChecks\ScadaChecks.csproj]
C:\Program Files\dotnet\sdk\9.0.318\Microsoft.Common.CurrentVersion.targets(5093,5): warning MSB3026: 无法将“D:\C#\VM\UI\Controls\bin\Debug\net9.0-windows\UI.dll”复制到“bin\Debug\net9.0-windows\UI.dll”。1000 毫秒后将开始第 4 次重试。The process cannot access the file 'D:\C#\VM\ScadaChecks\bin\Debug\net9.0-windows\UI.dll' because it is being used by another process. 文件被“ScadaChecks (32184)”锁定。 [D:\C#\VM\ScadaChecks\ScadaChecks.csproj]
C:\Program Files\dotnet\sdk\9.0.318\Microsoft.Common.CurrentVersion.targets(5093,5): warning MSB3026: 无法将“D:\C#\VM\Core\bin\Debug\net9.0-windows\VM.Core.dll”复制到“bin\Debug\net9.0-windows\VM.Core.dll”。1000 毫秒后将开始第 4 次重试。The process cannot access the file 'D:\C#\VM\ScadaChecks\bin\Debug\net9.0-windows\VM.Core.dll' because it is being used by another process. 文件被“ScadaChecks (32184)”锁定。 [D:\C#\VM\ScadaChecks\ScadaChecks.csproj]
C:\Program Files\dotnet\sdk\9.0.318\Microsoft.Common.CurrentVersion.targets(5093,5): warning MSB3026: 无法将“D:\C#\VM\VisionMaster\bin\Debug\net9.0-windows\VisionMaster.dll”复制到“bin\Debug\net9.0-windows\VisionMaster.dll”。1000 毫秒后将开始第 5 次重试。The process cannot access the file 'D:\C#\VM\ScadaChecks\bin\Debug\net9.0-windows\VisionMaster.dll' because it is being used by another process. 文件被“ScadaChecks (32184)”锁定。 [D:\C#\VM\ScadaChecks\ScadaChecks.csproj]
C:\Program Files\dotnet\sdk\9.0.318\Microsoft.Common.CurrentVersion.targets(5093,5): warning MSB3026: 无法将“D:\C#\VM\UI\Controls\bin\Debug\net9.0-windows\UI.dll”复制到“bin\Debug\net9.0-windows\UI.dll”。1000 毫秒后将开始第 5 次重试。The process cannot access the file 'D:\C#\VM\ScadaChecks\bin\Debug\net9.0-windows\UI.dll' because it is being used by another process. 文件被“ScadaChecks (32184)”锁定。 [D:\C#\VM\ScadaChecks\ScadaChecks.csproj]
C:\Program Files\dotnet\sdk\9.0.318\Microsoft.Common.CurrentVersion.targets(5093,5): warning MSB3026: 无法将“D:\C#\VM\Communication\bin\Debug\net9.0-windows\VM.Communication.dll”复制到“bin\Debug\net9.0-windows\VM.Communication.dll”。1000 毫秒后将开始第 5 次重试。The process cannot access the file 'D:\C#\VM\ScadaChecks\bin\Debug\net9.0-windows\VM.Communication.dll' because it is being used by another process. 文件被“ScadaChecks (32184)”锁定。 [D:\C#\VM\ScadaChecks\ScadaChecks.csproj]
C:\Program Files\dotnet\sdk\9.0.318\Microsoft.Common.CurrentVersion.targets(5093,5): warning MSB3026: 无法将“D:\C#\VM\Core\bin\Debug\net9.0-windows\VM.Core.dll”复制到“bin\Debug\net9.0-windows\VM.Core.dll”。1000 毫秒后将开始第 5 次重试。The process cannot access the file 'D:\C#\VM\ScadaChecks\bin\Debug\net9.0-windows\VM.Core.dll' because it is being used by another process. 文件被“ScadaChecks (32184)”锁定。 [D:\C#\VM\ScadaChecks\ScadaChecks.csproj]
C:\Program Files\dotnet\sdk\9.0.318\Microsoft.Common.CurrentVersion.targets(5093,5): warning MSB3026: 无法将“D:\C#\VM\VisionMaster\bin\Debug\net9.0-windows\VisionMaster.dll”复制到“bin\Debug\net9.0-windows\VisionMaster.dll”。1000 毫秒后将开始第 6 次重试。The process cannot access the file 'D:\C#\VM\ScadaChecks\bin\Debug\net9.0-windows\VisionMaster.dll' because it is being used by another process. 文件被“ScadaChecks (32184)”锁定。 [D:\C#\VM\ScadaChecks\ScadaChecks.csproj]
C:\Program Files\dotnet\sdk\9.0.318\Microsoft.Common.CurrentVersion.targets(5093,5): warning MSB3026: 无法将“D:\C#\VM\Communication\bin\Debug\net9.0-windows\VM.Communication.dll”复制到“bin\Debug\net9.0-windows\VM.Communication.dll”。1000 毫秒后将开始第 6 次重试。The process cannot access the file 'D:\C#\VM\ScadaChecks\bin\Debug\net9.0-windows\VM.Communication.dll' because it is being used by another process. 文件被“ScadaChecks (32184)”锁定。 [D:\C#\VM\ScadaChecks\ScadaChecks.csproj]
C:\Program Files\dotnet\sdk\9.0.318\Microsoft.Common.CurrentVersion.targets(5093,5): warning MSB3026: 无法将“D:\C#\VM\UI\Controls\bin\Debug\net9.0-windows\UI.dll”复制到“bin\Debug\net9.0-windows\UI.dll”。1000 毫秒后将开始第 6 次重试。The process cannot access the file 'D:\C#\VM\ScadaChecks\bin\Debug\net9.0-windows\UI.dll' because it is being used by another process. 文件被“ScadaChecks (32184)”锁定。 [D:\C#\VM\ScadaChecks\ScadaChecks.csproj]
C:\Program Files\dotnet\sdk\9.0.318\Microsoft.Common.CurrentVersion.targets(5093,5): warning MSB3026: 无法将“D:\C#\VM\Core\bin\Debug\net9.0-windows\VM.Core.dll”复制到“bin\Debug\net9.0-windows\VM.Core.dll”。1000 毫秒后将开始第 6 次重试。The process cannot access the file 'D:\C#\VM\ScadaChecks\bin\Debug\net9.0-windows\VM.Core.dll' because it is being used by another process. 文件被“ScadaChecks (32184)”锁定。 [D:\C#\VM\ScadaChecks\ScadaChecks.csproj]
C:\Program Files\dotnet\sdk\9.0.318\Microsoft.Common.CurrentVersion.targets(5093,5): warning MSB3026: 无法将“D:\C#\VM\VisionMaster\bin\Debug\net9.0-windows\VisionMaster.dll”复制到“bin\Debug\net9.0-windows\VisionMaster.dll”。1000 毫秒后将开始第 7 次重试。The process cannot access the file 'D:\C#\VM\ScadaChecks\bin\Debug\net9.0-windows\VisionMaster.dll' because it is being used by another process. 文件被“ScadaChecks (32184)”锁定。 [D:\C#\VM\ScadaChecks\ScadaChecks.csproj]
C:\Program Files\dotnet\sdk\9.0.318\Microsoft.Common.CurrentVersion.targets(5093,5): warning MSB3026: 无法将“D:\C#\VM\Communication\bin\Debug\net9.0-windows\VM.Communication.dll”复制到“bin\Debug\net9.0-windows\VM.Communication.dll”。1000 毫秒后将开始第 7 次重试。The process cannot access the file 'D:\C#\VM\ScadaChecks\bin\Debug\net9.0-windows\VM.Communication.dll' because it is being used by another process. 文件被“ScadaChecks (32184)”锁定。 [D:\C#\VM\ScadaChecks\ScadaChecks.csproj]
C:\Program Files\dotnet\sdk\9.0.318\Microsoft.Common.CurrentVersion.targets(5093,5): warning MSB3026: 无法将“D:\C#\VM\Core\bin\Debug\net9.0-windows\VM.Core.dll”复制到“bin\Debug\net9.0-windows\VM.Core.dll”。1000 毫秒后将开始第 7 次重试。The process cannot access the file 'D:\C#\VM\ScadaChecks\bin\Debug\net9.0-windows\VM.Core.dll' because it is being used by another process. 文件被“ScadaChecks (32184)”锁定。 [D:\C#\VM\ScadaChecks\ScadaChecks.csproj]
C:\Program Files\dotnet\sdk\9.0.318\Microsoft.Common.CurrentVersion.targets(5093,5): warning MSB3026: 无法将“D:\C#\VM\UI\Controls\bin\Debug\net9.0-windows\UI.dll”复制到“bin\Debug\net9.0-windows\UI.dll”。1000 毫秒后将开始第 7 次重试。The process cannot access the file 'D:\C#\VM\ScadaChecks\bin\Debug\net9.0-windows\UI.dll' because it is being used by another process. 文件被“ScadaChecks (32184)”锁定。 [D:\C#\VM\ScadaChecks\ScadaChecks.csproj]
C:\Program Files\dotnet\sdk\9.0.318\Microsoft.Common.CurrentVersion.targets(5093,5): warning MSB3026: 无法将“D:\C#\VM\VisionMaster\bin\Debug\net9.0-windows\VisionMaster.dll”复制到“bin\Debug\net9.0-windows\VisionMaster.dll”。1000 毫秒后将开始第 8 次重试。The process cannot access the file 'D:\C#\VM\ScadaChecks\bin\Debug\net9.0-windows\VisionMaster.dll' because it is being used by another process. 文件被“ScadaChecks (32184)”锁定。 [D:\C#\VM\ScadaChecks\ScadaChecks.csproj]
C:\Program Files\dotnet\sdk\9.0.318\Microsoft.Common.CurrentVersion.targets(5093,5): warning MSB3026: 无法将“D:\C#\VM\Core\bin\Debug\net9.0-windows\VM.Core.dll”复制到“bin\Debug\net9.0-windows\VM.Core.dll”。1000 毫秒后将开始第 8 次重试。The process cannot access the file 'D:\C#\VM\ScadaChecks\bin\Debug\net9.0-windows\VM.Core.dll' because it is being used by another process. 文件被“ScadaChecks (32184)”锁定。 [D:\C#\VM\ScadaChecks\ScadaChecks.csproj]
C:\Program Files\dotnet\sdk\9.0.318\Microsoft.Common.CurrentVersion.targets(5093,5): warning MSB3026: 无法将“D:\C#\VM\Communication\bin\Debug\net9.0-windows\VM.Communication.dll”复制到“bin\Debug\net9.0-windows\VM.Communication.dll”。1000 毫秒后将开始第 8 次重试。The process cannot access the file 'D:\C#\VM\ScadaChecks\bin\Debug\net9.0-windows\VM.Communication.dll' because it is being used by another process. 文件被“ScadaChecks (32184)”锁定。 [D:\C#\VM\ScadaChecks\ScadaChecks.csproj]
C:\Program Files\dotnet\sdk\9.0.318\Microsoft.Common.CurrentVersion.targets(5093,5): warning MSB3026: 无法将“D:\C#\VM\UI\Controls\bin\Debug\net9.0-windows\UI.dll”复制到“bin\Debug\net9.0-windows\UI.dll”。1000 毫秒后将开始第 8 次重试。The process cannot access the file 'D:\C#\VM\ScadaChecks\bin\Debug\net9.0-windows\UI.dll' because it is being used by another process. 文件被“ScadaChecks (32184)”锁定。 [D:\C#\VM\ScadaChecks\ScadaChecks.csproj]
C:\Program Files\dotnet\sdk\9.0.318\Microsoft.Common.CurrentVersion.targets(5093,5): warning MSB3026: 无法将“D:\C#\VM\VisionMaster\bin\Debug\net9.0-windows\VisionMaster.dll”复制到“bin\Debug\net9.0-windows\VisionMaster.dll”。1000 毫秒后将开始第 9 次重试。The process cannot access the file 'D:\C#\VM\ScadaChecks\bin\Debug\net9.0-windows\VisionMaster.dll' because it is being used by another process. 文件被“ScadaChecks (32184)”锁定。 [D:\C#\VM\ScadaChecks\ScadaChecks.csproj]
C:\Program Files\dotnet\sdk\9.0.318\Microsoft.Common.CurrentVersion.targets(5093,5): warning MSB3026: 无法将“D:\C#\VM\Core\bin\Debug\net9.0-windows\VM.Core.dll”复制到“bin\Debug\net9.0-windows\VM.Core.dll”。1000 毫秒后将开始第 9 次重试。The process cannot access the file 'D:\C#\VM\ScadaChecks\bin\Debug\net9.0-windows\VM.Core.dll' because it is being used by another process. 文件被“ScadaChecks (32184)”锁定。 [D:\C#\VM\ScadaChecks\ScadaChecks.csproj]
C:\Program Files\dotnet\sdk\9.0.318\Microsoft.Common.CurrentVersion.targets(5093,5): warning MSB3026: 无法将“D:\C#\VM\UI\Controls\bin\Debug\net9.0-windows\UI.dll”复制到“bin\Debug\net9.0-windows\UI.dll”。1000 毫秒后将开始第 9 次重试。The process cannot access the file 'D:\C#\VM\ScadaChecks\bin\Debug\net9.0-windows\UI.dll' because it is being used by another process. 文件被“ScadaChecks (32184)”锁定。 [D:\C#\VM\ScadaChecks\ScadaChecks.csproj]
C:\Program Files\dotnet\sdk\9.0.318\Microsoft.Common.CurrentVersion.targets(5093,5): warning MSB3026: 无法将“D:\C#\VM\Communication\bin\Debug\net9.0-windows\VM.Communication.dll”复制到“bin\Debug\net9.0-windows\VM.Communication.dll”。1000 毫秒后将开始第 9 次重试。The process cannot access the file 'D:\C#\VM\ScadaChecks\bin\Debug\net9.0-windows\VM.Communication.dll' because it is being used by another process. 文件被“ScadaChecks (32184)”锁定。 [D:\C#\VM\ScadaChecks\ScadaChecks.csproj]
C:\Program Files\dotnet\sdk\9.0.318\Microsoft.Common.CurrentVersion.targets(5093,5): warning MSB3026: 无法将“D:\C#\VM\VisionMaster\bin\Debug\net9.0-windows\VisionMaster.dll”复制到“bin\Debug\net9.0-windows\VisionMaster.dll”。1000 毫秒后将开始第 10 次重试。The process cannot access the file 'D:\C#\VM\ScadaChecks\bin\Debug\net9.0-windows\VisionMaster.dll' because it is being used by another process. 文件被“ScadaChecks (32184)”锁定。 [D:\C#\VM\ScadaChecks\ScadaChecks.csproj]
C:\Program Files\dotnet\sdk\9.0.318\Microsoft.Common.CurrentVersion.targets(5093,5): warning MSB3026: 无法将“D:\C#\VM\Core\bin\Debug\net9.0-windows\VM.Core.dll”复制到“bin\Debug\net9.0-windows\VM.Core.dll”。1000 毫秒后将开始第 10 次重试。The process cannot access the file 'D:\C#\VM\ScadaChecks\bin\Debug\net9.0-windows\VM.Core.dll' because it is being used by another process. 文件被“ScadaChecks (32184)”锁定。 [D:\C#\VM\ScadaChecks\ScadaChecks.csproj]
C:\Program Files\dotnet\sdk\9.0.318\Microsoft.Common.CurrentVersion.targets(5093,5): warning MSB3026: 无法将“D:\C#\VM\UI\Controls\bin\Debug\net9.0-windows\UI.dll”复制到“bin\Debug\net9.0-windows\UI.dll”。1000 毫秒后将开始第 10 次重试。The process cannot access the file 'D:\C#\VM\ScadaChecks\bin\Debug\net9.0-windows\UI.dll' because it is being used by another process. 文件被“ScadaChecks (32184)”锁定。 [D:\C#\VM\ScadaChecks\ScadaChecks.csproj]
C:\Program Files\dotnet\sdk\9.0.318\Microsoft.Common.CurrentVersion.targets(5093,5): warning MSB3026: 无法将“D:\C#\VM\Communication\bin\Debug\net9.0-windows\VM.Communication.dll”复制到“bin\Debug\net9.0-windows\VM.Communication.dll”。1000 毫秒后将开始第 10 次重试。The process cannot access the file 'D:\C#\VM\ScadaChecks\bin\Debug\net9.0-windows\VM.Communication.dll' because it is being used by another process. 文件被“ScadaChecks (32184)”锁定。 [D:\C#\VM\ScadaChecks\ScadaChecks.csproj]
C:\Program Files\dotnet\sdk\9.0.318\Microsoft.Common.CurrentVersion.targets(5093,5): error MSB3027: 无法将“D:\C#\VM\VisionMaster\bin\Debug\net9.0-windows\VisionMaster.dll”复制到“bin\Debug\net9.0-windows\VisionMaster.dll”。超出了重试计数 10。失败。文件被“ScadaChecks (32184)”锁定。 [D:\C#\VM\ScadaChecks\ScadaChecks.csproj]
C:\Program Files\dotnet\sdk\9.0.318\Microsoft.Common.CurrentVersion.targets(5093,5): error MSB3021: 无法将文件“D:\C#\VM\VisionMaster\bin\Debug\net9.0-windows\VisionMaster.dll”复制到“bin\Debug\net9.0-windows\VisionMaster.dll”。The process cannot access the file 'D:\C#\VM\ScadaChecks\bin\Debug\net9.0-windows\VisionMaster.dll' because it is being used by another process. [D:\C#\VM\ScadaChecks\ScadaChecks.csproj]
C:\Program Files\dotnet\sdk\9.0.318\Microsoft.Common.CurrentVersion.targets(5093,5): error MSB3027: 无法将“D:\C#\VM\Core\bin\Debug\net9.0-windows\VM.Core.dll”复制到“bin\Debug\net9.0-windows\VM.Core.dll”。超出了重试计数 10。失败。文件被“ScadaChecks (32184)”锁定。 [D:\C#\VM\ScadaChecks\ScadaChecks.csproj]
C:\Program Files\dotnet\sdk\9.0.318\Microsoft.Common.CurrentVersion.targets(5093,5): error MSB3021: 无法将文件“D:\C#\VM\Core\bin\Debug\net9.0-windows\VM.Core.dll”复制到“bin\Debug\net9.0-windows\VM.Core.dll”。The process cannot access the file 'D:\C#\VM\ScadaChecks\bin\Debug\net9.0-windows\VM.Core.dll' because it is being used by another process. [D:\C#\VM\ScadaChecks\ScadaChecks.csproj]
C:\Program Files\dotnet\sdk\9.0.318\Microsoft.Common.CurrentVersion.targets(5093,5): error MSB3027: 无法将“D:\C#\VM\UI\Controls\bin\Debug\net9.0-windows\UI.dll”复制到“bin\Debug\net9.0-windows\UI.dll”。超出了重试计数 10。失败。文件被“ScadaChecks (32184)”锁定。 [D:\C#\VM\ScadaChecks\ScadaChecks.csproj]
C:\Program Files\dotnet\sdk\9.0.318\Microsoft.Common.CurrentVersion.targets(5093,5): error MSB3021: 无法将文件“D:\C#\VM\UI\Controls\bin\Debug\net9.0-windows\UI.dll”复制到“bin\Debug\net9.0-windows\UI.dll”。The process cannot access the file 'D:\C#\VM\ScadaChecks\bin\Debug\net9.0-windows\UI.dll' because it is being used by another process. [D:\C#\VM\ScadaChecks\ScadaChecks.csproj]
C:\Program Files\dotnet\sdk\9.0.318\Microsoft.Common.CurrentVersion.targets(5093,5): error MSB3027: 无法将“D:\C#\VM\Communication\bin\Debug\net9.0-windows\VM.Communication.dll”复制到“bin\Debug\net9.0-windows\VM.Communication.dll”。超出了重试计数 10。失败。文件被“ScadaChecks (32184)”锁定。 [D:\C#\VM\ScadaChecks\ScadaChecks.csproj]
C:\Program Files\dotnet\sdk\9.0.318\Microsoft.Common.CurrentVersion.targets(5093,5): error MSB3021: 无法将文件“D:\C#\VM\Communication\bin\Debug\net9.0-windows\VM.Communication.dll”复制到“bin\Debug\net9.0-windows\VM.Communication.dll”。The process cannot access the file 'D:\C#\VM\ScadaChecks\bin\Debug\net9.0-windows\VM.Communication.dll' because it is being used by another process. [D:\C#\VM\ScadaChecks\ScadaChecks.csproj]

生成失败。

C:\Program Files\dotnet\sdk\9.0.318\Microsoft.Common.CurrentVersion.targets(2433,5): warning MSB3245: 未能解析此引用。未能找到程序集“System.Resources.Extensions”。请检查磁盘上是否存在该程序集。 如果您的代码需要此引用，则可能出现编译错误。 [D:\C#\VM\DLL\HslCommunication\HslCommunication.csproj]
D:\C#\VM\Engine\FlowEngineService.cs(89,39): warning CS8625: 无法将 null 字面量转换为非 null 的引用类型。 [D:\C#\VM\Engine\VM.FlowEngine.csproj]
D:\C#\VM\Engine\FlowEngineService.cs(178,102): warning CS8625: 无法将 null 字面量转换为非 null 的引用类型。 [D:\C#\VM\Engine\VM.FlowEngine.csproj]
D:\C#\VM\Engine\PluginTestRunner.cs(52,39): warning CS8625: 无法将 null 字面量转换为非 null 的引用类型。 [D:\C#\VM\Engine\VM.FlowEngine.csproj]
D:\C#\VM\Engine\PluginTestRunner.cs(53,39): warning CS8625: 无法将 null 字面量转换为非 null 的引用类型。 [D:\C#\VM\Engine\VM.FlowEngine.csproj]
D:\C#\VM\Engine\ResourceLockService.cs(50,102): warning CS8625: 无法将 null 字面量转换为非 null 的引用类型。 [D:\C#\VM\Engine\VM.FlowEngine.csproj]
D:\C#\VM\Engine\ResourceLockService.cs(58,117): warning CS8625: 无法将 null 字面量转换为非 null 的引用类型。 [D:\C#\VM\Engine\VM.FlowEngine.csproj]
D:\C#\VM\Engine\ResourceLockService.cs(79,112): warning CS8625: 无法将 null 字面量转换为非 null 的引用类型。 [D:\C#\VM\Engine\VM.FlowEngine.csproj]
D:\C#\VM\Engine\FlowEngineService.cs(82,16): warning CS8618: 在退出构造函数时，不可为 null 的 事件 "SessionStateChanged" 必须包含非 null 值。请考虑添加 "required" 修饰符或将该 事件 声明为可为 null。 [D:\C#\VM\Engine\VM.FlowEngine.csproj]
D:\C#\VM\Engine\FlowEngineService.cs(82,16): warning CS8618: 在退出构造函数时，不可为 null 的 事件 "FlowRunCompleted" 必须包含非 null 值。请考虑添加 "required" 修饰符或将该 事件 声明为可为 null。 [D:\C#\VM\Engine\VM.FlowEngine.csproj]
D:\C#\VM\Engine\FlowEngineService.cs(82,16): warning CS8618: 在退出构造函数时，不可为 null 的 事件 "FlowRunStarted" 必须包含非 null 值。请考虑添加 "required" 修饰符或将该 事件 声明为可为 null。 [D:\C#\VM\Engine\VM.FlowEngine.csproj]
D:\C#\VM\Engine\FlowEngineService.cs(142,20): warning CS8603: 可能返回 null 引用。 [D:\C#\VM\Engine\VM.FlowEngine.csproj]
D:\C#\VM\Engine\IRuntimeManager.cs(156,39): warning CS8604: “void RuntimeManager.StopSessionGracefully(FlowSession session, int timeoutMs = 3000)”中的形参“session”可能传入 null 引用实参。 [D:\C#\VM\Engine\VM.FlowEngine.csproj]
D:\C#\VM\Engine\IRuntimeManager.cs(194,24): warning CS8603: 可能返回 null 引用。 [D:\C#\VM\Engine\VM.FlowEngine.csproj]
D:\C#\VM\Engine\IRuntimeManager.cs(206,24): warning CS8603: 可能返回 null 引用。 [D:\C#\VM\Engine\VM.FlowEngine.csproj]
D:\C#\VM\Engine\ResourceLockService.cs(81,29): warning CS8625: 无法将 null 字面量转换为非 null 的引用类型。 [D:\C#\VM\Engine\VM.FlowEngine.csproj]
D:\C#\VM\Engine\ResourceLockService.cs(120,20): warning CS8603: 可能返回 null 引用。 [D:\C#\VM\Engine\VM.FlowEngine.csproj]
D:\C#\VM\Engine\ResourceLockService.cs(138,43): warning CS8625: 无法将 null 字面量转换为非 null 的引用类型。 [D:\C#\VM\Engine\VM.FlowEngine.csproj]
D:\C#\VM\Engine\ResourceLockService.cs(157,44): warning CS8625: 无法将 null 字面量转换为非 null 的引用类型。 [D:\C#\VM\Engine\VM.FlowEngine.csproj]
D:\C#\VM\Engine\PluginProvider.cs(84,24): warning CS8603: 可能返回 null 引用。 [D:\C#\VM\Engine\VM.FlowEngine.csproj]
D:\C#\VM\Engine\PluginProvider.cs(149,24): warning CS8603: 可能返回 null 引用。 [D:\C#\VM\Engine\VM.FlowEngine.csproj]
D:\C#\VM\Engine\PluginProvider.cs(165,24): warning CS8603: 可能返回 null 引用。 [D:\C#\VM\Engine\VM.FlowEngine.csproj]
D:\C#\VM\Engine\FlowQueryHelper.cs(74,44): warning CS8601: 可能的 null 引用赋值。 [D:\C#\VM\Engine\VM.FlowEngine.csproj]
D:\C#\VM\Engine\FlowQueryHelper.cs(122,44): warning CS8601: 可能的 null 引用赋值。 [D:\C#\VM\Engine\VM.FlowEngine.csproj]
D:\C#\VM\Engine\FlowQueryHelper.cs(178,36): warning CS8601: 可能的 null 引用赋值。 [D:\C#\VM\Engine\VM.FlowEngine.csproj]
D:\C#\VM\Engine\FlowQueryHelper.cs(204,28): warning CS8625: 无法将 null 字面量转换为非 null 的引用类型。 [D:\C#\VM\Engine\VM.FlowEngine.csproj]
D:\C#\VM\Engine\FlowQueryHelper.cs(32,40): warning CS8618: 在退出构造函数时，不可为 null 的 字段 "_pluginProvider" 必须包含非 null 值。请考虑添加 "required" 修饰符或将该 字段 声明为可为 null。 [D:\C#\VM\Engine\VM.FlowEngine.csproj]
D:\C#\VM\Engine\FlowEngineService.cs(370,43): warning CS8625: 无法将 null 字面量转换为非 null 的引用类型。 [D:\C#\VM\Engine\VM.FlowEngine.csproj]
D:\C#\VM\Engine\FlowEngineService.cs(386,55): warning CS8625: 无法将 null 字面量转换为非 null 的引用类型。 [D:\C#\VM\Engine\VM.FlowEngine.csproj]
D:\C#\VM\Engine\PluginService.cs(194,32): warning CS8601: 可能的 null 引用赋值。 [D:\C#\VM\Engine\VM.FlowEngine.csproj]
D:\C#\VM\Engine\PluginService.cs(195,35): warning CS8601: 可能的 null 引用赋值。 [D:\C#\VM\Engine\VM.FlowEngine.csproj]
D:\C#\VM\Engine\PluginService.cs(196,28): warning CS8601: 可能的 null 引用赋值。 [D:\C#\VM\Engine\VM.FlowEngine.csproj]
D:\C#\VM\Engine\PluginService.cs(197,28): warning CS8601: 可能的 null 引用赋值。 [D:\C#\VM\Engine\VM.FlowEngine.csproj]
D:\C#\VM\Engine\PluginService.cs(198,38): warning CS8601: 可能的 null 引用赋值。 [D:\C#\VM\Engine\VM.FlowEngine.csproj]
D:\C#\VM\Engine\PluginService.cs(214,52): warning CS8601: 可能的 null 引用赋值。 [D:\C#\VM\Engine\VM.FlowEngine.csproj]
D:\C#\VM\Engine\PluginService.cs(231,48): warning CS8601: 可能的 null 引用赋值。 [D:\C#\VM\Engine\VM.FlowEngine.csproj]
D:\C#\VM\Engine\PluginService.cs(252,50): warning CS8604: “void IPluginProvider.RegisterModule(ToolItemModel plugin)”中的形参“plugin”可能传入 null 引用实参。 [D:\C#\VM\Engine\VM.FlowEngine.csproj]
D:\C#\VM\Engine\FlowEngineService.cs(490,43): warning CS8625: 无法将 null 字面量转换为非 null 的引用类型。 [D:\C#\VM\Engine\VM.FlowEngine.csproj]
D:\C#\VM\Engine\FlowEngineService.cs(506,55): warning CS8625: 无法将 null 字面量转换为非 null 的引用类型。 [D:\C#\VM\Engine\VM.FlowEngine.csproj]
D:\C#\VM\Engine\ResourceLockService.cs(33,27): warning CS8618: 在退出构造函数时，不可为 null 的 字段 "OwnerSessionId" 必须包含非 null 值。请考虑添加 "required" 修饰符或将该 字段 声明为可为 null。 [D:\C#\VM\Engine\VM.FlowEngine.csproj]
D:\C#\VM\Engine\PluginService.cs(293,32): warning CS8601: 可能的 null 引用赋值。 [D:\C#\VM\Engine\VM.FlowEngine.csproj]
D:\C#\VM\Engine\PluginService.cs(294,35): warning CS8601: 可能的 null 引用赋值。 [D:\C#\VM\Engine\VM.FlowEngine.csproj]
D:\C#\VM\Engine\PluginService.cs(295,28): warning CS8601: 可能的 null 引用赋值。 [D:\C#\VM\Engine\VM.FlowEngine.csproj]
D:\C#\VM\Engine\PluginService.cs(296,28): warning CS8601: 可能的 null 引用赋值。 [D:\C#\VM\Engine\VM.FlowEngine.csproj]
D:\C#\VM\Engine\PluginService.cs(297,38): warning CS8601: 可能的 null 引用赋值。 [D:\C#\VM\Engine\VM.FlowEngine.csproj]
D:\C#\VM\Engine\PluginService.cs(334,32): warning CS8601: 可能的 null 引用赋值。 [D:\C#\VM\Engine\VM.FlowEngine.csproj]
D:\C#\VM\Engine\PluginService.cs(335,35): warning CS8601: 可能的 null 引用赋值。 [D:\C#\VM\Engine\VM.FlowEngine.csproj]
D:\C#\VM\Engine\PluginService.cs(336,28): warning CS8601: 可能的 null 引用赋值。 [D:\C#\VM\Engine\VM.FlowEngine.csproj]
D:\C#\VM\Engine\PluginService.cs(337,28): warning CS8601: 可能的 null 引用赋值。 [D:\C#\VM\Engine\VM.FlowEngine.csproj]
D:\C#\VM\Engine\PluginService.cs(338,38): warning CS8601: 可能的 null 引用赋值。 [D:\C#\VM\Engine\VM.FlowEngine.csproj]
D:\C#\VM\Engine\FlowCompiler.cs(347,52): warning CS8600: 将 null 文本或可能的 null 值转换为不可为 null 类型。 [D:\C#\VM\Engine\VM.FlowEngine.csproj]
D:\C#\VM\Engine\FlowCompiler.cs(411,51): warning CS8601: 可能的 null 引用赋值。 [D:\C#\VM\Engine\VM.FlowEngine.csproj]
D:\C#\VM\Engine\FlowCompiler.cs(468,44): warning CS8600: 将 null 文本或可能的 null 值转换为不可为 null 类型。 [D:\C#\VM\Engine\VM.FlowEngine.csproj]
D:\C#\VM\Engine\FlowCompiler.cs(471,37): warning CS8600: 将 null 文本或可能的 null 值转换为不可为 null 类型。 [D:\C#\VM\Engine\VM.FlowEngine.csproj]
D:\C#\VM\Engine\FlowCompiler.cs(475,34): warning CS8600: 将 null 文本或可能的 null 值转换为不可为 null 类型。 [D:\C#\VM\Engine\VM.FlowEngine.csproj]
D:\C#\VM\Engine\FlowCompiler.cs(476,25): warning CS8602: 解引用可能出现空引用。 [D:\C#\VM\Engine\VM.FlowEngine.csproj]
D:\C#\VM\Engine\PluginTestRunner.cs(56,28): warning CS8625: 无法将 null 字面量转换为非 null 的引用类型。 [D:\C#\VM\Engine\VM.FlowEngine.csproj]
D:\C#\VM\Engine\PluginTestRunner.cs(222,47): warning CS8625: 无法将 null 字面量转换为非 null 的引用类型。 [D:\C#\VM\Engine\VM.FlowEngine.csproj]
D:\C#\VM\Engine\FlowCompiler.cs(559,46): warning CS8600: 将 null 文本或可能的 null 值转换为不可为 null 类型。 [D:\C#\VM\Engine\VM.FlowEngine.csproj]
D:\C#\VM\Engine\FlowCompiler.cs(643,34): warning CS8600: 将 null 文本或可能的 null 值转换为不可为 null 类型。 [D:\C#\VM\Engine\VM.FlowEngine.csproj]
D:\C#\VM\Engine\FlowCompiler.cs(696,85): warning CS8600: 将 null 文本或可能的 null 值转换为不可为 null 类型。 [D:\C#\VM\Engine\VM.FlowEngine.csproj]
D:\C#\VM\Engine\FlowCompiler.cs(930,31): warning CS8600: 将 null 文本或可能的 null 值转换为不可为 null 类型。 [D:\C#\VM\Engine\VM.FlowEngine.csproj]
D:\C#\VM\Engine\FlowCompiler.cs(1041,32): warning CS8603: 可能返回 null 引用。 [D:\C#\VM\Engine\VM.FlowEngine.csproj]
D:\C#\VM\Engine\FlowCompiler.cs(1045,20): warning CS8603: 可能返回 null 引用。 [D:\C#\VM\Engine\VM.FlowEngine.csproj]
D:\C#\VM\Plugins\Plugin.Ocr\OcrPlugin.cs(126,64): warning CS8625: 无法将 null 字面量转换为非 null 的引用类型。 [D:\C#\VM\Plugins\Plugin.Ocr\Plugin.Ocr.csproj]
D:\C#\VM\Plugins\Plugin.CodeReader\CodeReaderPlugin.cs(128,64): warning CS8625: 无法将 null 字面量转换为非 null 的引用类型。 [D:\C#\VM\Plugins\Plugin.CodeReader\Plugin.CodeReader.csproj]
D:\C#\VM\Plugins\Plugin.Yolo\YoloPlugin.cs(98,64): warning CS8625: 无法将 null 字面量转换为非 null 的引用类型。 [D:\C#\VM\Plugins\Plugin.Yolo\Plugin.Yolo.csproj]
D:\C#\VM\Plugins\Plugin.Yolo\YoloPlugin.cs(314,30): warning CS8601: 可能的 null 引用赋值。 [D:\C#\VM\Plugins\Plugin.Yolo\Plugin.Yolo.csproj]
D:\C#\VM\Plugins\Plugin.Matching\MatchingPlugin.cs(1725,42): warning CS8601: 可能的 null 引用赋值。 [D:\C#\VM\Plugins\Plugin.Matching\Plugin.Matching_b54zmct5_wpftmp.csproj::TargetFramework=net9.0-windows]
D:\C#\VM\Plugins\Plugin.Matching\MatchingPlugin.cs(1845,77): warning CS8625: 无法将 null 字面量转换为非 null 的引用类型。 [D:\C#\VM\Plugins\Plugin.Matching\Plugin.Matching_b54zmct5_wpftmp.csproj::TargetFramework=net9.0-windows]
D:\C#\VM\Plugins\Plugin.BlobDetect\BlobDetectPlugin.cs(778,31): warning CS0649: 从未对字段“BlobDetectPlugin._disposed”赋值，字段将一直保持其默认值 false [D:\C#\VM\Plugins\Plugin.BlobDetect\Plugin.BlobDetect_50gb5ojk_wpftmp.csproj::TargetFramework=net9.0-windows]
D:\C#\VM\Plugins\Plugin.ColorRegion\RegionColorPlugin.cs(304,51): warning CS8604: “HTuple[] RegionColorPlugin.ParamsForCanvas(string shape, double[] pars)”中的形参“pars”可能传入 null 引用实参。 [D:\C#\VM\Plugins\Plugin.ColorRegion\Plugin.ColorRegion.csproj::TargetFramework=net9.0-windows]
D:\C#\VM\Plugins\Plugin.Matching\MatchingPlugin.cs(1725,42): warning CS8601: 可能的 null 引用赋值。 [D:\C#\VM\Plugins\Plugin.Matching\Plugin.Matching.csproj::TargetFramework=net9.0-windows]
D:\C#\VM\Plugins\Plugin.Matching\MatchingPlugin.cs(1845,77): warning CS8625: 无法将 null 字面量转换为非 null 的引用类型。 [D:\C#\VM\Plugins\Plugin.Matching\Plugin.Matching.csproj::TargetFramework=net9.0-windows]
D:\C#\VM\Plugins\Plugin.CreateRoi\CreateRoiPlugin.cs(414,31): warning CS8601: 可能的 null 引用赋值。 [D:\C#\VM\Plugins\Plugin.CreateRoi\Plugin.CreateRoi_prcgvd3m_wpftmp.csproj::TargetFramework=net9.0-windows]
D:\C#\VM\Plugins\Plugin.CreateRoi\CreateRoiPlugin.cs(533,36): warning CS8601: 可能的 null 引用赋值。 [D:\C#\VM\Plugins\Plugin.CreateRoi\Plugin.CreateRoi_prcgvd3m_wpftmp.csproj::TargetFramework=net9.0-windows]
D:\C#\VM\Plugins\Plugin.CreateRoi\CreateRoiPlugin.cs(551,36): warning CS8601: 可能的 null 引用赋值。 [D:\C#\VM\Plugins\Plugin.CreateRoi\Plugin.CreateRoi_prcgvd3m_wpftmp.csproj::TargetFramework=net9.0-windows]
D:\C#\VM\Plugins\Plugin.CreateRoi\CreateRoiPlugin.cs(567,36): warning CS8601: 可能的 null 引用赋值。 [D:\C#\VM\Plugins\Plugin.CreateRoi\Plugin.CreateRoi_prcgvd3m_wpftmp.csproj::TargetFramework=net9.0-windows]
D:\C#\VM\Plugins\Plugin.CreateRoi\CreateRoiPlugin.cs(577,36): warning CS8601: 可能的 null 引用赋值。 [D:\C#\VM\Plugins\Plugin.CreateRoi\Plugin.CreateRoi_prcgvd3m_wpftmp.csproj::TargetFramework=net9.0-windows]
D:\C#\VM\Plugins\Plugin.CreateRoi\CreateRoiPlugin.cs(599,27): warning CS8601: 可能的 null 引用赋值。 [D:\C#\VM\Plugins\Plugin.CreateRoi\Plugin.CreateRoi_prcgvd3m_wpftmp.csproj::TargetFramework=net9.0-windows]
D:\C#\VM\Plugins\Plugin.BlobDetect\BlobDetectPlugin.cs(778,31): warning CS0649: 从未对字段“BlobDetectPlugin._disposed”赋值，字段将一直保持其默认值 false [D:\C#\VM\Plugins\Plugin.BlobDetect\Plugin.BlobDetect.csproj::TargetFramework=net9.0-windows]
D:\C#\VM\Plugins\Plugin.CreateRoi\CreateRoiPlugin.cs(414,31): warning CS8601: 可能的 null 引用赋值。 [D:\C#\VM\Plugins\Plugin.CreateRoi\Plugin.CreateRoi.csproj::TargetFramework=net9.0-windows]
D:\C#\VM\Plugins\Plugin.CreateRoi\CreateRoiPlugin.cs(533,36): warning CS8601: 可能的 null 引用赋值。 [D:\C#\VM\Plugins\Plugin.CreateRoi\Plugin.CreateRoi.csproj::TargetFramework=net9.0-windows]
D:\C#\VM\Plugins\Plugin.CreateRoi\CreateRoiPlugin.cs(551,36): warning CS8601: 可能的 null 引用赋值。 [D:\C#\VM\Plugins\Plugin.CreateRoi\Plugin.CreateRoi.csproj::TargetFramework=net9.0-windows]
D:\C#\VM\Plugins\Plugin.CreateRoi\CreateRoiPlugin.cs(567,36): warning CS8601: 可能的 null 引用赋值。 [D:\C#\VM\Plugins\Plugin.CreateRoi\Plugin.CreateRoi.csproj::TargetFramework=net9.0-windows]
D:\C#\VM\Plugins\Plugin.CreateRoi\CreateRoiPlugin.cs(577,36): warning CS8601: 可能的 null 引用赋值。 [D:\C#\VM\Plugins\Plugin.CreateRoi\Plugin.CreateRoi.csproj::TargetFramework=net9.0-windows]
D:\C#\VM\Plugins\Plugin.CreateRoi\CreateRoiPlugin.cs(599,27): warning CS8601: 可能的 null 引用赋值。 [D:\C#\VM\Plugins\Plugin.CreateRoi\Plugin.CreateRoi.csproj::TargetFramework=net9.0-windows]
D:\C#\VM\VisionMaster\ViewModels\DialogViewModels\VariableBindingViewModel.cs(502,62): warning CS8625: 无法将 null 字面量转换为非 null 的引用类型。 [D:\C#\VM\VisionMaster\VisionMaster_ncbuvzwb_wpftmp.csproj]
D:\C#\VM\VisionMaster\Services\Camera\CameraProvider.cs(27,21): warning CS8618: 在退出构造函数时，不可为 null 的 属性 "DriverType" 必须包含非 null 值。请考虑添加 "required" 修饰符或将该 属性 声明为可为 null。 [D:\C#\VM\VisionMaster\VisionMaster_ncbuvzwb_wpftmp.csproj]
D:\C#\VM\VisionMaster\ShellViewModel.cs(53,43): warning CS8603: 可能返回 null 引用。 [D:\C#\VM\VisionMaster\VisionMaster_ncbuvzwb_wpftmp.csproj]
D:\C#\VM\VisionMaster\Services\Camera\NetworkCameraServer.cs(60,16): warning CS8618: 在退出构造函数时，不可为 null 的 字段 "_server" 必须包含非 null 值。请考虑添加 "required" 修饰符或将该 字段 声明为可为 null。 [D:\C#\VM\VisionMaster\VisionMaster_ncbuvzwb_wpftmp.csproj]
D:\C#\VM\VisionMaster\Services\Camera\NetworkCameraServer.cs(60,16): warning CS8618: 在退出构造函数时，不可为 null 的 字段 "_config" 必须包含非 null 值。请考虑添加 "required" 修饰符或将该 字段 声明为可为 null。 [D:\C#\VM\VisionMaster\VisionMaster_ncbuvzwb_wpftmp.csproj]
D:\C#\VM\VisionMaster\Services\Camera\CameraProvider.cs(75,16): warning CS8618: 在退出构造函数时，不可为 null 的 字段 "_lastSyncedSolution" 必须包含非 null 值。请考虑添加 "required" 修饰符或将该 字段 声明为可为 null。 [D:\C#\VM\VisionMaster\VisionMaster_ncbuvzwb_wpftmp.csproj]
D:\C#\VM\VisionMaster\Services\Camera\CameraProvider.cs(75,16): warning CS8618: 在退出构造函数时，不可为 null 的 事件 "DevicesChanged" 必须包含非 null 值。请考虑添加 "required" 修饰符或将该 事件 声明为可为 null。 [D:\C#\VM\VisionMaster\VisionMaster_ncbuvzwb_wpftmp.csproj]
D:\C#\VM\VisionMaster\ViewModels\ToolViewModel.cs(48,16): warning CS8618: 在退出构造函数时，不可为 null 的 字段 "searchText" 必须包含非 null 值。请考虑添加 "required" 修饰符或将该 字段 声明为可为 null。 [D:\C#\VM\VisionMaster\VisionMaster_ncbuvzwb_wpftmp.csproj]
D:\C#\VM\VisionMaster\Services\FlowOutputCollector.cs(48,51): warning CS8604: “Dictionary<string, Guid> FlowOutputCollector.BuildStepNameIndex(FlowSession session)”中的形参“session”可能传入 null 引用实参。 [D:\C#\VM\VisionMaster\VisionMaster_ncbuvzwb_wpftmp.csproj]
D:\C#\VM\VisionMaster\Services\Camera\NetworkCameraServer.cs(131,23): warning CS8625: 无法将 null 字面量转换为非 null 的引用类型。 [D:\C#\VM\VisionMaster\VisionMaster_ncbuvzwb_wpftmp.csproj]
D:\C#\VM\VisionMaster\Services\FlowOutputCollector.cs(114,77): warning CS8603: 可能返回 null 引用。 [D:\C#\VM\VisionMaster\VisionMaster_ncbuvzwb_wpftmp.csproj]
D:\C#\VM\VisionMaster\Services\FlowOutputCollector.cs(115,20): warning CS8603: 可能返回 null 引用。 [D:\C#\VM\VisionMaster\VisionMaster_ncbuvzwb_wpftmp.csproj]
D:\C#\VM\VisionMaster\Services\FlowOutputCollector.cs(127,31): warning CS8600: 将 null 文本或可能的 null 值转换为不可为 null 类型。 [D:\C#\VM\VisionMaster\VisionMaster_ncbuvzwb_wpftmp.csproj]
D:\C#\VM\VisionMaster\Services\FlowOutputCollector.cs(137,62): warning CS8604: “object FlowOutputCollector.ToJsonValue(object value)”中的形参“value”可能传入 null 引用实参。 [D:\C#\VM\VisionMaster\VisionMaster_ncbuvzwb_wpftmp.csproj]
D:\C#\VM\VisionMaster\ShellViewModel.cs(243,16): warning CS8618: 在退出构造函数时，不可为 null 的 字段 "_cts" 必须包含非 null 值。请考虑添加 "required" 修饰符或将该 字段 声明为可为 null。 [D:\C#\VM\VisionMaster\VisionMaster_ncbuvzwb_wpftmp.csproj]
D:\C#\VM\VisionMaster\ShellViewModel.cs(243,16): warning CS8618: 在退出构造函数时，不可为 null 的 字段 "_monitorTask" 必须包含非 null 值。请考虑添加 "required" 修饰符或将该 字段 声明为可为 null。 [D:\C#\VM\VisionMaster\VisionMaster_ncbuvzwb_wpftmp.csproj]
D:\C#\VM\VisionMaster\ShellViewModel.cs(243,16): warning CS9264: 在退出构造函数时，不可为 null 的 属性 'HandleCountStr' 必须包含非 null 值。请考虑添加“required”修饰符，或将 属性 声明为可为 null，或安全地处理“get”访问器中“field”为 null 的情况。 [D:\C#\VM\VisionMaster\VisionMaster_ncbuvzwb_wpftmp.csproj]
D:\C#\VM\VisionMaster\ShellViewModel.cs(243,16): warning CS9264: 在退出构造函数时，不可为 null 的 属性 'ThreadCountStr' 必须包含非 null 值。请考虑添加“required”修饰符，或将 属性 声明为可为 null，或安全地处理“get”访问器中“field”为 null 的情况。 [D:\C#\VM\VisionMaster\VisionMaster_ncbuvzwb_wpftmp.csproj]
D:\C#\VM\VisionMaster\ShellViewModel.cs(243,16): warning CS9264: 在退出构造函数时，不可为 null 的 属性 'CpuUsageStr' 必须包含非 null 值。请考虑添加“required”修饰符，或将 属性 声明为可为 null，或安全地处理“get”访问器中“field”为 null 的情况。 [D:\C#\VM\VisionMaster\VisionMaster_ncbuvzwb_wpftmp.csproj]
D:\C#\VM\VisionMaster\ShellViewModel.cs(243,16): warning CS9264: 在退出构造函数时，不可为 null 的 属性 'MemoryUsageStr' 必须包含非 null 值。请考虑添加“required”修饰符，或将 属性 声明为可为 null，或安全地处理“get”访问器中“field”为 null 的情况。 [D:\C#\VM\VisionMaster\VisionMaster_ncbuvzwb_wpftmp.csproj]
D:\C#\VM\VisionMaster\ShellViewModel.cs(243,16): warning CS9264: 在退出构造函数时，不可为 null 的 属性 'CurrentTimeText' 必须包含非 null 值。请考虑添加“required”修饰符，或将 属性 声明为可为 null，或安全地处理“get”访问器中“field”为 null 的情况。 [D:\C#\VM\VisionMaster\VisionMaster_ncbuvzwb_wpftmp.csproj]
D:\C#\VM\VisionMaster\ShellViewModel.cs(243,16): warning CS8618: 在退出构造函数时，不可为 null 的 字段 "_currentSession" 必须包含非 null 值。请考虑添加 "required" 修饰符或将该 字段 声明为可为 null。 [D:\C#\VM\VisionMaster\VisionMaster_ncbuvzwb_wpftmp.csproj]
D:\C#\VM\VisionMaster\Services\Camera\CameraProvider.cs(196,20): warning CS8603: 可能返回 null 引用。 [D:\C#\VM\VisionMaster\VisionMaster_ncbuvzwb_wpftmp.csproj]
D:\C#\VM\VisionMaster\Services\Camera\CameraProvider.cs(210,59): warning CS8601: 可能的 null 引用赋值。 [D:\C#\VM\VisionMaster\VisionMaster_ncbuvzwb_wpftmp.csproj]
D:\C#\VM\VisionMaster\Services\Camera\CameraProvider.cs(219,22): warning CS8625: 无法将 null 字面量转换为非 null 的引用类型。 [D:\C#\VM\VisionMaster\VisionMaster_ncbuvzwb_wpftmp.csproj]
D:\C#\VM\VisionMaster\Services\Camera\CameraProvider.cs(227,53): warning CS8601: 可能的 null 引用赋值。 [D:\C#\VM\VisionMaster\VisionMaster_ncbuvzwb_wpftmp.csproj]
D:\C#\VM\VisionMaster\Services\FlowOutputCollector.cs(165,28): warning CS8603: 可能返回 null 引用。 [D:\C#\VM\VisionMaster\VisionMaster_ncbuvzwb_wpftmp.csproj]
D:\C#\VM\VisionMaster\Services\FlowOutputCollector.cs(230,28): warning CS8603: 可能返回 null 引用。 [D:\C#\VM\VisionMaster\VisionMaster_ncbuvzwb_wpftmp.csproj]
D:\C#\VM\VisionMaster\Services\HttpImageServer.cs(57,16): warning CS8618: 在退出构造函数时，不可为 null 的 字段 "_server" 必须包含非 null 值。请考虑添加 "required" 修饰符或将该 字段 声明为可为 null。 [D:\C#\VM\VisionMaster\VisionMaster_ncbuvzwb_wpftmp.csproj]
D:\C#\VM\VisionMaster\Services\HttpImageServer.cs(57,16): warning CS8618: 在退出构造函数时，不可为 null 的 字段 "_config" 必须包含非 null 值。请考虑添加 "required" 修饰符或将该 字段 声明为可为 null。 [D:\C#\VM\VisionMaster\VisionMaster_ncbuvzwb_wpftmp.csproj]
D:\C#\VM\VisionMaster\Services\Camera\NetworkCameraServer.cs(261,22): warning CS8625: 无法将 null 字面量转换为非 null 的引用类型。 [D:\C#\VM\VisionMaster\VisionMaster_ncbuvzwb_wpftmp.csproj]
D:\C#\VM\VisionMaster\Services\Camera\NetworkCameraServer.cs(262,20): warning CS8625: 无法将 null 字面量转换为非 null 的引用类型。 [D:\C#\VM\VisionMaster\VisionMaster_ncbuvzwb_wpftmp.csproj]
D:\C#\VM\VisionMaster\Services\HttpImageServer.cs(140,23): warning CS8625: 无法将 null 字面量转换为非 null 的引用类型。 [D:\C#\VM\VisionMaster\VisionMaster_ncbuvzwb_wpftmp.csproj]
D:\C#\VM\VisionMaster\Services\Camera\CameraProvider.cs(304,32): warning CS8625: 无法将 null 字面量转换为非 null 的引用类型。 [D:\C#\VM\VisionMaster\VisionMaster_ncbuvzwb_wpftmp.csproj]
D:\C#\VM\VisionMaster\Services\Camera\CameraProvider.cs(360,28): warning CS8604: “void CameraProvider.RememberSynced(SolutionModel solution, int count)”中的形参“solution”可能传入 null 引用实参。 [D:\C#\VM\VisionMaster\VisionMaster_ncbuvzwb_wpftmp.csproj]
D:\C#\VM\VisionMaster\Services\HttpImageServer.cs(298,39): warning CS8603: 可能返回 null 引用。 [D:\C#\VM\VisionMaster\VisionMaster_ncbuvzwb_wpftmp.csproj]
D:\C#\VM\VisionMaster\Services\HttpImageServer.cs(302,20): warning CS8603: 可能返回 null 引用。 [D:\C#\VM\VisionMaster\VisionMaster_ncbuvzwb_wpftmp.csproj]
D:\C#\VM\VisionMaster\Services\HttpImageServer.cs(312,23): warning CS8625: 无法将 null 字面量转换为非 null 的引用类型。 [D:\C#\VM\VisionMaster\VisionMaster_ncbuvzwb_wpftmp.csproj]
D:\C#\VM\VisionMaster\Services\HttpImageServer.cs(313,21): warning CS8625: 无法将 null 字面量转换为非 null 的引用类型。 [D:\C#\VM\VisionMaster\VisionMaster_ncbuvzwb_wpftmp.csproj]
D:\C#\VM\VisionMaster\Services\ImageCollectionService.cs(304,17): warning CS8602: 解引用可能出现空引用。 [D:\C#\VM\VisionMaster\VisionMaster_ncbuvzwb_wpftmp.csproj]
D:\C#\VM\VisionMaster\Services\Camera\CameraProvider.cs(433,24): warning CS8603: 可能返回 null 引用。 [D:\C#\VM\VisionMaster\VisionMaster_ncbuvzwb_wpftmp.csproj]
D:\C#\VM\VisionMaster\Services\Camera\CameraProvider.cs(444,28): warning CS8603: 可能返回 null 引用。 [D:\C#\VM\VisionMaster\VisionMaster_ncbuvzwb_wpftmp.csproj]
D:\C#\VM\VisionMaster\Services\Camera\CameraProvider.cs(457,24): warning CS8603: 可能返回 null 引用。 [D:\C#\VM\VisionMaster\VisionMaster_ncbuvzwb_wpftmp.csproj]
D:\C#\VM\VisionMaster\Services\LayoutHelper.cs(88,20): warning CS8603: 可能返回 null 引用。 [D:\C#\VM\VisionMaster\VisionMaster_ncbuvzwb_wpftmp.csproj]
D:\C#\VM\VisionMaster\Services\LayoutHelper.cs(157,45): warning CS8603: 可能返回 null 引用。 [D:\C#\VM\VisionMaster\VisionMaster_ncbuvzwb_wpftmp.csproj]
D:\C#\VM\VisionMaster\Services\LayoutHelper.cs(172,24): warning CS8603: 可能返回 null 引用。 [D:\C#\VM\VisionMaster\VisionMaster_ncbuvzwb_wpftmp.csproj]
D:\C#\VM\VisionMaster\Views\ScadaRuntimeWindow.xaml.cs(41,23): warning CS8622: “void ScadaRuntimeWindow.OnWindowClosed(object sender, EventArgs e)”的参数“sender”类型中引用类型的为 Null 性与目标委托“EventHandler”不匹配(可能是由于为 Null 性特性)。 [D:\C#\VM\VisionMaster\VisionMaster_ncbuvzwb_wpftmp.csproj]
D:\C#\VM\VisionMaster\Services\LayoutHelper.cs(275,26): warning CS8625: 无法将 null 字面量转换为非 null 的引用类型。 [D:\C#\VM\VisionMaster\VisionMaster_ncbuvzwb_wpftmp.csproj]
D:\C#\VM\VisionMaster\Services\LayoutHelper.cs(329,57): warning CS8603: 可能返回 null 引用。 [D:\C#\VM\VisionMaster\VisionMaster_ncbuvzwb_wpftmp.csproj]
D:\C#\VM\VisionMaster\Services\LayoutHelper.cs(332,41): warning CS8603: 可能返回 null 引用。 [D:\C#\VM\VisionMaster\VisionMaster_ncbuvzwb_wpftmp.csproj]
D:\C#\VM\VisionMaster\Services\LayoutHelper.cs(334,20): warning CS8603: 可能返回 null 引用。 [D:\C#\VM\VisionMaster\VisionMaster_ncbuvzwb_wpftmp.csproj]
D:\C#\VM\VisionMaster\Services\ScadaVariablePicker.cs(40,35): warning CS8604: “void ParametersBase.Add(string key, object value)”中的形参“value”可能传入 null 引用实参。 [D:\C#\VM\VisionMaster\VisionMaster_ncbuvzwb_wpftmp.csproj]
D:\C#\VM\VisionMaster\ViewModels\CanvasLinkViewModel.cs(21,16): warning CS8618: 在退出构造函数时，不可为 null 的 属性 "UnbindCommand" 必须包含非 null 值。请考虑添加 "required" 修饰符或将该 属性 声明为可为 null。 [D:\C#\VM\VisionMaster\VisionMaster_ncbuvzwb_wpftmp.csproj]
D:\C#\VM\VisionMaster\Services\LayoutHelper.cs(422,50): warning CS8604: “bool Dictionary<string, Func<object>>.TryGetValue(string key, out Func<object> value)”中的形参“key”可能传入 null 引用实参。 [D:\C#\VM\VisionMaster\VisionMaster_ncbuvzwb_wpftmp.csproj]
D:\C#\VM\VisionMaster\Services\NetworkVariableBridge.cs(110,29): warning CS8601: 可能的 null 引用赋值。 [D:\C#\VM\VisionMaster\VisionMaster_ncbuvzwb_wpftmp.csproj]
D:\C#\VM\VisionMaster\Services\LayoutHelper.cs(439,32): warning CS8600: 将 null 文本或可能的 null 值转换为不可为 null 类型。 [D:\C#\VM\VisionMaster\VisionMaster_ncbuvzwb_wpftmp.csproj]
D:\C#\VM\VisionMaster\Services\ScadaPagePicker.cs(39,35): warning CS8604: “void ParametersBase.Add(string key, object value)”中的形参“value”可能传入 null 引用实参。 [D:\C#\VM\VisionMaster\VisionMaster_ncbuvzwb_wpftmp.csproj]
D:\C#\VM\VisionMaster\Views\ProcessView.xaml.cs(72,28): warning CS8603: 可能返回 null 引用。 [D:\C#\VM\VisionMaster\VisionMaster_ncbuvzwb_wpftmp.csproj]
D:\C#\VM\VisionMaster\Views\ProcessView.xaml.cs(77,20): warning CS8603: 可能返回 null 引用。 [D:\C#\VM\VisionMaster\VisionMaster_ncbuvzwb_wpftmp.csproj]
D:\C#\VM\VisionMaster\Views\DialogViews\ConditionEditorView.xaml.cs(52,41): warning CS8622: “void ConditionEditorView.Vm_BranchChanged(object sender, StepCollection e)”的参数“sender”类型中引用类型的为 Null 性与目标委托“EventHandler<StepCollection>”不匹配(可能是由于为 Null 性特性)。 [D:\C#\VM\VisionMaster\VisionMaster_ncbuvzwb_wpftmp.csproj]
D:\C#\VM\VisionMaster\Views\DialogViews\ConditionEditorView.xaml.cs(53,41): warning CS8622: “void ConditionEditorView.Vm_BranchChanged(object sender, StepCollection e)”的参数“sender”类型中引用类型的为 Null 性与目标委托“EventHandler<StepCollection>”不匹配(可能是由于为 Null 性特性)。 [D:\C#\VM\VisionMaster\VisionMaster_ncbuvzwb_wpftmp.csproj]
D:\C#\VM\VisionMaster\Views\DialogViews\ConditionEditorView.xaml.cs(55,55): warning CS8622: “void ConditionEditorView.Variables_CollectionChanged(object sender, NotifyCollectionChangedEventArgs e)”的参数“sender”类型中引用类型的为 Null 性与目标委托“NotifyCollectionChangedEventHandler”不匹配(可能是由于为 Null 性特性)。 [D:\C#\VM\VisionMaster\VisionMaster_ncbuvzwb_wpftmp.csproj]
D:\C#\VM\VisionMaster\Views\DialogViews\ConditionEditorView.xaml.cs(56,55): warning CS8622: “void ConditionEditorView.Variables_CollectionChanged(object sender, NotifyCollectionChangedEventArgs e)”的参数“sender”类型中引用类型的为 Null 性与目标委托“NotifyCollectionChangedEventHandler”不匹配(可能是由于为 Null 性特性)。 [D:\C#\VM\VisionMaster\VisionMaster_ncbuvzwb_wpftmp.csproj]
D:\C#\VM\VisionMaster\Views\DialogViews\ConditionEditorView.xaml.cs(36,16): warning CS8618: 在退出构造函数时，不可为 null 的 字段 "_completionWindow" 必须包含非 null 值。请考虑添加 "required" 修饰符或将该 字段 声明为可为 null。 [D:\C#\VM\VisionMaster\VisionMaster_ncbuvzwb_wpftmp.csproj]
D:\C#\VM\VisionMaster\Views\DialogViews\ConditionEditorView.xaml.cs(355,58): warning CS8603: 可能返回 null 引用。 [D:\C#\VM\VisionMaster\VisionMaster_ncbuvzwb_wpftmp.csproj]
D:\C#\VM\VisionMaster\ViewModels\DialogViewModels\VariableBindingViewModel.cs(64,38): warning CS8625: 无法将 null 字面量转换为非 null 的引用类型。 [D:\C#\VM\VisionMaster\VisionMaster_ncbuvzwb_wpftmp.csproj]
D:\C#\VM\VisionMaster\Views\DialogViews\ConditionEditorView.xaml.cs(178,76): warning CS8625: 无法将 null 字面量转换为非 null 的引用类型。 [D:\C#\VM\VisionMaster\VisionMaster_ncbuvzwb_wpftmp.csproj]
D:\C#\VM\VisionMaster\Views\DialogViews\ConditionEditorView.xaml.cs(182,37): warning CS8625: 无法将 null 字面量转换为非 null 的引用类型。 [D:\C#\VM\VisionMaster\VisionMaster_ncbuvzwb_wpftmp.csproj]
D:\C#\VM\VisionMaster\ViewModels\FlowListViewModel.cs(63,16): warning CS9264: 在退出构造函数时，不可为 null 的 属性 'SelectFlow' 必须包含非 null 值。请考虑添加“required”修饰符，或将 属性 声明为可为 null，或安全地处理“get”访问器中“field”为 null 的情况。 [D:\C#\VM\VisionMaster\VisionMaster_ncbuvzwb_wpftmp.csproj]
D:\C#\VM\VisionMaster\Views\DialogViews\ConditionEditorView.xaml.cs(191,40): warning CS8622: “void ConditionEditorView.Vm_BranchChanged(object sender, StepCollection e)”的参数“sender”类型中引用类型的为 Null 性与目标委托“EventHandler<StepCollection>”不匹配(可能是由于为 Null 性特性)。 [D:\C#\VM\VisionMaster\VisionMaster_ncbuvzwb_wpftmp.csproj]
D:\C#\VM\VisionMaster\Views\DialogViews\ConditionEditorView.xaml.cs(192,54): warning CS8622: “void ConditionEditorView.Variables_CollectionChanged(object sender, NotifyCollectionChangedEventArgs e)”的参数“sender”类型中引用类型的为 Null 性与目标委托“NotifyCollectionChangedEventHandler”不匹配(可能是由于为 Null 性特性)。 [D:\C#\VM\VisionMaster\VisionMaster_ncbuvzwb_wpftmp.csproj]
D:\C#\VM\VisionMaster\Views\DialogViews\ConditionEditorView.xaml.cs(198,40): warning CS8622: “void ConditionEditorView.Vm_BranchChanged(object sender, StepCollection e)”的参数“sender”类型中引用类型的为 Null 性与目标委托“EventHandler<StepCollection>”不匹配(可能是由于为 Null 性特性)。 [D:\C#\VM\VisionMaster\VisionMaster_ncbuvzwb_wpftmp.csproj]
D:\C#\VM\VisionMaster\Views\DialogViews\ConditionEditorView.xaml.cs(199,54): warning CS8622: “void ConditionEditorView.Variables_CollectionChanged(object sender, NotifyCollectionChangedEventArgs e)”的参数“sender”类型中引用类型的为 Null 性与目标委托“NotifyCollectionChangedEventHandler”不匹配(可能是由于为 Null 性特性)。 [D:\C#\VM\VisionMaster\VisionMaster_ncbuvzwb_wpftmp.csproj]
D:\C#\VM\VisionMaster\ViewModels\DialogViewModels\SolutionListViewModel.cs(87,16): warning CS8618: 在退出构造函数时，不可为 null 的 字段 "_selectedSolution" 必须包含非 null 值。请考虑添加 "required" 修饰符或将该 字段 声明为可为 null。 [D:\C#\VM\VisionMaster\VisionMaster_ncbuvzwb_wpftmp.csproj]
D:\C#\VM\VisionMaster\Views\DialogViews\ConditionEditorView.xaml.cs(218,46): warning CS8622: “void ConditionEditorView.VariableItem_PropertyChanged(object sender, PropertyChangedEventArgs e)”的参数“sender”类型中引用类型的为 Null 性与目标委托“PropertyChangedEventHandler”不匹配(可能是由于为 Null 性特性)。 [D:\C#\VM\VisionMaster\VisionMaster_ncbuvzwb_wpftmp.csproj]
D:\C#\VM\VisionMaster\Views\DialogViews\ConditionEditorView.xaml.cs(219,46): warning CS8622: “void ConditionEditorView.VariableItem_PropertyChanged(object sender, PropertyChangedEventArgs e)”的参数“sender”类型中引用类型的为 Null 性与目标委托“PropertyChangedEventHandler”不匹配(可能是由于为 Null 性特性)。 [D:\C#\VM\VisionMaster\VisionMaster_ncbuvzwb_wpftmp.csproj]
D:\C#\VM\VisionMaster\ViewModels\MonitorViewModel.cs(24,23): warning CS8618: 在退出构造函数时，不可为 null 的 属性 "DisplayText" 必须包含非 null 值。请考虑添加 "required" 修饰符或将该 属性 声明为可为 null。 [D:\C#\VM\VisionMaster\VisionMaster_ncbuvzwb_wpftmp.csproj]
D:\C#\VM\VisionMaster\ViewModels\MonitorViewModel.cs(26,23): warning CS8618: 在退出构造函数时，不可为 null 的 属性 "StepName" 必须包含非 null 值。请考虑添加 "required" 修饰符或将该 属性 声明为可为 null。 [D:\C#\VM\VisionMaster\VisionMaster_ncbuvzwb_wpftmp.csproj]
D:\C#\VM\VisionMaster\ViewModels\MonitorViewModel.cs(27,23): warning CS8618: 在退出构造函数时，不可为 null 的 属性 "PortName" 必须包含非 null 值。请考虑添加 "required" 修饰符或将该 属性 声明为可为 null。 [D:\C#\VM\VisionMaster\VisionMaster_ncbuvzwb_wpftmp.csproj]
D:\C#\VM\VisionMaster\ViewModels\MonitorViewModel.cs(30,23): warning CS8618: 在退出构造函数时，不可为 null 的 属性 "VariableName" 必须包含非 null 值。请考虑添加 "required" 修饰符或将该 属性 声明为可为 null。 [D:\C#\VM\VisionMaster\VisionMaster_ncbuvzwb_wpftmp.csproj]
D:\C#\VM\VisionMaster\ViewModels\DialogViewModels\VariableBindingViewModel.cs(198,16): warning CS8618: 在退出构造函数时，不可为 null 的 字段 "_lastBoundPort" 必须包含非 null 值。请考虑添加 "required" 修饰符或将该 字段 声明为可为 null。 [D:\C#\VM\VisionMaster\VisionMaster_ncbuvzwb_wpftmp.csproj]
D:\C#\VM\VisionMaster\ViewModels\DialogViewModels\VariableBindingViewModel.cs(198,16): warning CS8618: 在退出构造函数时，不可为 null 的 字段 "_lastBoundLink" 必须包含非 null 值。请考虑添加 "required" 修饰符或将该 字段 声明为可为 null。 [D:\C#\VM\VisionMaster\VisionMaster_ncbuvzwb_wpftmp.csproj]
D:\C#\VM\VisionMaster\ViewModels\DialogViewModels\VariableBindingViewModel.cs(198,16): warning CS8618: 在退出构造函数时，不可为 null 的 字段 "_targetStep" 必须包含非 null 值。请考虑添加 "required" 修饰符或将该 字段 声明为可为 null。 [D:\C#\VM\VisionMaster\VisionMaster_ncbuvzwb_wpftmp.csproj]
D:\C#\VM\VisionMaster\ViewModels\DialogViewModels\VariableBindingViewModel.cs(198,16): warning CS8618: 在退出构造函数时，不可为 null 的 字段 "_constantValue" 必须包含非 null 值。请考虑添加 "required" 修饰符或将该 字段 声明为可为 null。 [D:\C#\VM\VisionMaster\VisionMaster_ncbuvzwb_wpftmp.csproj]
D:\C#\VM\VisionMaster\ViewModels\DialogViewModels\VariableBindingViewModel.cs(198,16): warning CS8618: 在退出构造函数时，不可为 null 的 字段 "_selectedInputPort" 必须包含非 null 值。请考虑添加 "required" 修饰符或将该 字段 声明为可为 null。 [D:\C#\VM\VisionMaster\VisionMaster_ncbuvzwb_wpftmp.csproj]
D:\C#\VM\VisionMaster\ViewModels\DialogViewModels\VariableBindingViewModel.cs(198,16): warning CS8618: 在退出构造函数时，不可为 null 的 字段 "_selectedOutputPort" 必须包含非 null 值。请考虑添加 "required" 修饰符或将该 字段 声明为可为 null。 [D:\C#\VM\VisionMaster\VisionMaster_ncbuvzwb_wpftmp.csproj]
D:\C#\VM\VisionMaster\ViewModels\DialogViewModels\VariableBindingViewModel.cs(198,16): warning CS8618: 在退出构造函数时，不可为 null 的 字段 "_selectedNode" 必须包含非 null 值。请考虑添加 "required" 修饰符或将该 字段 声明为可为 null。 [D:\C#\VM\VisionMaster\VisionMaster_ncbuvzwb_wpftmp.csproj]
D:\C#\VM\VisionMaster\ViewModels\DialogViewModels\VariableBindingViewModel.cs(257,33): warning CS8601: 可能的 null 引用赋值。 [D:\C#\VM\VisionMaster\VisionMaster_ncbuvzwb_wpftmp.csproj]
D:\C#\VM\VisionMaster\ViewModels\DialogViewModels\SolutionListViewModel.cs(215,32): warning CS8601: 可能的 null 引用赋值。 [D:\C#\VM\VisionMaster\VisionMaster_ncbuvzwb_wpftmp.csproj]
D:\C#\VM\VisionMaster\ViewModels\MonitorViewModel.cs(117,61): warning CS8622: “void MonitorViewModel.OnGlobalVariablesChanged(object sender, NotifyCollectionChangedEventArgs e)”的参数“sender”类型中引用类型的为 Null 性与目标委托“NotifyCollectionChangedEventHandler”不匹配(可能是由于为 Null 性特性)。 [D:\C#\VM\VisionMaster\VisionMaster_ncbuvzwb_wpftmp.csproj]
D:\C#\VM\VisionMaster\ViewModels\MonitorViewModel.cs(123,60): warning CS8622: “void MonitorViewModel.OnVariableRenamed(object sender, VariableRenamedEventArgs e)”的参数“sender”类型中引用类型的为 Null 性与目标委托“EventHandler<VariableRenamedEventArgs>”不匹配(可能是由于为 Null 性特性)。 [D:\C#\VM\VisionMaster\VisionMaster_ncbuvzwb_wpftmp.csproj]
D:\C#\VM\VisionMaster\ViewModels\MonitorViewModel.cs(131,50): warning CS8622: “void MonitorViewModel.OnWorkspacePropertyChanged(object sender, PropertyChangedEventArgs e)”的参数“sender”类型中引用类型的为 Null 性与目标委托“PropertyChangedEventHandler”不匹配(可能是由于为 Null 性特性)。 [D:\C#\VM\VisionMaster\VisionMaster_ncbuvzwb_wpftmp.csproj]
D:\C#\VM\VisionMaster\ViewModels\MonitorViewModel.cs(138,65): warning CS8622: “void MonitorViewModel.OnSessionsChanged(object sender, NotifyCollectionChangedEventArgs e)”的参数“sender”类型中引用类型的为 Null 性与目标委托“NotifyCollectionChangedEventHandler”不匹配(可能是由于为 Null 性特性)。 [D:\C#\VM\VisionMaster\VisionMaster_ncbuvzwb_wpftmp.csproj]
D:\C#\VM\VisionMaster\ViewModels\MonitorViewModel.cs(100,16): warning CS8618: 在退出构造函数时，不可为 null 的 字段 "_searchText" 必须包含非 null 值。请考虑添加 "required" 修饰符或将该 字段 声明为可为 null。 [D:\C#\VM\VisionMaster\VisionMaster_ncbuvzwb_wpftmp.csproj]
D:\C#\VM\VisionMaster\ViewModels\MonitorViewModel.cs(100,16): warning CS8618: 在退出构造函数时，不可为 null 的 字段 "_selectedSuggestion" 必须包含非 null 值。请考虑添加 "required" 修饰符或将该 字段 声明为可为 null。 [D:\C#\VM\VisionMaster\VisionMaster_ncbuvzwb_wpftmp.csproj]
D:\C#\VM\VisionMaster\ViewModels\MonitorViewModel.cs(100,16): warning CS8618: 在退出构造函数时，不可为 null 的 字段 "_subscribedWatchItems" 必须包含非 null 值。请考虑添加 "required" 修饰符或将该 字段 声明为可为 null。 [D:\C#\VM\VisionMaster\VisionMaster_ncbuvzwb_wpftmp.csproj]
D:\C#\VM\VisionMaster\ViewModels\MonitorViewModel.cs(184,64): warning CS8622: “void MonitorViewModel.OnWatchItemsChanged(object sender, NotifyCollectionChangedEventArgs e)”的参数“sender”类型中引用类型的为 Null 性与目标委托“NotifyCollectionChangedEventHandler”不匹配(可能是由于为 Null 性特性)。 [D:\C#\VM\VisionMaster\VisionMaster_ncbuvzwb_wpftmp.csproj]
D:\C#\VM\VisionMaster\ViewModels\MonitorViewModel.cs(185,45): warning CS8625: 无法将 null 字面量转换为非 null 的引用类型。 [D:\C#\VM\VisionMaster\VisionMaster_ncbuvzwb_wpftmp.csproj]
D:\C#\VM\VisionMaster\ViewModels\MonitorViewModel.cs(196,60): warning CS8622: “void MonitorViewModel.OnWatchItemsChanged(object sender, NotifyCollectionChangedEventArgs e)”的参数“sender”类型中引用类型的为 Null 性与目标委托“NotifyCollectionChangedEventHandler”不匹配(可能是由于为 Null 性特性)。 [D:\C#\VM\VisionMaster\VisionMaster_ncbuvzwb_wpftmp.csproj]
D:\C#\VM\VisionMaster\ViewModels\MonitorViewModel.cs(198,56): warning CS8622: “void MonitorViewModel.OnWatchItemsChanged(object sender, NotifyCollectionChangedEventArgs e)”的参数“sender”类型中引用类型的为 Null 性与目标委托“NotifyCollectionChangedEventHandler”不匹配(可能是由于为 Null 性特性)。 [D:\C#\VM\VisionMaster\VisionMaster_ncbuvzwb_wpftmp.csproj]
D:\C#\VM\VisionMaster\ViewModels\DialogViewModels\ConditionEditorViewModel .cs(469,32): warning CS8603: 可能返回 null 引用。 [D:\C#\VM\VisionMaster\VisionMaster_ncbuvzwb_wpftmp.csproj]
D:\C#\VM\VisionMaster\ViewModels\DialogViewModels\ConditionEditorViewModel .cs(475,61): warning CS8603: 可能返回 null 引用。 [D:\C#\VM\VisionMaster\VisionMaster_ncbuvzwb_wpftmp.csproj]
D:\C#\VM\VisionMaster\ViewModels\DialogViewModels\ConditionEditorViewModel .cs(477,32): warning CS8600: 将 null 文本或可能的 null 值转换为不可为 null 类型。 [D:\C#\VM\VisionMaster\VisionMaster_ncbuvzwb_wpftmp.csproj]
D:\C#\VM\VisionMaster\ViewModels\DialogViewModels\ConditionEditorViewModel .cs(479,28): warning CS8603: 可能返回 null 引用。 [D:\C#\VM\VisionMaster\VisionMaster_ncbuvzwb_wpftmp.csproj]
D:\C#\VM\VisionMaster\ViewModels\DialogViewModels\ConditionEditorViewModel .cs(484,24): warning CS8603: 可能返回 null 引用。 [D:\C#\VM\VisionMaster\VisionMaster_ncbuvzwb_wpftmp.csproj]
D:\C#\VM\VisionMaster\ViewModels\DialogViewModels\FlowManagerViewModel.cs(98,43): warning CS8622: “void FlowManagerViewModel.OnWorkspacePropertyChanged(object sender, PropertyChangedEventArgs e)”的参数“sender”类型中引用类型的为 Null 性与目标委托“PropertyChangedEventHandler”不匹配(可能是由于为 Null 性特性)。 [D:\C#\VM\VisionMaster\VisionMaster_ncbuvzwb_wpftmp.csproj]
D:\C#\VM\VisionMaster\ViewModels\DialogViewModels\ConditionEditorViewModel .cs(447,35): warning CS8618: 在退出构造函数时，不可为 null 的 属性 "DuplicateChecker" 必须包含非 null 值。请考虑添加 "required" 修饰符或将该 属性 声明为可为 null。 [D:\C#\VM\VisionMaster\VisionMaster_ncbuvzwb_wpftmp.csproj]
D:\C#\VM\VisionMaster\ViewModels\DialogViewModels\ConditionEditorViewModel .cs(451,23): warning CS9264: 在退出构造函数时，不可为 null 的 属性 'AliasName' 必须包含非 null 值。请考虑添加“required”修饰符，或将 属性 声明为可为 null，或安全地处理“get”访问器中“field”为 null 的情况。 [D:\C#\VM\VisionMaster\VisionMaster_ncbuvzwb_wpftmp.csproj]
D:\C#\VM\VisionMaster\ViewModels\DialogViewModels\ConditionEditorViewModel .cs(461,23): warning CS9264: 在退出构造函数时，不可为 null 的 属性 'SourceAddress' 必须包含非 null 值。请考虑添加“required”修饰符，或将 属性 声明为可为 null，或安全地处理“get”访问器中“field”为 null 的情况。 [D:\C#\VM\VisionMaster\VisionMaster_ncbuvzwb_wpftmp.csproj]
D:\C#\VM\VisionMaster\ViewModels\DialogViewModels\ConditionEditorViewModel .cs(462,30): warning CS8618: 在退出构造函数时，不可为 null 的 属性 "OriginalLink" 必须包含非 null 值。请考虑添加 "required" 修饰符或将该 属性 声明为可为 null。 [D:\C#\VM\VisionMaster\VisionMaster_ncbuvzwb_wpftmp.csproj]
D:\C#\VM\VisionMaster\ViewModels\DialogViewModels\ConditionEditorViewModel .cs(96,68): warning CS8601: 可能的 null 引用赋值。 [D:\C#\VM\VisionMaster\VisionMaster_ncbuvzwb_wpftmp.csproj]
D:\C#\VM\VisionMaster\ViewModels\DialogViewModels\ConditionEditorViewModel .cs(97,39): warning CS8601: 可能的 null 引用赋值。 [D:\C#\VM\VisionMaster\VisionMaster_ncbuvzwb_wpftmp.csproj]
D:\C#\VM\VisionMaster\ViewModels\DialogViewModels\ConditionEditorViewModel .cs(138,44): warning CS8600: 将 null 文本或可能的 null 值转换为不可为 null 类型。 [D:\C#\VM\VisionMaster\VisionMaster_ncbuvzwb_wpftmp.csproj]
D:\C#\VM\VisionMaster\ViewModels\DialogViewModels\ConditionEditorViewModel .cs(144,30): warning CS8601: 可能的 null 引用赋值。 [D:\C#\VM\VisionMaster\VisionMaster_ncbuvzwb_wpftmp.csproj]
D:\C#\VM\VisionMaster\ViewModels\ProcessViewModel.cs(51,44): warning CS8601: 可能的 null 引用赋值。 [D:\C#\VM\VisionMaster\VisionMaster_ncbuvzwb_wpftmp.csproj]
D:\C#\VM\VisionMaster\ViewModels\ProcessViewModel.cs(57,42): warning CS8604: “void IWorkspaceManager.SwitchStep(StepModel step)”中的形参“step”可能传入 null 引用实参。 [D:\C#\VM\VisionMaster\VisionMaster_ncbuvzwb_wpftmp.csproj]
D:\C#\VM\VisionMaster\ViewModels\DialogViewModels\ConditionEditorViewModel .cs(148,16): warning CS8618: 在退出构造函数时，不可为 null 的 字段 "_targetNode" 必须包含非 null 值。请考虑添加 "required" 修饰符或将该 字段 声明为可为 null。 [D:\C#\VM\VisionMaster\VisionMaster_ncbuvzwb_wpftmp.csproj]
D:\C#\VM\VisionMaster\ViewModels\DialogViewModels\ConditionEditorViewModel .cs(148,16): warning CS8618: 在退出构造函数时，不可为 null 的 字段 "_targetForNode" 必须包含非 null 值。请考虑添加 "required" 修饰符或将该 字段 声明为可为 null。 [D:\C#\VM\VisionMaster\VisionMaster_ncbuvzwb_wpftmp.csproj]
D:\C#\VM\VisionMaster\ViewModels\DialogViewModels\ConditionEditorViewModel .cs(148,16): warning CS9264: 在退出构造函数时，不可为 null 的 属性 'Branches' 必须包含非 null 值。请考虑添加“required”修饰符，或将 属性 声明为可为 null，或安全地处理“get”访问器中“field”为 null 的情况。 [D:\C#\VM\VisionMaster\VisionMaster_ncbuvzwb_wpftmp.csproj]
D:\C#\VM\VisionMaster\ViewModels\DialogViewModels\ConditionEditorViewModel .cs(148,16): warning CS9264: 在退出构造函数时，不可为 null 的 属性 'SelectedBranch' 必须包含非 null 值。请考虑添加“required”修饰符，或将 属性 声明为可为 null，或安全地处理“get”访问器中“field”为 null 的情况。 [D:\C#\VM\VisionMaster\VisionMaster_ncbuvzwb_wpftmp.csproj]
D:\C#\VM\VisionMaster\ViewModels\DialogViewModels\ConditionEditorViewModel .cs(148,16): warning CS8618: 在退出构造函数时，不可为 null 的 字段 "_loopCountLinkDraft" 必须包含非 null 值。请考虑添加 "required" 修饰符或将该 字段 声明为可为 null。 [D:\C#\VM\VisionMaster\VisionMaster_ncbuvzwb_wpftmp.csproj]
D:\C#\VM\VisionMaster\ViewModels\DialogViewModels\ConditionEditorViewModel .cs(148,16): warning CS9264: 在退出构造函数时，不可为 null 的 属性 'LoopCountSourceText' 必须包含非 null 值。请考虑添加“required”修饰符，或将 属性 声明为可为 null，或安全地处理“get”访问器中“field”为 null 的情况。 [D:\C#\VM\VisionMaster\VisionMaster_ncbuvzwb_wpftmp.csproj]
D:\C#\VM\VisionMaster\ViewModels\DialogViewModels\ConditionEditorViewModel .cs(148,16): warning CS8618: 在退出构造函数时，不可为 null 的 事件 "BranchChanged" 必须包含非 null 值。请考虑添加 "required" 修饰符或将该 事件 声明为可为 null。 [D:\C#\VM\VisionMaster\VisionMaster_ncbuvzwb_wpftmp.csproj]
D:\C#\VM\VisionMaster\ViewModels\ProcessViewModel.cs(84,16): warning CS9264: 在退出构造函数时，不可为 null 的 属性 'SelectStep' 必须包含非 null 值。请考虑添加“required”修饰符，或将 属性 声明为可为 null，或安全地处理“get”访问器中“field”为 null 的情况。 [D:\C#\VM\VisionMaster\VisionMaster_ncbuvzwb_wpftmp.csproj]
D:\C#\VM\VisionMaster\ViewModels\ProcessViewModel.cs(84,16): warning CS8618: 在退出构造函数时，不可为 null 的 字段 "CurrentSelectedStepModel" 必须包含非 null 值。请考虑添加 "required" 修饰符或将该 字段 声明为可为 null。 [D:\C#\VM\VisionMaster\VisionMaster_ncbuvzwb_wpftmp.csproj]
D:\C#\VM\VisionMaster\ViewModels\ProcessViewModel.cs(122,54): warning CS8622: “void ProcessViewModel.OnWorkspacePropertyChanged(object sender, PropertyChangedEventArgs e)”的参数“sender”类型中引用类型的为 Null 性与目标委托“PropertyChangedEventHandler”不匹配(可能是由于为 Null 性特性)。 [D:\C#\VM\VisionMaster\VisionMaster_ncbuvzwb_wpftmp.csproj]
D:\C#\VM\VisionMaster\ViewModels\ProcessViewModel.cs(142,54): warning CS8622: “void ProcessViewModel.OnWorkspacePropertyChanged(object sender, PropertyChangedEventArgs e)”的参数“sender”类型中引用类型的为 Null 性与目标委托“PropertyChangedEventHandler”不匹配(可能是由于为 Null 性特性)。 [D:\C#\VM\VisionMaster\VisionMaster_ncbuvzwb_wpftmp.csproj]
D:\C#\VM\VisionMaster\ViewModels\DialogViewModels\ConditionEditorViewModel .cs(223,35): warning CS8625: 无法将 null 字面量转换为非 null 的引用类型。 [D:\C#\VM\VisionMaster\VisionMaster_ncbuvzwb_wpftmp.csproj]
D:\C#\VM\VisionMaster\ViewModels\DialogViewModels\ConditionEditorViewModel .cs(224,35): warning CS8625: 无法将 null 字面量转换为非 null 的引用类型。 [D:\C#\VM\VisionMaster\VisionMaster_ncbuvzwb_wpftmp.csproj]
D:\C#\VM\VisionMaster\ViewModels\ProcessViewModel.cs(148,33): warning CS8604: “void ProcessViewModel.TickRunningTimes(IEnumerable<StepModel> steps)”中的形参“steps”可能传入 null 引用实参。 [D:\C#\VM\VisionMaster\VisionMaster_ncbuvzwb_wpftmp.csproj]
D:\C#\VM\VisionMaster\ViewModels\DialogViewModels\VariableBindingViewModel.cs(528,62): warning CS8604: “InputPortUIModel.InputPortUIModel(PortDefinition schema, string linkedAddress)”中的形参“linkedAddress”可能传入 null 引用实参。 [D:\C#\VM\VisionMaster\VisionMaster_ncbuvzwb_wpftmp.csproj]
D:\C#\VM\VisionMaster\ViewModels\DialogViewModels\VariableBindingViewModel.cs(594,17): warning CS8601: 可能的 null 引用赋值。 [D:\C#\VM\VisionMaster\VisionMaster_ncbuvzwb_wpftmp.csproj]
D:\C#\VM\VisionMaster\ViewModels\DialogViewModels\VariableBindingViewModel.cs(600,23): warning CS8604: “void VariableBindingViewModel.BuildTree(IDialogParameters parameters = null)”中的形参“parameters”可能传入 null 引用实参。 [D:\C#\VM\VisionMaster\VisionMaster_ncbuvzwb_wpftmp.csproj]
D:\C#\VM\VisionMaster\ViewModels\DialogViewModels\VariableBindingViewModel.cs(605,28): warning CS8618: 在退出构造函数时，不可为 null 的 字段 "_option" 必须包含非 null 值。请考虑添加 "required" 修饰符或将该 字段 声明为可为 null。 [D:\C#\VM\VisionMaster\VisionMaster_ncbuvzwb_wpftmp.csproj]
D:\C#\VM\VisionMaster\ViewModels\ProcessViewModel.cs(210,41): warning CS8604: “void ParametersBase.Add(string key, object value)”中的形参“value”可能传入 null 引用实参。 [D:\C#\VM\VisionMaster\VisionMaster_ncbuvzwb_wpftmp.csproj]
D:\C#\VM\VisionMaster\ViewModels\ProcessViewModel.cs(228,24): warning CS8603: 可能返回 null 引用。 [D:\C#\VM\VisionMaster\VisionMaster_ncbuvzwb_wpftmp.csproj]
D:\C#\VM\VisionMaster\ViewModels\ProcessViewModel.cs(234,28): warning CS8603: 可能返回 null 引用。 [D:\C#\VM\VisionMaster\VisionMaster_ncbuvzwb_wpftmp.csproj]
D:\C#\VM\VisionMaster\ViewModels\ProcessViewModel.cs(241,24): warning CS8603: 可能返回 null 引用。 [D:\C#\VM\VisionMaster\VisionMaster_ncbuvzwb_wpftmp.csproj]
D:\C#\VM\VisionMaster\ViewModels\ProcessViewModel.cs(245,24): warning CS8603: 可能返回 null 引用。 [D:\C#\VM\VisionMaster\VisionMaster_ncbuvzwb_wpftmp.csproj]
D:\C#\VM\VisionMaster\ViewModels\MonitorViewModel.cs(320,173): warning CS8625: 无法将 null 字面量转换为非 null 的引用类型。 [D:\C#\VM\VisionMaster\VisionMaster_ncbuvzwb_wpftmp.csproj]
D:\C#\VM\VisionMaster\ViewModels\ProcessViewModel.cs(288,49): warning CS8600: 将 null 文本或可能的 null 值转换为不可为 null 类型。 [D:\C#\VM\VisionMaster\VisionMaster_ncbuvzwb_wpftmp.csproj]
D:\C#\VM\VisionMaster\ViewModels\ProcessViewModel.cs(299,59): warning CS8604: “AutoPortConfigView.AutoPortConfigView(IVisionPlugin plugin)”中的形参“plugin”可能传入 null 引用实参。 [D:\C#\VM\VisionMaster\VisionMaster_ncbuvzwb_wpftmp.csproj]
D:\C#\VM\VisionMaster\ViewModels\ProcessViewModel.cs(329,52): warning CS8625: 无法将 null 字面量转换为非 null 的引用类型。 [D:\C#\VM\VisionMaster\VisionMaster_ncbuvzwb_wpftmp.csproj]
D:\C#\VM\VisionMaster\ViewModels\DialogViewModels\ConditionEditorViewModel .cs(274,32): warning CS8600: 将 null 文本或可能的 null 值转换为不可为 null 类型。 [D:\C#\VM\VisionMaster\VisionMaster_ncbuvzwb_wpftmp.csproj]
D:\C#\VM\VisionMaster\ViewModels\DialogViewModels\ConditionEditorViewModel .cs(363,32): warning CS8600: 将 null 文本或可能的 null 值转换为不可为 null 类型。 [D:\C#\VM\VisionMaster\VisionMaster_ncbuvzwb_wpftmp.csproj]
D:\C#\VM\VisionMaster\ViewModels\DialogViewModels\GlobalVariableManagerViewModel.cs(31,21): warning CS8618: 在退出构造函数时，不可为 null 的 属性 "Value" 必须包含非 null 值。请考虑添加 "required" 修饰符或将该 属性 声明为可为 null。 [D:\C#\VM\VisionMaster\VisionMaster_ncbuvzwb_wpftmp.csproj]
D:\C#\VM\VisionMaster\ViewModels\DialogViewModels\GlobalVariableManagerViewModel.cs(32,23): warning CS8618: 在退出构造函数时，不可为 null 的 属性 "DisplayName" 必须包含非 null 值。请考虑添加 "required" 修饰符或将该 属性 声明为可为 null。 [D:\C#\VM\VisionMaster\VisionMaster_ncbuvzwb_wpftmp.csproj]
D:\C#\VM\VisionMaster\ViewModels\DialogViewModels\GlobalVariableViewModelBase.cs(29,61): warning CS8622: “void GlobalVariableViewModelBase.OnGlobalVariablesCollectionChanged(object sender, NotifyCollectionChangedEventArgs e)”的参数“sender”类型中引用类型的为 Null 性与目标委托“NotifyCollectionChangedEventHandler”不匹配(可能是由于为 Null 性特性)。 [D:\C#\VM\VisionMaster\VisionMaster_ncbuvzwb_wpftmp.csproj]
D:\C#\VM\VisionMaster\ViewModels\ProcessViewModel.cs(473,32): warning CS8600: 将 null 文本或可能的 null 值转换为不可为 null 类型。 [D:\C#\VM\VisionMaster\VisionMaster_ncbuvzwb_wpftmp.csproj]
D:\C#\VM\VisionMaster\ViewModels\ProcessViewModel.cs(513,37): warning CS8600: 将 null 文本或可能的 null 值转换为不可为 null 类型。 [D:\C#\VM\VisionMaster\VisionMaster_ncbuvzwb_wpftmp.csproj]
D:\C#\VM\VisionMaster\ViewModels\ProcessViewModel.cs(549,36): warning CS8600: 将 null 文本或可能的 null 值转换为不可为 null 类型。 [D:\C#\VM\VisionMaster\VisionMaster_ncbuvzwb_wpftmp.csproj]
D:\C#\VM\VisionMaster\ViewModels\DialogViewModels\GlobalVariableViewModelBase.cs(191,65): warning CS8622: “void GlobalVariableViewModelBase.OnGlobalVariablesCollectionChanged(object sender, NotifyCollectionChangedEventArgs e)”的参数“sender”类型中引用类型的为 Null 性与目标委托“NotifyCollectionChangedEventHandler”不匹配(可能是由于为 Null 性特性)。 [D:\C#\VM\VisionMaster\VisionMaster_ncbuvzwb_wpftmp.csproj]
D:\C#\VM\VisionMaster\ViewModels\DialogViewModels\GlobalVariableManagerViewModel.cs(22,23): warning CS8618: 在退出构造函数时，不可为 null 的 属性 "DisplayName" 必须包含非 null 值。请考虑添加 "required" 修饰符或将该 属性 声明为可为 null。 [D:\C#\VM\VisionMaster\VisionMaster_ncbuvzwb_wpftmp.csproj]
D:\C#\VM\VisionMaster\ViewModels\DialogViewModels\GlobalVariableManagerViewModel.cs(23,21): warning CS8618: 在退出构造函数时，不可为 null 的 属性 "ActualType" 必须包含非 null 值。请考虑添加 "required" 修饰符或将该 属性 声明为可为 null。 [D:\C#\VM\VisionMaster\VisionMaster_ncbuvzwb_wpftmp.csproj]
D:\C#\VM\VisionMaster\ViewModels\DialogViewModels\GlobalVariableManagerViewModel.cs(528,16): warning CS9264: 在退出构造函数时，不可为 null 的 属性 'NewVarName' 必须包含非 null 值。请考虑添加“required”修饰符，或将 属性 声明为可为 null，或安全地处理“get”访问器中“field”为 null 的情况。 [D:\C#\VM\VisionMaster\VisionMaster_ncbuvzwb_wpftmp.csproj]
D:\C#\VM\VisionMaster\ViewModels\DialogViewModels\GlobalVariableManagerViewModel.cs(528,16): warning CS9264: 在退出构造函数时，不可为 null 的 属性 'NewVarDescription' 必须包含非 null 值。请考虑添加“required”修饰符，或将 属性 声明为可为 null，或安全地处理“get”访问器中“field”为 null 的情况。 [D:\C#\VM\VisionMaster\VisionMaster_ncbuvzwb_wpftmp.csproj]
D:\C#\VM\VisionMaster\ViewModels\DialogViewModels\GlobalVariableManagerViewModel.cs(596,28): warning CS8601: 可能的 null 引用赋值。 [D:\C#\VM\VisionMaster\VisionMaster_ncbuvzwb_wpftmp.csproj]
D:\C#\VM\VisionMaster\ViewModels\DialogViewModels\GlobalVariableManagerViewModel.cs(598,37): warning CS8601: 可能的 null 引用赋值。 [D:\C#\VM\VisionMaster\VisionMaster_ncbuvzwb_wpftmp.csproj]
D:\C#\VM\VisionMaster\ViewModels\DialogViewModels\GlobalVariableManagerViewModel.cs(671,36): warning CS8601: 可能的 null 引用赋值。 [D:\C#\VM\VisionMaster\VisionMaster_ncbuvzwb_wpftmp.csproj]
D:\C#\VM\VisionMaster\ViewModels\DialogViewModels\GlobalVariableManagerViewModel.cs(672,36): warning CS8601: 可能的 null 引用赋值。 [D:\C#\VM\VisionMaster\VisionMaster_ncbuvzwb_wpftmp.csproj]
D:\C#\VM\VisionMaster\ViewModels\DialogViewModels\GlobalVariableManagerViewModel.cs(674,29): warning CS8601: 可能的 null 引用赋值。 [D:\C#\VM\VisionMaster\VisionMaster_ncbuvzwb_wpftmp.csproj]
D:\C#\VM\VisionMaster\ViewModels\DialogViewModels\GlobalVariableManagerViewModel.cs(676,29): warning CS8601: 可能的 null 引用赋值。 [D:\C#\VM\VisionMaster\VisionMaster_ncbuvzwb_wpftmp.csproj]
D:\C#\VM\VisionMaster\ViewModels\DialogViewModels\GlobalVariableManagerViewModel.cs(701,38): warning CS8622: “void GlobalVariableManagerViewModel.OnVariableValueChanged(object sender, EventArgs e)”的参数“sender”类型中引用类型的为 Null 性与目标委托“EventHandler”不匹配(可能是由于为 Null 性特性)。 [D:\C#\VM\VisionMaster\VisionMaster_ncbuvzwb_wpftmp.csproj]
D:\C#\VM\VisionMaster\ViewModels\DialogViewModels\GlobalVariableManagerViewModel.cs(707,38): warning CS8622: “void GlobalVariableManagerViewModel.OnVariableValueChanged(object sender, EventArgs e)”的参数“sender”类型中引用类型的为 Null 性与目标委托“EventHandler”不匹配(可能是由于为 Null 性特性)。 [D:\C#\VM\VisionMaster\VisionMaster_ncbuvzwb_wpftmp.csproj]
D:\C#\VM\VisionMaster\ViewModels\DialogViewModels\GlobalVariableManagerViewModel.cs(752,40): warning CS8604: “Array Array.CreateInstance(Type elementType, int length)”中的形参“elementType”可能传入 null 引用实参。 [D:\C#\VM\VisionMaster\VisionMaster_ncbuvzwb_wpftmp.csproj]
D:\C#\VM\VisionMaster\ViewModels\DialogViewModels\GlobalVariableManagerViewModel.cs(751,32): warning CS8600: 将 null 文本或可能的 null 值转换为不可为 null 类型。 [D:\C#\VM\VisionMaster\VisionMaster_ncbuvzwb_wpftmp.csproj]
D:\C#\VM\VisionMaster\ViewModels\DialogViewModels\PluginConfigShellViewModel.cs(39,16): warning CS8618: 在退出构造函数时，不可为 null 的 字段 "_stepData" 必须包含非 null 值。请考虑添加 "required" 修饰符或将该 字段 声明为可为 null。 [D:\C#\VM\VisionMaster\VisionMaster_ncbuvzwb_wpftmp.csproj]
D:\C#\VM\VisionMaster\ViewModels\DialogViewModels\PluginConfigShellViewModel.cs(39,16): warning CS8618: 在退出构造函数时，不可为 null 的 字段 "_pluginView" 必须包含非 null 值。请考虑添加 "required" 修饰符或将该 字段 声明为可为 null。 [D:\C#\VM\VisionMaster\VisionMaster_ncbuvzwb_wpftmp.csproj]
D:\C#\VM\VisionMaster\ViewModels\DialogViewModels\PluginConfigShellViewModel.cs(39,16): warning CS8618: 在退出构造函数时，不可为 null 的 字段 "_plugin" 必须包含非 null 值。请考虑添加 "required" 修饰符或将该 字段 声明为可为 null。 [D:\C#\VM\VisionMaster\VisionMaster_ncbuvzwb_wpftmp.csproj]
D:\C#\VM\VisionMaster\ViewModels\DialogViewModels\PluginConfigShellViewModel.cs(39,16): warning CS8618: 在退出构造函数时，不可为 null 的 字段 "_trialSession" 必须包含非 null 值。请考虑添加 "required" 修饰符或将该 字段 声明为可为 null。 [D:\C#\VM\VisionMaster\VisionMaster_ncbuvzwb_wpftmp.csproj]
D:\C#\VM\VisionMaster\ViewModels\DialogViewModels\PluginConfigShellViewModel.cs(39,16): warning CS8618: 在退出构造函数时，不可为 null 的 字段 "_execCts" 必须包含非 null 值。请考虑添加 "required" 修饰符或将该 字段 声明为可为 null。 [D:\C#\VM\VisionMaster\VisionMaster_ncbuvzwb_wpftmp.csproj]
D:\C#\VM\VisionMaster\ViewModels\DialogViewModels\PluginConfigShellViewModel.cs(39,16): warning CS8618: 在退出构造函数时，不可为 null 的 字段 "_execTask" 必须包含非 null 值。请考虑添加 "required" 修饰符或将该 字段 声明为可为 null。 [D:\C#\VM\VisionMaster\VisionMaster_ncbuvzwb_wpftmp.csproj]
D:\C#\VM\VisionMaster\ViewModels\DialogViewModels\PluginConfigShellViewModel.cs(39,16): warning CS8618: 在退出构造函数时，不可为 null 的 属性 "Title" 必须包含非 null 值。请考虑添加 "required" 修饰符或将该 属性 声明为可为 null。 [D:\C#\VM\VisionMaster\VisionMaster_ncbuvzwb_wpftmp.csproj]
D:\C#\VM\VisionMaster\ViewModels\DialogViewModels\PluginConfigShellViewModel.cs(39,16): warning CS8618: 在退出构造函数时，不可为 null 的 属性 "PluginIcon" 必须包含非 null 值。请考虑添加 "required" 修饰符或将该 属性 声明为可为 null。 [D:\C#\VM\VisionMaster\VisionMaster_ncbuvzwb_wpftmp.csproj]
D:\C#\VM\VisionMaster\ViewModels\DialogViewModels\PluginConfigShellViewModel.cs(39,16): warning CS8618: 在退出构造函数时，不可为 null 的 属性 "PluginName" 必须包含非 null 值。请考虑添加 "required" 修饰符或将该 属性 声明为可为 null。 [D:\C#\VM\VisionMaster\VisionMaster_ncbuvzwb_wpftmp.csproj]
D:\C#\VM\VisionMaster\ViewModels\DialogViewModels\PluginConfigShellViewModel.cs(39,16): warning CS8618: 在退出构造函数时，不可为 null 的 属性 "PluginDescription" 必须包含非 null 值。请考虑添加 "required" 修饰符或将该 属性 声明为可为 null。 [D:\C#\VM\VisionMaster\VisionMaster_ncbuvzwb_wpftmp.csproj]
D:\C#\VM\VisionMaster\ViewModels\DialogViewModels\PluginConfigShellViewModel.cs(39,16): warning CS8618: 在退出构造函数时，不可为 null 的 属性 "PluginViewContent" 必须包含非 null 值。请考虑添加 "required" 修饰符或将该 属性 声明为可为 null。 [D:\C#\VM\VisionMaster\VisionMaster_ncbuvzwb_wpftmp.csproj]
D:\C#\VM\VisionMaster\ViewModels\DialogViewModels\PluginConfigShellViewModel.cs(94,29): warning CS8625: 无法将 null 字面量转换为非 null 的引用类型。 [D:\C#\VM\VisionMaster\VisionMaster_ncbuvzwb_wpftmp.csproj]
D:\C#\VM\VisionMaster\ViewModels\DialogViewModels\PluginConfigShellViewModel.cs(109,27): warning CS8625: 无法将 null 字面量转换为非 null 的引用类型。 [D:\C#\VM\VisionMaster\VisionMaster_ncbuvzwb_wpftmp.csproj]
D:\C#\VM\VisionMaster\ViewModels\DialogViewModels\PluginConfigShellViewModel.cs(110,31): warning CS8625: 无法将 null 字面量转换为非 null 的引用类型。 [D:\C#\VM\VisionMaster\VisionMaster_ncbuvzwb_wpftmp.csproj]
D:\C#\VM\VisionMaster\ViewModels\DialogViewModels\PluginConfigShellViewModel.cs(111,37): warning CS8625: 无法将 null 字面量转换为非 null 的引用类型。 [D:\C#\VM\VisionMaster\VisionMaster_ncbuvzwb_wpftmp.csproj]
D:\C#\VM\VisionMaster\ViewModels\DialogViewModels\PluginConfigShellViewModel.cs(113,28): warning CS8625: 无法将 null 字面量转换为非 null 的引用类型。 [D:\C#\VM\VisionMaster\VisionMaster_ncbuvzwb_wpftmp.csproj]
D:\C#\VM\VisionMaster\ViewModels\DialogViewModels\MotionBoardViewModel.cs(155,51): warning CS8600: 将 null 文本或可能的 null 值转换为不可为 null 类型。 [D:\C#\VM\VisionMaster\VisionMaster_ncbuvzwb_wpftmp.csproj]
D:\C#\VM\VisionMaster\ViewModels\DialogViewModels\PluginConfigShellViewModel.cs(122,76): warning CS8600: 将 null 文本或可能的 null 值转换为不可为 null 类型。 [D:\C#\VM\VisionMaster\VisionMaster_ncbuvzwb_wpftmp.csproj]
D:\C#\VM\VisionMaster\ViewModels\DialogViewModels\PluginConfigShellViewModel.cs(129,31): warning CS8601: 可能的 null 引用赋值。 [D:\C#\VM\VisionMaster\VisionMaster_ncbuvzwb_wpftmp.csproj]
D:\C#\VM\VisionMaster\ViewModels\DialogViewModels\PluginConfigShellViewModel.cs(287,29): warning CS8625: 无法将 null 字面量转换为非 null 的引用类型。 [D:\C#\VM\VisionMaster\VisionMaster_ncbuvzwb_wpftmp.csproj]
D:\C#\VM\VisionMaster\ViewModels\DialogViewModels\PluginConfigShellViewModel.cs(309,46): warning CS8600: 将 null 文本或可能的 null 值转换为不可为 null 类型。 [D:\C#\VM\VisionMaster\VisionMaster_ncbuvzwb_wpftmp.csproj]
D:\C#\VM\VisionMaster\ViewModels\DialogViewModels\PluginConfigShellViewModel.cs(310,39): warning CS8600: 将 null 文本或可能的 null 值转换为不可为 null 类型。 [D:\C#\VM\VisionMaster\VisionMaster_ncbuvzwb_wpftmp.csproj]
D:\C#\VM\VisionMaster\ViewModels\DialogViewModels\PluginConfigShellViewModel.cs(311,35): warning CS8600: 将 null 文本或可能的 null 值转换为不可为 null 类型。 [D:\C#\VM\VisionMaster\VisionMaster_ncbuvzwb_wpftmp.csproj]
D:\C#\VM\VisionMaster\ViewModels\DialogViewModels\PluginConfigShellViewModel.cs(335,69): warning CS8604: “void PluginConfigShellViewModel.CompleteExecute(int runId, PluginExecuteResult result, FlowSession session, bool cancelled, Exception error)”中的形参“result”可能传入 null 引用实参。 [D:\C#\VM\VisionMaster\VisionMaster_ncbuvzwb_wpftmp.csproj]
D:\C#\VM\VisionMaster\ViewModels\DialogViewModels\PluginConfigShellViewModel.cs(335,77): warning CS8604: “void PluginConfigShellViewModel.CompleteExecute(int runId, PluginExecuteResult result, FlowSession session, bool cancelled, Exception error)”中的形参“session”可能传入 null 引用实参。 [D:\C#\VM\VisionMaster\VisionMaster_ncbuvzwb_wpftmp.csproj]
D:\C#\VM\VisionMaster\ViewModels\DialogViewModels\PluginConfigShellViewModel.cs(335,97): warning CS8604: “void PluginConfigShellViewModel.CompleteExecute(int runId, PluginExecuteResult result, FlowSession session, bool cancelled, Exception error)”中的形参“error”可能传入 null 引用实参。 [D:\C#\VM\VisionMaster\VisionMaster_ncbuvzwb_wpftmp.csproj]
D:\C#\VM\VisionMaster\ViewModels\DialogViewModels\MotionBoardDebugTabViewModel.cs(504,72): warning CS8604: “void MotionDebugAxisRow.Update(AxisStatus? status, bool mapEnabled, bool deviceOnline, bool deviceHomed, string modeText)”中的形参“modeText”可能传入 null 引用实参。 [D:\C#\VM\VisionMaster\VisionMaster_ncbuvzwb_wpftmp.csproj]
D:\C#\VM\VisionMaster\ViewModels\DialogViewModels\GlobalVariableManagerViewModel.cs(966,25): warning CS8604: “void DialogArrayEditor.Load(IEnumerable<string?> values)”中的形参“values”可能传入 null 引用实参。 [D:\C#\VM\VisionMaster\VisionMaster_ncbuvzwb_wpftmp.csproj]
D:\C#\VM\VisionMaster\ViewModels\DialogViewModels\GlobalVariableManagerViewModel.cs(1113,40): warning CS8622: “void GlobalVariableManagerViewModel.OnVariableValueChanged(object sender, EventArgs e)”的参数“sender”类型中引用类型的为 Null 性与目标委托“EventHandler”不匹配(可能是由于为 Null 性特性)。 [D:\C#\VM\VisionMaster\VisionMaster_ncbuvzwb_wpftmp.csproj]
D:\C#\VM\VisionMaster\ViewModels\FlowCanvasViewModel.cs(1098,74): warning CS8600: 将 null 文本或可能的 null 值转换为不可为 null 类型。 [D:\C#\VM\VisionMaster\VisionMaster_ncbuvzwb_wpftmp.csproj]
D:\C#\VM\VisionMaster\ViewModels\FlowCanvasViewModel.cs(1134,25): warning CS8604: “CanvasLinkBinding.CanvasLinkBinding(StepModel consumer, string key, string display)”中的形参“consumer”可能传入 null 引用实参。 [D:\C#\VM\VisionMaster\VisionMaster_ncbuvzwb_wpftmp.csproj]
D:\C#\VM\VisionMaster\ViewModels\MonitorViewModel.cs(538,78): warning CS8625: 无法将 null 字面量转换为非 null 的引用类型。 [D:\C#\VM\VisionMaster\VisionMaster_ncbuvzwb_wpftmp.csproj]
D:\C#\VM\VisionMaster\ViewModels\MonitorViewModel.cs(551,69): warning CS8625: 无法将 null 字面量转换为非 null 的引用类型。 [D:\C#\VM\VisionMaster\VisionMaster_ncbuvzwb_wpftmp.csproj]
D:\C#\VM\VisionMaster\ViewModels\MonitorViewModel.cs(577,107): warning CS8625: 无法将 null 字面量转换为非 null 的引用类型。 [D:\C#\VM\VisionMaster\VisionMaster_ncbuvzwb_wpftmp.csproj]
D:\C#\VM\VisionMaster\ViewModels\FlowCanvasViewModel.cs(1326,41): warning CS8604: “void Action<StepModel>.Invoke(StepModel obj)”中的形参“obj”可能传入 null 引用实参。 [D:\C#\VM\VisionMaster\VisionMaster_ncbuvzwb_wpftmp.csproj]
D:\C#\VM\VisionMaster\ShellViewModel.cs(505,29): warning CS0169: 从不使用字段“ShellViewModel._currentSession” [D:\C#\VM\VisionMaster\VisionMaster_ncbuvzwb_wpftmp.csproj]
D:\C#\VM\VisionMaster\ViewModels\DialogViewModels\VariableBindingViewModel.cs(502,62): warning CS8625: 无法将 null 字面量转换为非 null 的引用类型。 [D:\C#\VM\VisionMaster\VisionMaster.csproj]
D:\C#\VM\VisionMaster\Services\Camera\CameraProvider.cs(27,21): warning CS8618: 在退出构造函数时，不可为 null 的 属性 "DriverType" 必须包含非 null 值。请考虑添加 "required" 修饰符或将该 属性 声明为可为 null。 [D:\C#\VM\VisionMaster\VisionMaster.csproj]
D:\C#\VM\VisionMaster\Services\Camera\CameraProvider.cs(75,16): warning CS8618: 在退出构造函数时，不可为 null 的 字段 "_lastSyncedSolution" 必须包含非 null 值。请考虑添加 "required" 修饰符或将该 字段 声明为可为 null。 [D:\C#\VM\VisionMaster\VisionMaster.csproj]
D:\C#\VM\VisionMaster\Services\Camera\CameraProvider.cs(75,16): warning CS8618: 在退出构造函数时，不可为 null 的 事件 "DevicesChanged" 必须包含非 null 值。请考虑添加 "required" 修饰符或将该 事件 声明为可为 null。 [D:\C#\VM\VisionMaster\VisionMaster.csproj]
D:\C#\VM\VisionMaster\Services\Camera\NetworkCameraServer.cs(60,16): warning CS8618: 在退出构造函数时，不可为 null 的 字段 "_server" 必须包含非 null 值。请考虑添加 "required" 修饰符或将该 字段 声明为可为 null。 [D:\C#\VM\VisionMaster\VisionMaster.csproj]
D:\C#\VM\VisionMaster\Services\Camera\NetworkCameraServer.cs(60,16): warning CS8618: 在退出构造函数时，不可为 null 的 字段 "_config" 必须包含非 null 值。请考虑添加 "required" 修饰符或将该 字段 声明为可为 null。 [D:\C#\VM\VisionMaster\VisionMaster.csproj]
D:\C#\VM\VisionMaster\Services\HttpImageServer.cs(57,16): warning CS8618: 在退出构造函数时，不可为 null 的 字段 "_server" 必须包含非 null 值。请考虑添加 "required" 修饰符或将该 字段 声明为可为 null。 [D:\C#\VM\VisionMaster\VisionMaster.csproj]
D:\C#\VM\VisionMaster\Services\HttpImageServer.cs(57,16): warning CS8618: 在退出构造函数时，不可为 null 的 字段 "_config" 必须包含非 null 值。请考虑添加 "required" 修饰符或将该 字段 声明为可为 null。 [D:\C#\VM\VisionMaster\VisionMaster.csproj]
D:\C#\VM\VisionMaster\ShellViewModel.cs(53,43): warning CS8603: 可能返回 null 引用。 [D:\C#\VM\VisionMaster\VisionMaster.csproj]
D:\C#\VM\VisionMaster\Services\Camera\NetworkCameraServer.cs(131,23): warning CS8625: 无法将 null 字面量转换为非 null 的引用类型。 [D:\C#\VM\VisionMaster\VisionMaster.csproj]
D:\C#\VM\VisionMaster\Services\HttpImageServer.cs(140,23): warning CS8625: 无法将 null 字面量转换为非 null 的引用类型。 [D:\C#\VM\VisionMaster\VisionMaster.csproj]
D:\C#\VM\VisionMaster\Services\Camera\CameraProvider.cs(196,20): warning CS8603: 可能返回 null 引用。 [D:\C#\VM\VisionMaster\VisionMaster.csproj]
D:\C#\VM\VisionMaster\Services\Camera\CameraProvider.cs(210,59): warning CS8601: 可能的 null 引用赋值。 [D:\C#\VM\VisionMaster\VisionMaster.csproj]
D:\C#\VM\VisionMaster\Services\Camera\CameraProvider.cs(219,22): warning CS8625: 无法将 null 字面量转换为非 null 的引用类型。 [D:\C#\VM\VisionMaster\VisionMaster.csproj]
D:\C#\VM\VisionMaster\Services\Camera\CameraProvider.cs(227,53): warning CS8601: 可能的 null 引用赋值。 [D:\C#\VM\VisionMaster\VisionMaster.csproj]
D:\C#\VM\VisionMaster\Services\FlowOutputCollector.cs(48,51): warning CS8604: “Dictionary<string, Guid> FlowOutputCollector.BuildStepNameIndex(FlowSession session)”中的形参“session”可能传入 null 引用实参。 [D:\C#\VM\VisionMaster\VisionMaster.csproj]
D:\C#\VM\VisionMaster\Services\ScadaVariablePicker.cs(40,35): warning CS8604: “void ParametersBase.Add(string key, object value)”中的形参“value”可能传入 null 引用实参。 [D:\C#\VM\VisionMaster\VisionMaster.csproj]
D:\C#\VM\VisionMaster\Services\Camera\NetworkCameraServer.cs(261,22): warning CS8625: 无法将 null 字面量转换为非 null 的引用类型。 [D:\C#\VM\VisionMaster\VisionMaster.csproj]
D:\C#\VM\VisionMaster\Services\Camera\NetworkCameraServer.cs(262,20): warning CS8625: 无法将 null 字面量转换为非 null 的引用类型。 [D:\C#\VM\VisionMaster\VisionMaster.csproj]
D:\C#\VM\VisionMaster\Services\Camera\CameraProvider.cs(304,32): warning CS8625: 无法将 null 字面量转换为非 null 的引用类型。 [D:\C#\VM\VisionMaster\VisionMaster.csproj]
D:\C#\VM\VisionMaster\Services\Camera\CameraProvider.cs(360,28): warning CS8604: “void CameraProvider.RememberSynced(SolutionModel solution, int count)”中的形参“solution”可能传入 null 引用实参。 [D:\C#\VM\VisionMaster\VisionMaster.csproj]
D:\C#\VM\VisionMaster\Services\HttpImageServer.cs(298,39): warning CS8603: 可能返回 null 引用。 [D:\C#\VM\VisionMaster\VisionMaster.csproj]
D:\C#\VM\VisionMaster\Services\HttpImageServer.cs(302,20): warning CS8603: 可能返回 null 引用。 [D:\C#\VM\VisionMaster\VisionMaster.csproj]
D:\C#\VM\VisionMaster\Services\FlowOutputCollector.cs(114,77): warning CS8603: 可能返回 null 引用。 [D:\C#\VM\VisionMaster\VisionMaster.csproj]
D:\C#\VM\VisionMaster\Services\FlowOutputCollector.cs(115,20): warning CS8603: 可能返回 null 引用。 [D:\C#\VM\VisionMaster\VisionMaster.csproj]
D:\C#\VM\VisionMaster\Services\HttpImageServer.cs(312,23): warning CS8625: 无法将 null 字面量转换为非 null 的引用类型。 [D:\C#\VM\VisionMaster\VisionMaster.csproj]
D:\C#\VM\VisionMaster\Services\HttpImageServer.cs(313,21): warning CS8625: 无法将 null 字面量转换为非 null 的引用类型。 [D:\C#\VM\VisionMaster\VisionMaster.csproj]
D:\C#\VM\VisionMaster\ViewModels\ToolViewModel.cs(48,16): warning CS8618: 在退出构造函数时，不可为 null 的 字段 "searchText" 必须包含非 null 值。请考虑添加 "required" 修饰符或将该 字段 声明为可为 null。 [D:\C#\VM\VisionMaster\VisionMaster.csproj]
D:\C#\VM\VisionMaster\Services\ImageCollectionService.cs(304,17): warning CS8602: 解引用可能出现空引用。 [D:\C#\VM\VisionMaster\VisionMaster.csproj]
D:\C#\VM\VisionMaster\Services\Camera\CameraProvider.cs(433,24): warning CS8603: 可能返回 null 引用。 [D:\C#\VM\VisionMaster\VisionMaster.csproj]
D:\C#\VM\VisionMaster\Services\Camera\CameraProvider.cs(444,28): warning CS8603: 可能返回 null 引用。 [D:\C#\VM\VisionMaster\VisionMaster.csproj]
D:\C#\VM\VisionMaster\Services\Camera\CameraProvider.cs(457,24): warning CS8603: 可能返回 null 引用。 [D:\C#\VM\VisionMaster\VisionMaster.csproj]
D:\C#\VM\VisionMaster\ViewModels\CanvasLinkViewModel.cs(21,16): warning CS8618: 在退出构造函数时，不可为 null 的 属性 "UnbindCommand" 必须包含非 null 值。请考虑添加 "required" 修饰符或将该 属性 声明为可为 null。 [D:\C#\VM\VisionMaster\VisionMaster.csproj]
D:\C#\VM\VisionMaster\ShellViewModel.cs(243,16): warning CS8618: 在退出构造函数时，不可为 null 的 字段 "_cts" 必须包含非 null 值。请考虑添加 "required" 修饰符或将该 字段 声明为可为 null。 [D:\C#\VM\VisionMaster\VisionMaster.csproj]
D:\C#\VM\VisionMaster\ShellViewModel.cs(243,16): warning CS8618: 在退出构造函数时，不可为 null 的 字段 "_monitorTask" 必须包含非 null 值。请考虑添加 "required" 修饰符或将该 字段 声明为可为 null。 [D:\C#\VM\VisionMaster\VisionMaster.csproj]
D:\C#\VM\VisionMaster\ShellViewModel.cs(243,16): warning CS9264: 在退出构造函数时，不可为 null 的 属性 'HandleCountStr' 必须包含非 null 值。请考虑添加“required”修饰符，或将 属性 声明为可为 null，或安全地处理“get”访问器中“field”为 null 的情况。 [D:\C#\VM\VisionMaster\VisionMaster.csproj]
D:\C#\VM\VisionMaster\ShellViewModel.cs(243,16): warning CS9264: 在退出构造函数时，不可为 null 的 属性 'ThreadCountStr' 必须包含非 null 值。请考虑添加“required”修饰符，或将 属性 声明为可为 null，或安全地处理“get”访问器中“field”为 null 的情况。 [D:\C#\VM\VisionMaster\VisionMaster.csproj]
D:\C#\VM\VisionMaster\ShellViewModel.cs(243,16): warning CS9264: 在退出构造函数时，不可为 null 的 属性 'CpuUsageStr' 必须包含非 null 值。请考虑添加“required”修饰符，或将 属性 声明为可为 null，或安全地处理“get”访问器中“field”为 null 的情况。 [D:\C#\VM\VisionMaster\VisionMaster.csproj]
D:\C#\VM\VisionMaster\ShellViewModel.cs(243,16): warning CS9264: 在退出构造函数时，不可为 null 的 属性 'MemoryUsageStr' 必须包含非 null 值。请考虑添加“required”修饰符，或将 属性 声明为可为 null，或安全地处理“get”访问器中“field”为 null 的情况。 [D:\C#\VM\VisionMaster\VisionMaster.csproj]
D:\C#\VM\VisionMaster\ShellViewModel.cs(243,16): warning CS9264: 在退出构造函数时，不可为 null 的 属性 'CurrentTimeText' 必须包含非 null 值。请考虑添加“required”修饰符，或将 属性 声明为可为 null，或安全地处理“get”访问器中“field”为 null 的情况。 [D:\C#\VM\VisionMaster\VisionMaster.csproj]
D:\C#\VM\VisionMaster\ShellViewModel.cs(243,16): warning CS8618: 在退出构造函数时，不可为 null 的 字段 "_currentSession" 必须包含非 null 值。请考虑添加 "required" 修饰符或将该 字段 声明为可为 null。 [D:\C#\VM\VisionMaster\VisionMaster.csproj]
D:\C#\VM\VisionMaster\Services\LayoutHelper.cs(88,20): warning CS8603: 可能返回 null 引用。 [D:\C#\VM\VisionMaster\VisionMaster.csproj]
D:\C#\VM\VisionMaster\Services\LayoutHelper.cs(157,45): warning CS8603: 可能返回 null 引用。 [D:\C#\VM\VisionMaster\VisionMaster.csproj]
D:\C#\VM\VisionMaster\Services\LayoutHelper.cs(172,24): warning CS8603: 可能返回 null 引用。 [D:\C#\VM\VisionMaster\VisionMaster.csproj]
D:\C#\VM\VisionMaster\Services\NetworkVariableBridge.cs(110,29): warning CS8601: 可能的 null 引用赋值。 [D:\C#\VM\VisionMaster\VisionMaster.csproj]
D:\C#\VM\VisionMaster\Services\LayoutHelper.cs(275,26): warning CS8625: 无法将 null 字面量转换为非 null 的引用类型。 [D:\C#\VM\VisionMaster\VisionMaster.csproj]
D:\C#\VM\VisionMaster\Services\FlowOutputCollector.cs(127,31): warning CS8600: 将 null 文本或可能的 null 值转换为不可为 null 类型。 [D:\C#\VM\VisionMaster\VisionMaster.csproj]
D:\C#\VM\VisionMaster\Services\FlowOutputCollector.cs(137,62): warning CS8604: “object FlowOutputCollector.ToJsonValue(object value)”中的形参“value”可能传入 null 引用实参。 [D:\C#\VM\VisionMaster\VisionMaster.csproj]
D:\C#\VM\VisionMaster\Services\LayoutHelper.cs(329,57): warning CS8603: 可能返回 null 引用。 [D:\C#\VM\VisionMaster\VisionMaster.csproj]
D:\C#\VM\VisionMaster\Services\LayoutHelper.cs(332,41): warning CS8603: 可能返回 null 引用。 [D:\C#\VM\VisionMaster\VisionMaster.csproj]
D:\C#\VM\VisionMaster\Services\LayoutHelper.cs(334,20): warning CS8603: 可能返回 null 引用。 [D:\C#\VM\VisionMaster\VisionMaster.csproj]
D:\C#\VM\VisionMaster\Services\LayoutHelper.cs(422,50): warning CS8604: “bool Dictionary<string, Func<object>>.TryGetValue(string key, out Func<object> value)”中的形参“key”可能传入 null 引用实参。 [D:\C#\VM\VisionMaster\VisionMaster.csproj]
D:\C#\VM\VisionMaster\Services\FlowOutputCollector.cs(165,28): warning CS8603: 可能返回 null 引用。 [D:\C#\VM\VisionMaster\VisionMaster.csproj]
D:\C#\VM\VisionMaster\Services\FlowOutputCollector.cs(230,28): warning CS8603: 可能返回 null 引用。 [D:\C#\VM\VisionMaster\VisionMaster.csproj]
D:\C#\VM\VisionMaster\ViewModels\DialogViewModels\VariableBindingViewModel.cs(64,38): warning CS8625: 无法将 null 字面量转换为非 null 的引用类型。 [D:\C#\VM\VisionMaster\VisionMaster.csproj]
D:\C#\VM\VisionMaster\ViewModels\DialogViewModels\SolutionListViewModel.cs(87,16): warning CS8618: 在退出构造函数时，不可为 null 的 字段 "_selectedSolution" 必须包含非 null 值。请考虑添加 "required" 修饰符或将该 字段 声明为可为 null。 [D:\C#\VM\VisionMaster\VisionMaster.csproj]
D:\C#\VM\VisionMaster\ViewModels\FlowListViewModel.cs(63,16): warning CS9264: 在退出构造函数时，不可为 null 的 属性 'SelectFlow' 必须包含非 null 值。请考虑添加“required”修饰符，或将 属性 声明为可为 null，或安全地处理“get”访问器中“field”为 null 的情况。 [D:\C#\VM\VisionMaster\VisionMaster.csproj]
D:\C#\VM\VisionMaster\Services\ScadaPagePicker.cs(39,35): warning CS8604: “void ParametersBase.Add(string key, object value)”中的形参“value”可能传入 null 引用实参。 [D:\C#\VM\VisionMaster\VisionMaster.csproj]
D:\C#\VM\VisionMaster\ViewModels\MonitorViewModel.cs(24,23): warning CS8618: 在退出构造函数时，不可为 null 的 属性 "DisplayText" 必须包含非 null 值。请考虑添加 "required" 修饰符或将该 属性 声明为可为 null。 [D:\C#\VM\VisionMaster\VisionMaster.csproj]
D:\C#\VM\VisionMaster\ViewModels\MonitorViewModel.cs(26,23): warning CS8618: 在退出构造函数时，不可为 null 的 属性 "StepName" 必须包含非 null 值。请考虑添加 "required" 修饰符或将该 属性 声明为可为 null。 [D:\C#\VM\VisionMaster\VisionMaster.csproj]
D:\C#\VM\VisionMaster\ViewModels\MonitorViewModel.cs(27,23): warning CS8618: 在退出构造函数时，不可为 null 的 属性 "PortName" 必须包含非 null 值。请考虑添加 "required" 修饰符或将该 属性 声明为可为 null。 [D:\C#\VM\VisionMaster\VisionMaster.csproj]
D:\C#\VM\VisionMaster\ViewModels\MonitorViewModel.cs(30,23): warning CS8618: 在退出构造函数时，不可为 null 的 属性 "VariableName" 必须包含非 null 值。请考虑添加 "required" 修饰符或将该 属性 声明为可为 null。 [D:\C#\VM\VisionMaster\VisionMaster.csproj]
D:\C#\VM\VisionMaster\ViewModels\DialogViewModels\VariableBindingViewModel.cs(198,16): warning CS8618: 在退出构造函数时，不可为 null 的 字段 "_lastBoundPort" 必须包含非 null 值。请考虑添加 "required" 修饰符或将该 字段 声明为可为 null。 [D:\C#\VM\VisionMaster\VisionMaster.csproj]
D:\C#\VM\VisionMaster\ViewModels\DialogViewModels\VariableBindingViewModel.cs(198,16): warning CS8618: 在退出构造函数时，不可为 null 的 字段 "_lastBoundLink" 必须包含非 null 值。请考虑添加 "required" 修饰符或将该 字段 声明为可为 null。 [D:\C#\VM\VisionMaster\VisionMaster.csproj]
D:\C#\VM\VisionMaster\ViewModels\DialogViewModels\VariableBindingViewModel.cs(198,16): warning CS8618: 在退出构造函数时，不可为 null 的 字段 "_targetStep" 必须包含非 null 值。请考虑添加 "required" 修饰符或将该 字段 声明为可为 null。 [D:\C#\VM\VisionMaster\VisionMaster.csproj]
D:\C#\VM\VisionMaster\ViewModels\DialogViewModels\VariableBindingViewModel.cs(198,16): warning CS8618: 在退出构造函数时，不可为 null 的 字段 "_constantValue" 必须包含非 null 值。请考虑添加 "required" 修饰符或将该 字段 声明为可为 null。 [D:\C#\VM\VisionMaster\VisionMaster.csproj]
D:\C#\VM\VisionMaster\ViewModels\DialogViewModels\VariableBindingViewModel.cs(198,16): warning CS8618: 在退出构造函数时，不可为 null 的 字段 "_selectedInputPort" 必须包含非 null 值。请考虑添加 "required" 修饰符或将该 字段 声明为可为 null。 [D:\C#\VM\VisionMaster\VisionMaster.csproj]
D:\C#\VM\VisionMaster\ViewModels\DialogViewModels\VariableBindingViewModel.cs(198,16): warning CS8618: 在退出构造函数时，不可为 null 的 字段 "_selectedOutputPort" 必须包含非 null 值。请考虑添加 "required" 修饰符或将该 字段 声明为可为 null。 [D:\C#\VM\VisionMaster\VisionMaster.csproj]
D:\C#\VM\VisionMaster\ViewModels\DialogViewModels\VariableBindingViewModel.cs(198,16): warning CS8618: 在退出构造函数时，不可为 null 的 字段 "_selectedNode" 必须包含非 null 值。请考虑添加 "required" 修饰符或将该 字段 声明为可为 null。 [D:\C#\VM\VisionMaster\VisionMaster.csproj]
D:\C#\VM\VisionMaster\ViewModels\DialogViewModels\SolutionListViewModel.cs(215,32): warning CS8601: 可能的 null 引用赋值。 [D:\C#\VM\VisionMaster\VisionMaster.csproj]
D:\C#\VM\VisionMaster\ViewModels\DialogViewModels\VariableBindingViewModel.cs(257,33): warning CS8601: 可能的 null 引用赋值。 [D:\C#\VM\VisionMaster\VisionMaster.csproj]
D:\C#\VM\VisionMaster\ViewModels\MonitorViewModel.cs(117,61): warning CS8622: “void MonitorViewModel.OnGlobalVariablesChanged(object sender, NotifyCollectionChangedEventArgs e)”的参数“sender”类型中引用类型的为 Null 性与目标委托“NotifyCollectionChangedEventHandler”不匹配(可能是由于为 Null 性特性)。 [D:\C#\VM\VisionMaster\VisionMaster.csproj]
D:\C#\VM\VisionMaster\ViewModels\MonitorViewModel.cs(123,60): warning CS8622: “void MonitorViewModel.OnVariableRenamed(object sender, VariableRenamedEventArgs e)”的参数“sender”类型中引用类型的为 Null 性与目标委托“EventHandler<VariableRenamedEventArgs>”不匹配(可能是由于为 Null 性特性)。 [D:\C#\VM\VisionMaster\VisionMaster.csproj]
D:\C#\VM\VisionMaster\ViewModels\MonitorViewModel.cs(131,50): warning CS8622: “void MonitorViewModel.OnWorkspacePropertyChanged(object sender, PropertyChangedEventArgs e)”的参数“sender”类型中引用类型的为 Null 性与目标委托“PropertyChangedEventHandler”不匹配(可能是由于为 Null 性特性)。 [D:\C#\VM\VisionMaster\VisionMaster.csproj]
D:\C#\VM\VisionMaster\ViewModels\MonitorViewModel.cs(138,65): warning CS8622: “void MonitorViewModel.OnSessionsChanged(object sender, NotifyCollectionChangedEventArgs e)”的参数“sender”类型中引用类型的为 Null 性与目标委托“NotifyCollectionChangedEventHandler”不匹配(可能是由于为 Null 性特性)。 [D:\C#\VM\VisionMaster\VisionMaster.csproj]
D:\C#\VM\VisionMaster\ViewModels\MonitorViewModel.cs(100,16): warning CS8618: 在退出构造函数时，不可为 null 的 字段 "_searchText" 必须包含非 null 值。请考虑添加 "required" 修饰符或将该 字段 声明为可为 null。 [D:\C#\VM\VisionMaster\VisionMaster.csproj]
D:\C#\VM\VisionMaster\ViewModels\MonitorViewModel.cs(100,16): warning CS8618: 在退出构造函数时，不可为 null 的 字段 "_selectedSuggestion" 必须包含非 null 值。请考虑添加 "required" 修饰符或将该 字段 声明为可为 null。 [D:\C#\VM\VisionMaster\VisionMaster.csproj]
D:\C#\VM\VisionMaster\ViewModels\MonitorViewModel.cs(100,16): warning CS8618: 在退出构造函数时，不可为 null 的 字段 "_subscribedWatchItems" 必须包含非 null 值。请考虑添加 "required" 修饰符或将该 字段 声明为可为 null。 [D:\C#\VM\VisionMaster\VisionMaster.csproj]
D:\C#\VM\VisionMaster\ViewModels\MonitorViewModel.cs(184,64): warning CS8622: “void MonitorViewModel.OnWatchItemsChanged(object sender, NotifyCollectionChangedEventArgs e)”的参数“sender”类型中引用类型的为 Null 性与目标委托“NotifyCollectionChangedEventHandler”不匹配(可能是由于为 Null 性特性)。 [D:\C#\VM\VisionMaster\VisionMaster.csproj]
D:\C#\VM\VisionMaster\ViewModels\MonitorViewModel.cs(185,45): warning CS8625: 无法将 null 字面量转换为非 null 的引用类型。 [D:\C#\VM\VisionMaster\VisionMaster.csproj]
D:\C#\VM\VisionMaster\ViewModels\MonitorViewModel.cs(196,60): warning CS8622: “void MonitorViewModel.OnWatchItemsChanged(object sender, NotifyCollectionChangedEventArgs e)”的参数“sender”类型中引用类型的为 Null 性与目标委托“NotifyCollectionChangedEventHandler”不匹配(可能是由于为 Null 性特性)。 [D:\C#\VM\VisionMaster\VisionMaster.csproj]
D:\C#\VM\VisionMaster\ViewModels\MonitorViewModel.cs(198,56): warning CS8622: “void MonitorViewModel.OnWatchItemsChanged(object sender, NotifyCollectionChangedEventArgs e)”的参数“sender”类型中引用类型的为 Null 性与目标委托“NotifyCollectionChangedEventHandler”不匹配(可能是由于为 Null 性特性)。 [D:\C#\VM\VisionMaster\VisionMaster.csproj]
D:\C#\VM\VisionMaster\ViewModels\DialogViewModels\VariableBindingViewModel.cs(528,62): warning CS8604: “InputPortUIModel.InputPortUIModel(PortDefinition schema, string linkedAddress)”中的形参“linkedAddress”可能传入 null 引用实参。 [D:\C#\VM\VisionMaster\VisionMaster.csproj]
D:\C#\VM\VisionMaster\ViewModels\MonitorViewModel.cs(320,173): warning CS8625: 无法将 null 字面量转换为非 null 的引用类型。 [D:\C#\VM\VisionMaster\VisionMaster.csproj]
D:\C#\VM\VisionMaster\ViewModels\DialogViewModels\VariableBindingViewModel.cs(594,17): warning CS8601: 可能的 null 引用赋值。 [D:\C#\VM\VisionMaster\VisionMaster.csproj]
D:\C#\VM\VisionMaster\ViewModels\DialogViewModels\VariableBindingViewModel.cs(600,23): warning CS8604: “void VariableBindingViewModel.BuildTree(IDialogParameters parameters = null)”中的形参“parameters”可能传入 null 引用实参。 [D:\C#\VM\VisionMaster\VisionMaster.csproj]
D:\C#\VM\VisionMaster\ViewModels\DialogViewModels\VariableBindingViewModel.cs(605,28): warning CS8618: 在退出构造函数时，不可为 null 的 字段 "_option" 必须包含非 null 值。请考虑添加 "required" 修饰符或将该 字段 声明为可为 null。 [D:\C#\VM\VisionMaster\VisionMaster.csproj]
D:\C#\VM\VisionMaster\Services\LayoutHelper.cs(439,32): warning CS8600: 将 null 文本或可能的 null 值转换为不可为 null 类型。 [D:\C#\VM\VisionMaster\VisionMaster.csproj]
D:\C#\VM\VisionMaster\ViewModels\DialogViewModels\ConditionEditorViewModel .cs(469,32): warning CS8603: 可能返回 null 引用。 [D:\C#\VM\VisionMaster\VisionMaster.csproj]
D:\C#\VM\VisionMaster\ViewModels\DialogViewModels\ConditionEditorViewModel .cs(96,68): warning CS8601: 可能的 null 引用赋值。 [D:\C#\VM\VisionMaster\VisionMaster.csproj]
D:\C#\VM\VisionMaster\ViewModels\DialogViewModels\ConditionEditorViewModel .cs(97,39): warning CS8601: 可能的 null 引用赋值。 [D:\C#\VM\VisionMaster\VisionMaster.csproj]
D:\C#\VM\VisionMaster\ViewModels\DialogViewModels\ConditionEditorViewModel .cs(138,44): warning CS8600: 将 null 文本或可能的 null 值转换为不可为 null 类型。 [D:\C#\VM\VisionMaster\VisionMaster.csproj]
D:\C#\VM\VisionMaster\ViewModels\DialogViewModels\ConditionEditorViewModel .cs(144,30): warning CS8601: 可能的 null 引用赋值。 [D:\C#\VM\VisionMaster\VisionMaster.csproj]
D:\C#\VM\VisionMaster\ViewModels\DialogViewModels\ConditionEditorViewModel .cs(475,61): warning CS8603: 可能返回 null 引用。 [D:\C#\VM\VisionMaster\VisionMaster.csproj]
D:\C#\VM\VisionMaster\ViewModels\DialogViewModels\ConditionEditorViewModel .cs(477,32): warning CS8600: 将 null 文本或可能的 null 值转换为不可为 null 类型。 [D:\C#\VM\VisionMaster\VisionMaster.csproj]
D:\C#\VM\VisionMaster\ViewModels\DialogViewModels\ConditionEditorViewModel .cs(479,28): warning CS8603: 可能返回 null 引用。 [D:\C#\VM\VisionMaster\VisionMaster.csproj]
D:\C#\VM\VisionMaster\ViewModels\DialogViewModels\ConditionEditorViewModel .cs(484,24): warning CS8603: 可能返回 null 引用。 [D:\C#\VM\VisionMaster\VisionMaster.csproj]
D:\C#\VM\VisionMaster\ViewModels\DialogViewModels\ConditionEditorViewModel .cs(447,35): warning CS8618: 在退出构造函数时，不可为 null 的 属性 "DuplicateChecker" 必须包含非 null 值。请考虑添加 "required" 修饰符或将该 属性 声明为可为 null。 [D:\C#\VM\VisionMaster\VisionMaster.csproj]
D:\C#\VM\VisionMaster\ViewModels\DialogViewModels\ConditionEditorViewModel .cs(451,23): warning CS9264: 在退出构造函数时，不可为 null 的 属性 'AliasName' 必须包含非 null 值。请考虑添加“required”修饰符，或将 属性 声明为可为 null，或安全地处理“get”访问器中“field”为 null 的情况。 [D:\C#\VM\VisionMaster\VisionMaster.csproj]
D:\C#\VM\VisionMaster\ViewModels\DialogViewModels\ConditionEditorViewModel .cs(461,23): warning CS9264: 在退出构造函数时，不可为 null 的 属性 'SourceAddress' 必须包含非 null 值。请考虑添加“required”修饰符，或将 属性 声明为可为 null，或安全地处理“get”访问器中“field”为 null 的情况。 [D:\C#\VM\VisionMaster\VisionMaster.csproj]
D:\C#\VM\VisionMaster\ViewModels\DialogViewModels\ConditionEditorViewModel .cs(462,30): warning CS8618: 在退出构造函数时，不可为 null 的 属性 "OriginalLink" 必须包含非 null 值。请考虑添加 "required" 修饰符或将该 属性 声明为可为 null。 [D:\C#\VM\VisionMaster\VisionMaster.csproj]
D:\C#\VM\VisionMaster\ViewModels\DialogViewModels\ConditionEditorViewModel .cs(148,16): warning CS8618: 在退出构造函数时，不可为 null 的 字段 "_targetNode" 必须包含非 null 值。请考虑添加 "required" 修饰符或将该 字段 声明为可为 null。 [D:\C#\VM\VisionMaster\VisionMaster.csproj]
D:\C#\VM\VisionMaster\ViewModels\DialogViewModels\ConditionEditorViewModel .cs(148,16): warning CS8618: 在退出构造函数时，不可为 null 的 字段 "_targetForNode" 必须包含非 null 值。请考虑添加 "required" 修饰符或将该 字段 声明为可为 null。 [D:\C#\VM\VisionMaster\VisionMaster.csproj]
D:\C#\VM\VisionMaster\ViewModels\DialogViewModels\ConditionEditorViewModel .cs(148,16): warning CS9264: 在退出构造函数时，不可为 null 的 属性 'Branches' 必须包含非 null 值。请考虑添加“required”修饰符，或将 属性 声明为可为 null，或安全地处理“get”访问器中“field”为 null 的情况。 [D:\C#\VM\VisionMaster\VisionMaster.csproj]
D:\C#\VM\VisionMaster\ViewModels\DialogViewModels\ConditionEditorViewModel .cs(148,16): warning CS9264: 在退出构造函数时，不可为 null 的 属性 'SelectedBranch' 必须包含非 null 值。请考虑添加“required”修饰符，或将 属性 声明为可为 null，或安全地处理“get”访问器中“field”为 null 的情况。 [D:\C#\VM\VisionMaster\VisionMaster.csproj]
D:\C#\VM\VisionMaster\ViewModels\DialogViewModels\ConditionEditorViewModel .cs(148,16): warning CS8618: 在退出构造函数时，不可为 null 的 字段 "_loopCountLinkDraft" 必须包含非 null 值。请考虑添加 "required" 修饰符或将该 字段 声明为可为 null。 [D:\C#\VM\VisionMaster\VisionMaster.csproj]
D:\C#\VM\VisionMaster\ViewModels\DialogViewModels\ConditionEditorViewModel .cs(148,16): warning CS9264: 在退出构造函数时，不可为 null 的 属性 'LoopCountSourceText' 必须包含非 null 值。请考虑添加“required”修饰符，或将 属性 声明为可为 null，或安全地处理“get”访问器中“field”为 null 的情况。 [D:\C#\VM\VisionMaster\VisionMaster.csproj]
D:\C#\VM\VisionMaster\ViewModels\DialogViewModels\ConditionEditorViewModel .cs(148,16): warning CS8618: 在退出构造函数时，不可为 null 的 事件 "BranchChanged" 必须包含非 null 值。请考虑添加 "required" 修饰符或将该 事件 声明为可为 null。 [D:\C#\VM\VisionMaster\VisionMaster.csproj]
D:\C#\VM\VisionMaster\ViewModels\DialogViewModels\FlowManagerViewModel.cs(98,43): warning CS8622: “void FlowManagerViewModel.OnWorkspacePropertyChanged(object sender, PropertyChangedEventArgs e)”的参数“sender”类型中引用类型的为 Null 性与目标委托“PropertyChangedEventHandler”不匹配(可能是由于为 Null 性特性)。 [D:\C#\VM\VisionMaster\VisionMaster.csproj]
D:\C#\VM\VisionMaster\ViewModels\DialogViewModels\ConditionEditorViewModel .cs(223,35): warning CS8625: 无法将 null 字面量转换为非 null 的引用类型。 [D:\C#\VM\VisionMaster\VisionMaster.csproj]
D:\C#\VM\VisionMaster\ViewModels\DialogViewModels\ConditionEditorViewModel .cs(224,35): warning CS8625: 无法将 null 字面量转换为非 null 的引用类型。 [D:\C#\VM\VisionMaster\VisionMaster.csproj]
D:\C#\VM\VisionMaster\ViewModels\MonitorViewModel.cs(538,78): warning CS8625: 无法将 null 字面量转换为非 null 的引用类型。 [D:\C#\VM\VisionMaster\VisionMaster.csproj]
D:\C#\VM\VisionMaster\ViewModels\MonitorViewModel.cs(551,69): warning CS8625: 无法将 null 字面量转换为非 null 的引用类型。 [D:\C#\VM\VisionMaster\VisionMaster.csproj]
D:\C#\VM\VisionMaster\ViewModels\MonitorViewModel.cs(577,107): warning CS8625: 无法将 null 字面量转换为非 null 的引用类型。 [D:\C#\VM\VisionMaster\VisionMaster.csproj]
D:\C#\VM\VisionMaster\ViewModels\DialogViewModels\GlobalVariableManagerViewModel.cs(22,23): warning CS8618: 在退出构造函数时，不可为 null 的 属性 "DisplayName" 必须包含非 null 值。请考虑添加 "required" 修饰符或将该 属性 声明为可为 null。 [D:\C#\VM\VisionMaster\VisionMaster.csproj]
D:\C#\VM\VisionMaster\ViewModels\DialogViewModels\GlobalVariableManagerViewModel.cs(23,21): warning CS8618: 在退出构造函数时，不可为 null 的 属性 "ActualType" 必须包含非 null 值。请考虑添加 "required" 修饰符或将该 属性 声明为可为 null。 [D:\C#\VM\VisionMaster\VisionMaster.csproj]
D:\C#\VM\VisionMaster\ViewModels\DialogViewModels\GlobalVariableManagerViewModel.cs(31,21): warning CS8618: 在退出构造函数时，不可为 null 的 属性 "Value" 必须包含非 null 值。请考虑添加 "required" 修饰符或将该 属性 声明为可为 null。 [D:\C#\VM\VisionMaster\VisionMaster.csproj]
D:\C#\VM\VisionMaster\ViewModels\DialogViewModels\GlobalVariableManagerViewModel.cs(32,23): warning CS8618: 在退出构造函数时，不可为 null 的 属性 "DisplayName" 必须包含非 null 值。请考虑添加 "required" 修饰符或将该 属性 声明为可为 null。 [D:\C#\VM\VisionMaster\VisionMaster.csproj]
D:\C#\VM\VisionMaster\ViewModels\DialogViewModels\GlobalVariableViewModelBase.cs(29,61): warning CS8622: “void GlobalVariableViewModelBase.OnGlobalVariablesCollectionChanged(object sender, NotifyCollectionChangedEventArgs e)”的参数“sender”类型中引用类型的为 Null 性与目标委托“NotifyCollectionChangedEventHandler”不匹配(可能是由于为 Null 性特性)。 [D:\C#\VM\VisionMaster\VisionMaster.csproj]
D:\C#\VM\VisionMaster\ViewModels\ProcessViewModel.cs(51,44): warning CS8601: 可能的 null 引用赋值。 [D:\C#\VM\VisionMaster\VisionMaster.csproj]
D:\C#\VM\VisionMaster\ViewModels\ProcessViewModel.cs(57,42): warning CS8604: “void IWorkspaceManager.SwitchStep(StepModel step)”中的形参“step”可能传入 null 引用实参。 [D:\C#\VM\VisionMaster\VisionMaster.csproj]
D:\C#\VM\VisionMaster\ViewModels\ProcessViewModel.cs(84,16): warning CS9264: 在退出构造函数时，不可为 null 的 属性 'SelectStep' 必须包含非 null 值。请考虑添加“required”修饰符，或将 属性 声明为可为 null，或安全地处理“get”访问器中“field”为 null 的情况。 [D:\C#\VM\VisionMaster\VisionMaster.csproj]
D:\C#\VM\VisionMaster\ViewModels\ProcessViewModel.cs(84,16): warning CS8618: 在退出构造函数时，不可为 null 的 字段 "CurrentSelectedStepModel" 必须包含非 null 值。请考虑添加 "required" 修饰符或将该 字段 声明为可为 null。 [D:\C#\VM\VisionMaster\VisionMaster.csproj]
D:\C#\VM\VisionMaster\ViewModels\DialogViewModels\ConditionEditorViewModel .cs(274,32): warning CS8600: 将 null 文本或可能的 null 值转换为不可为 null 类型。 [D:\C#\VM\VisionMaster\VisionMaster.csproj]
D:\C#\VM\VisionMaster\ViewModels\DialogViewModels\ConditionEditorViewModel .cs(363,32): warning CS8600: 将 null 文本或可能的 null 值转换为不可为 null 类型。 [D:\C#\VM\VisionMaster\VisionMaster.csproj]
D:\C#\VM\VisionMaster\ViewModels\ProcessViewModel.cs(122,54): warning CS8622: “void ProcessViewModel.OnWorkspacePropertyChanged(object sender, PropertyChangedEventArgs e)”的参数“sender”类型中引用类型的为 Null 性与目标委托“PropertyChangedEventHandler”不匹配(可能是由于为 Null 性特性)。 [D:\C#\VM\VisionMaster\VisionMaster.csproj]
D:\C#\VM\VisionMaster\ViewModels\ProcessViewModel.cs(142,54): warning CS8622: “void ProcessViewModel.OnWorkspacePropertyChanged(object sender, PropertyChangedEventArgs e)”的参数“sender”类型中引用类型的为 Null 性与目标委托“PropertyChangedEventHandler”不匹配(可能是由于为 Null 性特性)。 [D:\C#\VM\VisionMaster\VisionMaster.csproj]
D:\C#\VM\VisionMaster\ViewModels\ProcessViewModel.cs(148,33): warning CS8604: “void ProcessViewModel.TickRunningTimes(IEnumerable<StepModel> steps)”中的形参“steps”可能传入 null 引用实参。 [D:\C#\VM\VisionMaster\VisionMaster.csproj]
D:\C#\VM\VisionMaster\ViewModels\ProcessViewModel.cs(210,41): warning CS8604: “void ParametersBase.Add(string key, object value)”中的形参“value”可能传入 null 引用实参。 [D:\C#\VM\VisionMaster\VisionMaster.csproj]
D:\C#\VM\VisionMaster\ViewModels\ProcessViewModel.cs(228,24): warning CS8603: 可能返回 null 引用。 [D:\C#\VM\VisionMaster\VisionMaster.csproj]
D:\C#\VM\VisionMaster\ViewModels\ProcessViewModel.cs(234,28): warning CS8603: 可能返回 null 引用。 [D:\C#\VM\VisionMaster\VisionMaster.csproj]
D:\C#\VM\VisionMaster\ViewModels\ProcessViewModel.cs(241,24): warning CS8603: 可能返回 null 引用。 [D:\C#\VM\VisionMaster\VisionMaster.csproj]
D:\C#\VM\VisionMaster\ViewModels\ProcessViewModel.cs(245,24): warning CS8603: 可能返回 null 引用。 [D:\C#\VM\VisionMaster\VisionMaster.csproj]
D:\C#\VM\VisionMaster\ViewModels\DialogViewModels\GlobalVariableViewModelBase.cs(191,65): warning CS8622: “void GlobalVariableViewModelBase.OnGlobalVariablesCollectionChanged(object sender, NotifyCollectionChangedEventArgs e)”的参数“sender”类型中引用类型的为 Null 性与目标委托“NotifyCollectionChangedEventHandler”不匹配(可能是由于为 Null 性特性)。 [D:\C#\VM\VisionMaster\VisionMaster.csproj]
D:\C#\VM\VisionMaster\ViewModels\ProcessViewModel.cs(288,49): warning CS8600: 将 null 文本或可能的 null 值转换为不可为 null 类型。 [D:\C#\VM\VisionMaster\VisionMaster.csproj]
D:\C#\VM\VisionMaster\ViewModels\ProcessViewModel.cs(299,59): warning CS8604: “AutoPortConfigView.AutoPortConfigView(IVisionPlugin plugin)”中的形参“plugin”可能传入 null 引用实参。 [D:\C#\VM\VisionMaster\VisionMaster.csproj]
D:\C#\VM\VisionMaster\ViewModels\ProcessViewModel.cs(329,52): warning CS8625: 无法将 null 字面量转换为非 null 的引用类型。 [D:\C#\VM\VisionMaster\VisionMaster.csproj]
D:\C#\VM\VisionMaster\ViewModels\ProcessViewModel.cs(473,32): warning CS8600: 将 null 文本或可能的 null 值转换为不可为 null 类型。 [D:\C#\VM\VisionMaster\VisionMaster.csproj]
D:\C#\VM\VisionMaster\ViewModels\ProcessViewModel.cs(513,37): warning CS8600: 将 null 文本或可能的 null 值转换为不可为 null 类型。 [D:\C#\VM\VisionMaster\VisionMaster.csproj]
D:\C#\VM\VisionMaster\ViewModels\ProcessViewModel.cs(549,36): warning CS8600: 将 null 文本或可能的 null 值转换为不可为 null 类型。 [D:\C#\VM\VisionMaster\VisionMaster.csproj]
D:\C#\VM\VisionMaster\ViewModels\DialogViewModels\GlobalVariableManagerViewModel.cs(528,16): warning CS9264: 在退出构造函数时，不可为 null 的 属性 'NewVarName' 必须包含非 null 值。请考虑添加“required”修饰符，或将 属性 声明为可为 null，或安全地处理“get”访问器中“field”为 null 的情况。 [D:\C#\VM\VisionMaster\VisionMaster.csproj]
D:\C#\VM\VisionMaster\ViewModels\DialogViewModels\GlobalVariableManagerViewModel.cs(528,16): warning CS9264: 在退出构造函数时，不可为 null 的 属性 'NewVarDescription' 必须包含非 null 值。请考虑添加“required”修饰符，或将 属性 声明为可为 null，或安全地处理“get”访问器中“field”为 null 的情况。 [D:\C#\VM\VisionMaster\VisionMaster.csproj]
D:\C#\VM\VisionMaster\ViewModels\DialogViewModels\MotionBoardDebugTabViewModel.cs(504,72): warning CS8604: “void MotionDebugAxisRow.Update(AxisStatus? status, bool mapEnabled, bool deviceOnline, bool deviceHomed, string modeText)”中的形参“modeText”可能传入 null 引用实参。 [D:\C#\VM\VisionMaster\VisionMaster.csproj]
D:\C#\VM\VisionMaster\ViewModels\FlowCanvasViewModel.cs(1098,74): warning CS8600: 将 null 文本或可能的 null 值转换为不可为 null 类型。 [D:\C#\VM\VisionMaster\VisionMaster.csproj]
D:\C#\VM\VisionMaster\ViewModels\FlowCanvasViewModel.cs(1134,25): warning CS8604: “CanvasLinkBinding.CanvasLinkBinding(StepModel consumer, string key, string display)”中的形参“consumer”可能传入 null 引用实参。 [D:\C#\VM\VisionMaster\VisionMaster.csproj]
D:\C#\VM\VisionMaster\ViewModels\DialogViewModels\GlobalVariableManagerViewModel.cs(596,28): warning CS8601: 可能的 null 引用赋值。 [D:\C#\VM\VisionMaster\VisionMaster.csproj]
D:\C#\VM\VisionMaster\ViewModels\DialogViewModels\GlobalVariableManagerViewModel.cs(598,37): warning CS8601: 可能的 null 引用赋值。 [D:\C#\VM\VisionMaster\VisionMaster.csproj]
D:\C#\VM\VisionMaster\ViewModels\DialogViewModels\GlobalVariableManagerViewModel.cs(671,36): warning CS8601: 可能的 null 引用赋值。 [D:\C#\VM\VisionMaster\VisionMaster.csproj]
D:\C#\VM\VisionMaster\ViewModels\DialogViewModels\GlobalVariableManagerViewModel.cs(672,36): warning CS8601: 可能的 null 引用赋值。 [D:\C#\VM\VisionMaster\VisionMaster.csproj]
D:\C#\VM\VisionMaster\ViewModels\DialogViewModels\GlobalVariableManagerViewModel.cs(674,29): warning CS8601: 可能的 null 引用赋值。 [D:\C#\VM\VisionMaster\VisionMaster.csproj]
D:\C#\VM\VisionMaster\ViewModels\DialogViewModels\GlobalVariableManagerViewModel.cs(676,29): warning CS8601: 可能的 null 引用赋值。 [D:\C#\VM\VisionMaster\VisionMaster.csproj]
D:\C#\VM\VisionMaster\ViewModels\DialogViewModels\GlobalVariableManagerViewModel.cs(701,38): warning CS8622: “void GlobalVariableManagerViewModel.OnVariableValueChanged(object sender, EventArgs e)”的参数“sender”类型中引用类型的为 Null 性与目标委托“EventHandler”不匹配(可能是由于为 Null 性特性)。 [D:\C#\VM\VisionMaster\VisionMaster.csproj]
D:\C#\VM\VisionMaster\ViewModels\DialogViewModels\GlobalVariableManagerViewModel.cs(707,38): warning CS8622: “void GlobalVariableManagerViewModel.OnVariableValueChanged(object sender, EventArgs e)”的参数“sender”类型中引用类型的为 Null 性与目标委托“EventHandler”不匹配(可能是由于为 Null 性特性)。 [D:\C#\VM\VisionMaster\VisionMaster.csproj]
D:\C#\VM\VisionMaster\ViewModels\DialogViewModels\GlobalVariableManagerViewModel.cs(752,40): warning CS8604: “Array Array.CreateInstance(Type elementType, int length)”中的形参“elementType”可能传入 null 引用实参。 [D:\C#\VM\VisionMaster\VisionMaster.csproj]
D:\C#\VM\VisionMaster\ViewModels\DialogViewModels\GlobalVariableManagerViewModel.cs(751,32): warning CS8600: 将 null 文本或可能的 null 值转换为不可为 null 类型。 [D:\C#\VM\VisionMaster\VisionMaster.csproj]
D:\C#\VM\VisionMaster\ViewModels\FlowCanvasViewModel.cs(1326,41): warning CS8604: “void Action<StepModel>.Invoke(StepModel obj)”中的形参“obj”可能传入 null 引用实参。 [D:\C#\VM\VisionMaster\VisionMaster.csproj]
D:\C#\VM\VisionMaster\ViewModels\DialogViewModels\GlobalVariableManagerViewModel.cs(966,25): warning CS8604: “void DialogArrayEditor.Load(IEnumerable<string?> values)”中的形参“values”可能传入 null 引用实参。 [D:\C#\VM\VisionMaster\VisionMaster.csproj]
D:\C#\VM\VisionMaster\ViewModels\DialogViewModels\MotionBoardViewModel.cs(155,51): warning CS8600: 将 null 文本或可能的 null 值转换为不可为 null 类型。 [D:\C#\VM\VisionMaster\VisionMaster.csproj]
D:\C#\VM\VisionMaster\ViewModels\DialogViewModels\GlobalVariableManagerViewModel.cs(1113,40): warning CS8622: “void GlobalVariableManagerViewModel.OnVariableValueChanged(object sender, EventArgs e)”的参数“sender”类型中引用类型的为 Null 性与目标委托“EventHandler”不匹配(可能是由于为 Null 性特性)。 [D:\C#\VM\VisionMaster\VisionMaster.csproj]
D:\C#\VM\VisionMaster\Views\DialogViews\ConditionEditorView.xaml.cs(355,58): warning CS8603: 可能返回 null 引用。 [D:\C#\VM\VisionMaster\VisionMaster.csproj]
D:\C#\VM\VisionMaster\ViewModels\DialogViewModels\PluginConfigShellViewModel.cs(39,16): warning CS8618: 在退出构造函数时，不可为 null 的 字段 "_stepData" 必须包含非 null 值。请考虑添加 "required" 修饰符或将该 字段 声明为可为 null。 [D:\C#\VM\VisionMaster\VisionMaster.csproj]
D:\C#\VM\VisionMaster\ViewModels\DialogViewModels\PluginConfigShellViewModel.cs(39,16): warning CS8618: 在退出构造函数时，不可为 null 的 字段 "_pluginView" 必须包含非 null 值。请考虑添加 "required" 修饰符或将该 字段 声明为可为 null。 [D:\C#\VM\VisionMaster\VisionMaster.csproj]
D:\C#\VM\VisionMaster\ViewModels\DialogViewModels\PluginConfigShellViewModel.cs(39,16): warning CS8618: 在退出构造函数时，不可为 null 的 字段 "_plugin" 必须包含非 null 值。请考虑添加 "required" 修饰符或将该 字段 声明为可为 null。 [D:\C#\VM\VisionMaster\VisionMaster.csproj]
D:\C#\VM\VisionMaster\ViewModels\DialogViewModels\PluginConfigShellViewModel.cs(39,16): warning CS8618: 在退出构造函数时，不可为 null 的 字段 "_trialSession" 必须包含非 null 值。请考虑添加 "required" 修饰符或将该 字段 声明为可为 null。 [D:\C#\VM\VisionMaster\VisionMaster.csproj]
D:\C#\VM\VisionMaster\ViewModels\DialogViewModels\PluginConfigShellViewModel.cs(39,16): warning CS8618: 在退出构造函数时，不可为 null 的 字段 "_execCts" 必须包含非 null 值。请考虑添加 "required" 修饰符或将该 字段 声明为可为 null。 [D:\C#\VM\VisionMaster\VisionMaster.csproj]
D:\C#\VM\VisionMaster\ViewModels\DialogViewModels\PluginConfigShellViewModel.cs(39,16): warning CS8618: 在退出构造函数时，不可为 null 的 字段 "_execTask" 必须包含非 null 值。请考虑添加 "required" 修饰符或将该 字段 声明为可为 null。 [D:\C#\VM\VisionMaster\VisionMaster.csproj]
D:\C#\VM\VisionMaster\ViewModels\DialogViewModels\PluginConfigShellViewModel.cs(39,16): warning CS8618: 在退出构造函数时，不可为 null 的 属性 "Title" 必须包含非 null 值。请考虑添加 "required" 修饰符或将该 属性 声明为可为 null。 [D:\C#\VM\VisionMaster\VisionMaster.csproj]
D:\C#\VM\VisionMaster\ViewModels\DialogViewModels\PluginConfigShellViewModel.cs(39,16): warning CS8618: 在退出构造函数时，不可为 null 的 属性 "PluginIcon" 必须包含非 null 值。请考虑添加 "required" 修饰符或将该 属性 声明为可为 null。 [D:\C#\VM\VisionMaster\VisionMaster.csproj]
D:\C#\VM\VisionMaster\ViewModels\DialogViewModels\PluginConfigShellViewModel.cs(39,16): warning CS8618: 在退出构造函数时，不可为 null 的 属性 "PluginName" 必须包含非 null 值。请考虑添加 "required" 修饰符或将该 属性 声明为可为 null。 [D:\C#\VM\VisionMaster\VisionMaster.csproj]
D:\C#\VM\VisionMaster\ViewModels\DialogViewModels\PluginConfigShellViewModel.cs(39,16): warning CS8618: 在退出构造函数时，不可为 null 的 属性 "PluginDescription" 必须包含非 null 值。请考虑添加 "required" 修饰符或将该 属性 声明为可为 null。 [D:\C#\VM\VisionMaster\VisionMaster.csproj]
D:\C#\VM\VisionMaster\ViewModels\DialogViewModels\PluginConfigShellViewModel.cs(39,16): warning CS8618: 在退出构造函数时，不可为 null 的 属性 "PluginViewContent" 必须包含非 null 值。请考虑添加 "required" 修饰符或将该 属性 声明为可为 null。 [D:\C#\VM\VisionMaster\VisionMaster.csproj]
D:\C#\VM\VisionMaster\ViewModels\DialogViewModels\PluginConfigShellViewModel.cs(94,29): warning CS8625: 无法将 null 字面量转换为非 null 的引用类型。 [D:\C#\VM\VisionMaster\VisionMaster.csproj]
D:\C#\VM\VisionMaster\ViewModels\DialogViewModels\PluginConfigShellViewModel.cs(109,27): warning CS8625: 无法将 null 字面量转换为非 null 的引用类型。 [D:\C#\VM\VisionMaster\VisionMaster.csproj]
D:\C#\VM\VisionMaster\ViewModels\DialogViewModels\PluginConfigShellViewModel.cs(110,31): warning CS8625: 无法将 null 字面量转换为非 null 的引用类型。 [D:\C#\VM\VisionMaster\VisionMaster.csproj]
D:\C#\VM\VisionMaster\ViewModels\DialogViewModels\PluginConfigShellViewModel.cs(111,37): warning CS8625: 无法将 null 字面量转换为非 null 的引用类型。 [D:\C#\VM\VisionMaster\VisionMaster.csproj]
D:\C#\VM\VisionMaster\ViewModels\DialogViewModels\PluginConfigShellViewModel.cs(113,28): warning CS8625: 无法将 null 字面量转换为非 null 的引用类型。 [D:\C#\VM\VisionMaster\VisionMaster.csproj]
D:\C#\VM\VisionMaster\Views\DialogViews\ConditionEditorView.xaml.cs(52,41): warning CS8622: “void ConditionEditorView.Vm_BranchChanged(object sender, StepCollection e)”的参数“sender”类型中引用类型的为 Null 性与目标委托“EventHandler<StepCollection>”不匹配(可能是由于为 Null 性特性)。 [D:\C#\VM\VisionMaster\VisionMaster.csproj]
D:\C#\VM\VisionMaster\Views\DialogViews\ConditionEditorView.xaml.cs(53,41): warning CS8622: “void ConditionEditorView.Vm_BranchChanged(object sender, StepCollection e)”的参数“sender”类型中引用类型的为 Null 性与目标委托“EventHandler<StepCollection>”不匹配(可能是由于为 Null 性特性)。 [D:\C#\VM\VisionMaster\VisionMaster.csproj]
D:\C#\VM\VisionMaster\Views\DialogViews\ConditionEditorView.xaml.cs(55,55): warning CS8622: “void ConditionEditorView.Variables_CollectionChanged(object sender, NotifyCollectionChangedEventArgs e)”的参数“sender”类型中引用类型的为 Null 性与目标委托“NotifyCollectionChangedEventHandler”不匹配(可能是由于为 Null 性特性)。 [D:\C#\VM\VisionMaster\VisionMaster.csproj]
D:\C#\VM\VisionMaster\Views\DialogViews\ConditionEditorView.xaml.cs(56,55): warning CS8622: “void ConditionEditorView.Variables_CollectionChanged(object sender, NotifyCollectionChangedEventArgs e)”的参数“sender”类型中引用类型的为 Null 性与目标委托“NotifyCollectionChangedEventHandler”不匹配(可能是由于为 Null 性特性)。 [D:\C#\VM\VisionMaster\VisionMaster.csproj]
D:\C#\VM\VisionMaster\Views\DialogViews\ConditionEditorView.xaml.cs(36,16): warning CS8618: 在退出构造函数时，不可为 null 的 字段 "_completionWindow" 必须包含非 null 值。请考虑添加 "required" 修饰符或将该 字段 声明为可为 null。 [D:\C#\VM\VisionMaster\VisionMaster.csproj]
D:\C#\VM\VisionMaster\ViewModels\DialogViewModels\PluginConfigShellViewModel.cs(122,76): warning CS8600: 将 null 文本或可能的 null 值转换为不可为 null 类型。 [D:\C#\VM\VisionMaster\VisionMaster.csproj]
D:\C#\VM\VisionMaster\ViewModels\DialogViewModels\PluginConfigShellViewModel.cs(129,31): warning CS8601: 可能的 null 引用赋值。 [D:\C#\VM\VisionMaster\VisionMaster.csproj]
D:\C#\VM\VisionMaster\Views\DialogViews\ConditionEditorView.xaml.cs(178,76): warning CS8625: 无法将 null 字面量转换为非 null 的引用类型。 [D:\C#\VM\VisionMaster\VisionMaster.csproj]
D:\C#\VM\VisionMaster\Views\DialogViews\ConditionEditorView.xaml.cs(182,37): warning CS8625: 无法将 null 字面量转换为非 null 的引用类型。 [D:\C#\VM\VisionMaster\VisionMaster.csproj]
D:\C#\VM\VisionMaster\Views\DialogViews\ConditionEditorView.xaml.cs(191,40): warning CS8622: “void ConditionEditorView.Vm_BranchChanged(object sender, StepCollection e)”的参数“sender”类型中引用类型的为 Null 性与目标委托“EventHandler<StepCollection>”不匹配(可能是由于为 Null 性特性)。 [D:\C#\VM\VisionMaster\VisionMaster.csproj]
D:\C#\VM\VisionMaster\Views\DialogViews\ConditionEditorView.xaml.cs(192,54): warning CS8622: “void ConditionEditorView.Variables_CollectionChanged(object sender, NotifyCollectionChangedEventArgs e)”的参数“sender”类型中引用类型的为 Null 性与目标委托“NotifyCollectionChangedEventHandler”不匹配(可能是由于为 Null 性特性)。 [D:\C#\VM\VisionMaster\VisionMaster.csproj]
D:\C#\VM\VisionMaster\Views\DialogViews\ConditionEditorView.xaml.cs(198,40): warning CS8622: “void ConditionEditorView.Vm_BranchChanged(object sender, StepCollection e)”的参数“sender”类型中引用类型的为 Null 性与目标委托“EventHandler<StepCollection>”不匹配(可能是由于为 Null 性特性)。 [D:\C#\VM\VisionMaster\VisionMaster.csproj]
D:\C#\VM\VisionMaster\Views\DialogViews\ConditionEditorView.xaml.cs(199,54): warning CS8622: “void ConditionEditorView.Variables_CollectionChanged(object sender, NotifyCollectionChangedEventArgs e)”的参数“sender”类型中引用类型的为 Null 性与目标委托“NotifyCollectionChangedEventHandler”不匹配(可能是由于为 Null 性特性)。 [D:\C#\VM\VisionMaster\VisionMaster.csproj]
D:\C#\VM\VisionMaster\Views\DialogViews\ConditionEditorView.xaml.cs(218,46): warning CS8622: “void ConditionEditorView.VariableItem_PropertyChanged(object sender, PropertyChangedEventArgs e)”的参数“sender”类型中引用类型的为 Null 性与目标委托“PropertyChangedEventHandler”不匹配(可能是由于为 Null 性特性)。 [D:\C#\VM\VisionMaster\VisionMaster.csproj]
D:\C#\VM\VisionMaster\Views\DialogViews\ConditionEditorView.xaml.cs(219,46): warning CS8622: “void ConditionEditorView.VariableItem_PropertyChanged(object sender, PropertyChangedEventArgs e)”的参数“sender”类型中引用类型的为 Null 性与目标委托“PropertyChangedEventHandler”不匹配(可能是由于为 Null 性特性)。 [D:\C#\VM\VisionMaster\VisionMaster.csproj]
D:\C#\VM\VisionMaster\ViewModels\DialogViewModels\PluginConfigShellViewModel.cs(287,29): warning CS8625: 无法将 null 字面量转换为非 null 的引用类型。 [D:\C#\VM\VisionMaster\VisionMaster.csproj]
D:\C#\VM\VisionMaster\ViewModels\DialogViewModels\PluginConfigShellViewModel.cs(309,46): warning CS8600: 将 null 文本或可能的 null 值转换为不可为 null 类型。 [D:\C#\VM\VisionMaster\VisionMaster.csproj]
D:\C#\VM\VisionMaster\ViewModels\DialogViewModels\PluginConfigShellViewModel.cs(310,39): warning CS8600: 将 null 文本或可能的 null 值转换为不可为 null 类型。 [D:\C#\VM\VisionMaster\VisionMaster.csproj]
D:\C#\VM\VisionMaster\ViewModels\DialogViewModels\PluginConfigShellViewModel.cs(311,35): warning CS8600: 将 null 文本或可能的 null 值转换为不可为 null 类型。 [D:\C#\VM\VisionMaster\VisionMaster.csproj]
D:\C#\VM\VisionMaster\ViewModels\DialogViewModels\PluginConfigShellViewModel.cs(335,69): warning CS8604: “void PluginConfigShellViewModel.CompleteExecute(int runId, PluginExecuteResult result, FlowSession session, bool cancelled, Exception error)”中的形参“result”可能传入 null 引用实参。 [D:\C#\VM\VisionMaster\VisionMaster.csproj]
D:\C#\VM\VisionMaster\ViewModels\DialogViewModels\PluginConfigShellViewModel.cs(335,77): warning CS8604: “void PluginConfigShellViewModel.CompleteExecute(int runId, PluginExecuteResult result, FlowSession session, bool cancelled, Exception error)”中的形参“session”可能传入 null 引用实参。 [D:\C#\VM\VisionMaster\VisionMaster.csproj]
D:\C#\VM\VisionMaster\ViewModels\DialogViewModels\PluginConfigShellViewModel.cs(335,97): warning CS8604: “void PluginConfigShellViewModel.CompleteExecute(int runId, PluginExecuteResult result, FlowSession session, bool cancelled, Exception error)”中的形参“error”可能传入 null 引用实参。 [D:\C#\VM\VisionMaster\VisionMaster.csproj]
D:\C#\VM\VisionMaster\Views\ScadaRuntimeWindow.xaml.cs(41,23): warning CS8622: “void ScadaRuntimeWindow.OnWindowClosed(object sender, EventArgs e)”的参数“sender”类型中引用类型的为 Null 性与目标委托“EventHandler”不匹配(可能是由于为 Null 性特性)。 [D:\C#\VM\VisionMaster\VisionMaster.csproj]
D:\C#\VM\VisionMaster\Views\ProcessView.xaml.cs(72,28): warning CS8603: 可能返回 null 引用。 [D:\C#\VM\VisionMaster\VisionMaster.csproj]
D:\C#\VM\VisionMaster\Views\ProcessView.xaml.cs(77,20): warning CS8603: 可能返回 null 引用。 [D:\C#\VM\VisionMaster\VisionMaster.csproj]
D:\C#\VM\VisionMaster\ShellViewModel.cs(505,29): warning CS0169: 从不使用字段“ShellViewModel._currentSession” [D:\C#\VM\VisionMaster\VisionMaster.csproj]
D:\C#\VM\ScadaChecks\Program.cs(2199,30): warning CS8600: 将 null 文本或可能的 null 值转换为不可为 null 类型。 [D:\C#\VM\ScadaChecks\ScadaChecks.csproj]
D:\C#\VM\ScadaChecks\Program.cs(2214,30): warning CS8600: 将 null 文本或可能的 null 值转换为不可为 null 类型。 [D:\C#\VM\ScadaChecks\ScadaChecks.csproj]
D:\C#\VM\ScadaChecks\Program.cs(4267,61): warning CS8602: 解引用可能出现空引用。 [D:\C#\VM\ScadaChecks\ScadaChecks.csproj]
D:\C#\VM\ScadaChecks\Program.cs(6972,17): warning CS8602: 解引用可能出现空引用。 [D:\C#\VM\ScadaChecks\ScadaChecks.csproj]
D:\C#\VM\ScadaChecks\Program.cs(15697,77): warning CS8600: 将 null 文本或可能的 null 值转换为不可为 null 类型。 [D:\C#\VM\ScadaChecks\ScadaChecks.csproj]
D:\C#\VM\ScadaChecks\Program.cs(15698,81): warning CS8600: 将 null 文本或可能的 null 值转换为不可为 null 类型。 [D:\C#\VM\ScadaChecks\ScadaChecks.csproj]
D:\C#\VM\ScadaChecks\Program.cs(15703,76): warning CS8600: 将 null 文本或可能的 null 值转换为不可为 null 类型。 [D:\C#\VM\ScadaChecks\ScadaChecks.csproj]
D:\C#\VM\ScadaChecks\Program.cs(15704,69): warning CS8600: 将 null 文本或可能的 null 值转换为不可为 null 类型。 [D:\C#\VM\ScadaChecks\ScadaChecks.csproj]
D:\C#\VM\ScadaChecks\Program.cs(15706,27): warning CS8602: 解引用可能出现空引用。 [D:\C#\VM\ScadaChecks\ScadaChecks.csproj]
D:\C#\VM\ScadaChecks\Program.cs(15706,63): warning CS8602: 解引用可能出现空引用。 [D:\C#\VM\ScadaChecks\ScadaChecks.csproj]
D:\C#\VM\ScadaChecks\Program.cs(15714,86): warning CS8600: 将 null 文本或可能的 null 值转换为不可为 null 类型。 [D:\C#\VM\ScadaChecks\ScadaChecks.csproj]
D:\C#\VM\ScadaChecks\Program.cs(15715,86): warning CS8600: 将 null 文本或可能的 null 值转换为不可为 null 类型。 [D:\C#\VM\ScadaChecks\ScadaChecks.csproj]
D:\C#\VM\ScadaChecks\Program.cs(15746,75): warning CS8600: 将 null 文本或可能的 null 值转换为不可为 null 类型。 [D:\C#\VM\ScadaChecks\ScadaChecks.csproj]
D:\C#\VM\ScadaChecks\Program.cs(15751,73): warning CS8600: 将 null 文本或可能的 null 值转换为不可为 null 类型。 [D:\C#\VM\ScadaChecks\ScadaChecks.csproj]
D:\C#\VM\ScadaChecks\Program.cs(15751,93): warning CS8602: 解引用可能出现空引用。 [D:\C#\VM\ScadaChecks\ScadaChecks.csproj]
D:\C#\VM\ScadaChecks\Program.cs(15752,17): warning CS8604: “void Program.Check(string name, bool ok, string detail)”中的形参“detail”可能传入 null 引用实参。 [D:\C#\VM\ScadaChecks\ScadaChecks.csproj]
D:\C#\VM\ScadaChecks\Program.cs(15755,77): warning CS8600: 将 null 文本或可能的 null 值转换为不可为 null 类型。 [D:\C#\VM\ScadaChecks\ScadaChecks.csproj]
D:\C#\VM\ScadaChecks\Program.cs(15772,83): warning CS8600: 将 null 文本或可能的 null 值转换为不可为 null 类型。 [D:\C#\VM\ScadaChecks\ScadaChecks.csproj]
D:\C#\VM\ScadaChecks\Program.cs(15773,20): warning CS8602: 解引用可能出现空引用。 [D:\C#\VM\ScadaChecks\ScadaChecks.csproj]
D:\C#\VM\ScadaChecks\Program.cs(15774,17): warning CS8604: “void Program.Check(string name, bool ok, string detail)”中的形参“detail”可能传入 null 引用实参。 [D:\C#\VM\ScadaChecks\ScadaChecks.csproj]
D:\C#\VM\ScadaChecks\Program.cs(15776,91): warning CS8600: 将 null 文本或可能的 null 值转换为不可为 null 类型。 [D:\C#\VM\ScadaChecks\ScadaChecks.csproj]
D:\C#\VM\ScadaChecks\Program.cs(15777,79): warning CS8600: 将 null 文本或可能的 null 值转换为不可为 null 类型。 [D:\C#\VM\ScadaChecks\ScadaChecks.csproj]
D:\C#\VM\ScadaChecks\Program.cs(15785,54): warning CS8600: 将 null 文本或可能的 null 值转换为不可为 null 类型。 [D:\C#\VM\ScadaChecks\ScadaChecks.csproj]
D:\C#\VM\ScadaChecks\Program.cs(15785,75): warning CS8602: 解引用可能出现空引用。 [D:\C#\VM\ScadaChecks\ScadaChecks.csproj]
D:\C#\VM\ScadaChecks\Program.cs(15786,17): warning CS8604: “void Program.Check(string name, bool ok, string detail)”中的形参“detail”可能传入 null 引用实参。 [D:\C#\VM\ScadaChecks\ScadaChecks.csproj]
D:\C#\VM\ScadaChecks\Program.cs(15789,71): warning CS8600: 将 null 文本或可能的 null 值转换为不可为 null 类型。 [D:\C#\VM\ScadaChecks\ScadaChecks.csproj]
D:\C#\VM\ScadaChecks\Program.cs(15790,20): warning CS8602: 解引用可能出现空引用。 [D:\C#\VM\ScadaChecks\ScadaChecks.csproj]
D:\C#\VM\ScadaChecks\Program.cs(15793,17): warning CS8604: “void Program.Check(string name, bool ok, string detail)”中的形参“detail”可能传入 null 引用实参。 [D:\C#\VM\ScadaChecks\ScadaChecks.csproj]
D:\C#\VM\ScadaChecks\Program.cs(15796,75): warning CS8600: 将 null 文本或可能的 null 值转换为不可为 null 类型。 [D:\C#\VM\ScadaChecks\ScadaChecks.csproj]
D:\C#\VM\ScadaChecks\Program.cs(15800,81): warning CS8600: 将 null 文本或可能的 null 值转换为不可为 null 类型。 [D:\C#\VM\ScadaChecks\ScadaChecks.csproj]
D:\C#\VM\ScadaChecks\Program.cs(15807,50): warning CS8600: 将 null 文本或可能的 null 值转换为不可为 null 类型。 [D:\C#\VM\ScadaChecks\ScadaChecks.csproj]
D:\C#\VM\ScadaChecks\Program.cs(15822,69): warning CS8600: 将 null 文本或可能的 null 值转换为不可为 null 类型。 [D:\C#\VM\ScadaChecks\ScadaChecks.csproj]
D:\C#\VM\ScadaChecks\Program.cs(15823,20): warning CS8602: 解引用可能出现空引用。 [D:\C#\VM\ScadaChecks\ScadaChecks.csproj]
D:\C#\VM\ScadaChecks\Program.cs(15824,17): warning CS8604: “void Program.Check(string name, bool ok, string detail)”中的形参“detail”可能传入 null 引用实参。 [D:\C#\VM\ScadaChecks\ScadaChecks.csproj]
D:\C#\VM\ScadaChecks\Program.cs(15864,84): warning CS8600: 将 null 文本或可能的 null 值转换为不可为 null 类型。 [D:\C#\VM\ScadaChecks\ScadaChecks.csproj]
D:\C#\VM\ScadaChecks\Program.cs(15979,80): warning CS8600: 将 null 文本或可能的 null 值转换为不可为 null 类型。 [D:\C#\VM\ScadaChecks\ScadaChecks.csproj]
D:\C#\VM\ScadaChecks\Program.cs(16446,52): warning CS8604: “void Program.Check(string name, bool ok, string detail)”中的形参“detail”可能传入 null 引用实参。 [D:\C#\VM\ScadaChecks\ScadaChecks.csproj]
D:\C#\VM\FlowCanvasChecks\HttpImageSmoke.cs(519,88): warning CS8625: 无法将 null 字面量转换为非 null 的引用类型。 [D:\C#\VM\FlowCanvasChecks\FlowCanvasChecks.csproj]
D:\C#\VM\FlowCanvasChecks\DebugChecks.cs(86,63): warning CS8625: 无法将 null 字面量转换为非 null 的引用类型。 [D:\C#\VM\FlowCanvasChecks\FlowCanvasChecks.csproj]
D:\C#\VM\FlowCanvasChecks\DebugChecks.cs(114,35): warning CS8600: 将 null 文本或可能的 null 值转换为不可为 null 类型。 [D:\C#\VM\FlowCanvasChecks\FlowCanvasChecks.csproj]
D:\C#\VM\FlowCanvasChecks\DebugChecks.cs(128,56): warning CS8602: 解引用可能出现空引用。 [D:\C#\VM\FlowCanvasChecks\FlowCanvasChecks.csproj]
D:\C#\VM\FlowCanvasChecks\ColorCheckRoiCheck.cs(72,64): warning CS8604: “double[] ColorCheckRoiCheck.GetTuples(object roi)”中的形参“roi”可能传入 null 引用实参。 [D:\C#\VM\FlowCanvasChecks\FlowCanvasChecks.csproj]
D:\C#\VM\FlowCanvasChecks\ColorCheckRoiCheck.cs(73,68): warning CS8604: “double[] ColorCheckRoiCheck.GetTuples(object roi)”中的形参“roi”可能传入 null 引用实参。 [D:\C#\VM\FlowCanvasChecks\FlowCanvasChecks.csproj]
D:\C#\VM\FlowCanvasChecks\ColorCheckRoiCheck.cs(112,66): warning CS8604: “double[] ColorCheckRoiCheck.GetTuples(object roi)”中的形参“roi”可能传入 null 引用实参。 [D:\C#\VM\FlowCanvasChecks\FlowCanvasChecks.csproj]
D:\C#\VM\FlowCanvasChecks\ColorCheckRoiCheck.cs(114,50): warning CS8604: “double[] ColorCheckRoiCheck.GetTuples(object roi)”中的形参“roi”可能传入 null 引用实参。 [D:\C#\VM\FlowCanvasChecks\FlowCanvasChecks.csproj]
D:\C#\VM\FlowCanvasChecks\CreateRoiChecks.cs(191,87): warning CS8604: “double CreateRoiChecks.GrayAt(HImage img, int row, int col)”中的形参“img”可能传入 null 引用实参。 [D:\C#\VM\FlowCanvasChecks\FlowCanvasChecks.csproj]
D:\C#\VM\FlowCanvasChecks\CreateRoiChecks.cs(195,80): warning CS8604: “double CreateRoiChecks.GrayAt(HImage img, int row, int col)”中的形参“img”可能传入 null 引用实参。 [D:\C#\VM\FlowCanvasChecks\FlowCanvasChecks.csproj]
D:\C#\VM\FlowCanvasChecks\CreateRoiChecks.cs(197,82): warning CS8604: “double CreateRoiChecks.GrayAt(HImage img, int row, int col)”中的形参“img”可能传入 null 引用实参。 [D:\C#\VM\FlowCanvasChecks\FlowCanvasChecks.csproj]
D:\C#\VM\FlowCanvasChecks\CreateRoiChecks.cs(206,17): warning CS8602: 解引用可能出现空引用。 [D:\C#\VM\FlowCanvasChecks\FlowCanvasChecks.csproj]
D:\C#\VM\FlowCanvasChecks\CreateRoiChecks.cs(206,35): warning CS8602: 解引用可能出现空引用。 [D:\C#\VM\FlowCanvasChecks\FlowCanvasChecks.csproj]
D:\C#\VM\FlowCanvasChecks\CreateRoiChecks.cs(206,51): warning CS8602: 解引用可能出现空引用。 [D:\C#\VM\FlowCanvasChecks\FlowCanvasChecks.csproj]
D:\C#\VM\FlowCanvasChecks\CreateRoiChecks.cs(206,66): warning CS8602: 解引用可能出现空引用。 [D:\C#\VM\FlowCanvasChecks\FlowCanvasChecks.csproj]
D:\C#\VM\FlowCanvasChecks\CreateRoiChecks.cs(206,83): warning CS8602: 解引用可能出现空引用。 [D:\C#\VM\FlowCanvasChecks\FlowCanvasChecks.csproj]
D:\C#\VM\FlowCanvasChecks\BlobDetectChecks.cs(430,32): warning CS8625: 无法将 null 字面量转换为非 null 的引用类型。 [D:\C#\VM\FlowCanvasChecks\FlowCanvasChecks.csproj]
D:\C#\VM\FlowCanvasChecks\ExecutionChecks.cs(174,60): warning CS8625: 无法将 null 字面量转换为非 null 的引用类型。 [D:\C#\VM\FlowCanvasChecks\FlowCanvasChecks.csproj]
D:\C#\VM\FlowCanvasChecks\HikvisionChecks.cs(100,30): warning CS0168: 声明了变量“ex”，但从未使用过 [D:\C#\VM\FlowCanvasChecks\FlowCanvasChecks.csproj]
D:\C#\VM\FlowCanvasChecks\ExecutionChecks.cs(280,36): warning CS8600: 将 null 文本或可能的 null 值转换为不可为 null 类型。 [D:\C#\VM\FlowCanvasChecks\FlowCanvasChecks.csproj]
D:\C#\VM\FlowCanvasChecks\GlobalVariableChecks.cs(208,31): warning CS8601: 可能的 null 引用赋值。 [D:\C#\VM\FlowCanvasChecks\FlowCanvasChecks.csproj]
D:\C#\VM\FlowCanvasChecks\HttpImageSmoke.cs(84,31): warning CS8600: 将 null 文本或可能的 null 值转换为不可为 null 类型。 [D:\C#\VM\FlowCanvasChecks\FlowCanvasChecks.csproj]
D:\C#\VM\FlowCanvasChecks\HttpImageSmoke.cs(88,30): warning CS8600: 将 null 文本或可能的 null 值转换为不可为 null 类型。 [D:\C#\VM\FlowCanvasChecks\FlowCanvasChecks.csproj]
D:\C#\VM\FlowCanvasChecks\HttpImageSmoke.cs(97,17): warning CS8604: “void Program.Check(string name, bool ok, string detail)”中的形参“detail”可能传入 null 引用实参。 [D:\C#\VM\FlowCanvasChecks\FlowCanvasChecks.csproj]
D:\C#\VM\FlowCanvasChecks\HttpImageSmoke.cs(126,51): warning CS8604: “ActionStep.ActionStep(string icon, string pluginName, string pluginTypeName, string stepName = null)”中的形参“pluginTypeName”可能传入 null 引用实参。 [D:\C#\VM\FlowCanvasChecks\FlowCanvasChecks.csproj]
D:\C#\VM\FlowCanvasChecks\HttpImageSmoke.cs(130,54): warning CS8604: “object Enum.ToObject(Type enumType, int value)”中的形参“enumType”可能传入 null 引用实参。 [D:\C#\VM\FlowCanvasChecks\FlowCanvasChecks.csproj]
D:\C#\VM\FlowCanvasChecks\HttpImageSmoke.cs(147,73): warning CS8625: 无法将 null 字面量转换为非 null 的引用类型。 [D:\C#\VM\FlowCanvasChecks\FlowCanvasChecks.csproj]
D:\C#\VM\FlowCanvasChecks\GlobalVariableChecks.cs(237,37): warning CS8601: 可能的 null 引用赋值。 [D:\C#\VM\FlowCanvasChecks\FlowCanvasChecks.csproj]
D:\C#\VM\FlowCanvasChecks\GlobalVariableChecks.cs(238,30): warning CS8601: 可能的 null 引用赋值。 [D:\C#\VM\FlowCanvasChecks\FlowCanvasChecks.csproj]
D:\C#\VM\FlowCanvasChecks\MatchingChecks.cs(853,65): warning CS8603: 可能返回 null 引用。 [D:\C#\VM\FlowCanvasChecks\FlowCanvasChecks.csproj]
D:\C#\VM\FlowCanvasChecks\MatchingChecks.cs(854,63): warning CS8603: 可能返回 null 引用。 [D:\C#\VM\FlowCanvasChecks\FlowCanvasChecks.csproj]
D:\C#\VM\FlowCanvasChecks\CreateRoiChecks.cs(639,69): warning CS8603: 可能返回 null 引用。 [D:\C#\VM\FlowCanvasChecks\FlowCanvasChecks.csproj]
D:\C#\VM\FlowCanvasChecks\CreateRoiChecks.cs(640,67): warning CS8603: 可能返回 null 引用。 [D:\C#\VM\FlowCanvasChecks\FlowCanvasChecks.csproj]
D:\C#\VM\FlowCanvasChecks\ExecutionChecks.cs(447,30): warning CS8600: 将 null 文本或可能的 null 值转换为不可为 null 类型。 [D:\C#\VM\FlowCanvasChecks\FlowCanvasChecks.csproj]
D:\C#\VM\FlowCanvasChecks\ExecutionChecks.cs(499,38): warning CS8600: 将 null 文本或可能的 null 值转换为不可为 null 类型。 [D:\C#\VM\FlowCanvasChecks\FlowCanvasChecks.csproj]
D:\C#\VM\FlowCanvasChecks\ExecutionChecks.cs(528,39): warning CS8600: 将 null 文本或可能的 null 值转换为不可为 null 类型。 [D:\C#\VM\FlowCanvasChecks\FlowCanvasChecks.csproj]
D:\C#\VM\FlowCanvasChecks\HttpImageSmoke.cs(301,77): warning CS8625: 无法将 null 字面量转换为非 null 的引用类型。 [D:\C#\VM\FlowCanvasChecks\FlowCanvasChecks.csproj]
D:\C#\VM\FlowCanvasChecks\OcrChecks.cs(196,30): warning CS8600: 将 null 文本或可能的 null 值转换为不可为 null 类型。 [D:\C#\VM\FlowCanvasChecks\FlowCanvasChecks.csproj]
D:\C#\VM\FlowCanvasChecks\OcrChecks.cs(271,37): warning CS8600: 将 null 文本或可能的 null 值转换为不可为 null 类型。 [D:\C#\VM\FlowCanvasChecks\FlowCanvasChecks.csproj]
D:\C#\VM\FlowCanvasChecks\ExecutionChecks.cs(617,78): warning CS8625: 无法将 null 字面量转换为非 null 的引用类型。 [D:\C#\VM\FlowCanvasChecks\FlowCanvasChecks.csproj]
D:\C#\VM\FlowCanvasChecks\ExecutionChecks.cs(687,34): warning CS8600: 将 null 文本或可能的 null 值转换为不可为 null 类型。 [D:\C#\VM\FlowCanvasChecks\FlowCanvasChecks.csproj]
D:\C#\VM\FlowCanvasChecks\ExecutionChecks.cs(694,47): warning CS8625: 无法将 null 字面量转换为非 null 的引用类型。 [D:\C#\VM\FlowCanvasChecks\FlowCanvasChecks.csproj]
D:\C#\VM\FlowCanvasChecks\ExecutionChecks.cs(700,34): warning CS8600: 将 null 文本或可能的 null 值转换为不可为 null 类型。 [D:\C#\VM\FlowCanvasChecks\FlowCanvasChecks.csproj]
D:\C#\VM\FlowCanvasChecks\HttpImageSmoke.cs(562,20): warning CS8603: 可能返回 null 引用。 [D:\C#\VM\FlowCanvasChecks\FlowCanvasChecks.csproj]
D:\C#\VM\FlowCanvasChecks\HttpImageSmoke.cs(568,20): warning CS8603: 可能返回 null 引用。 [D:\C#\VM\FlowCanvasChecks\FlowCanvasChecks.csproj]
D:\C#\VM\FlowCanvasChecks\VariableBindingCheck.cs(53,85): warning CS8601: 可能的 null 引用赋值。 [D:\C#\VM\FlowCanvasChecks\FlowCanvasChecks.csproj]
D:\C#\VM\FlowCanvasChecks\VariableBindingCheck.cs(92,36): warning CS8601: 可能的 null 引用赋值。 [D:\C#\VM\FlowCanvasChecks\FlowCanvasChecks.csproj]
D:\C#\VM\FlowCanvasChecks\VariableBindingCheck.cs(96,36): warning CS8601: 可能的 null 引用赋值。 [D:\C#\VM\FlowCanvasChecks\FlowCanvasChecks.csproj]
D:\C#\VM\FlowCanvasChecks\VariableBindingCheck.cs(100,36): warning CS8601: 可能的 null 引用赋值。 [D:\C#\VM\FlowCanvasChecks\FlowCanvasChecks.csproj]
D:\C#\VM\FlowCanvasChecks\VariableBindingCheck.cs(133,82): warning CS8601: 可能的 null 引用赋值。 [D:\C#\VM\FlowCanvasChecks\FlowCanvasChecks.csproj]
D:\C#\VM\FlowCanvasChecks\VariableBindingCheck.cs(134,83): warning CS8601: 可能的 null 引用赋值。 [D:\C#\VM\FlowCanvasChecks\FlowCanvasChecks.csproj]
D:\C#\VM\FlowCanvasChecks\VariableBindingCheck.cs(135,79): warning CS8601: 可能的 null 引用赋值。 [D:\C#\VM\FlowCanvasChecks\FlowCanvasChecks.csproj]
D:\C#\VM\FlowCanvasChecks\ExecutionChecks.cs(876,60): warning CS8625: 无法将 null 字面量转换为非 null 的引用类型。 [D:\C#\VM\FlowCanvasChecks\FlowCanvasChecks.csproj]
D:\C#\VM\FlowCanvasChecks\ExecutionChecks.cs(975,33): warning CS8600: 将 null 文本或可能的 null 值转换为不可为 null 类型。 [D:\C#\VM\FlowCanvasChecks\FlowCanvasChecks.csproj]
D:\C#\VM\FlowCanvasChecks\ExecutionChecks.cs(986,33): warning CS8600: 将 null 文本或可能的 null 值转换为不可为 null 类型。 [D:\C#\VM\FlowCanvasChecks\FlowCanvasChecks.csproj]
D:\C#\VM\FlowCanvasChecks\Program.cs(449,36): warning CS8625: 无法将 null 字面量转换为非 null 的引用类型。 [D:\C#\VM\FlowCanvasChecks\FlowCanvasChecks.csproj]
C:\Program Files\dotnet\sdk\9.0.318\Microsoft.Common.CurrentVersion.targets(5093,5): warning MSB3026: 无法将“D:\C#\VM\Core\bin\Debug\net9.0-windows\VM.Core.dll”复制到“bin\Debug\net9.0-windows\VM.Core.dll”。1000 毫秒后将开始第 1 次重试。The process cannot access the file 'D:\C#\VM\ScadaChecks\bin\Debug\net9.0-windows\VM.Core.dll' because it is being used by another process. 文件被“ScadaChecks (32184)”锁定。 [D:\C#\VM\ScadaChecks\ScadaChecks.csproj]
C:\Program Files\dotnet\sdk\9.0.318\Microsoft.Common.CurrentVersion.targets(5093,5): warning MSB3026: 无法将“D:\C#\VM\VisionMaster\bin\Debug\net9.0-windows\VisionMaster.dll”复制到“bin\Debug\net9.0-windows\VisionMaster.dll”。1000 毫秒后将开始第 1 次重试。The process cannot access the file 'D:\C#\VM\ScadaChecks\bin\Debug\net9.0-windows\VisionMaster.dll' because it is being used by another process. 文件被“ScadaChecks (32184)”锁定。 [D:\C#\VM\ScadaChecks\ScadaChecks.csproj]
C:\Program Files\dotnet\sdk\9.0.318\Microsoft.Common.CurrentVersion.targets(5093,5): warning MSB3026: 无法将“D:\C#\VM\UI\Controls\bin\Debug\net9.0-windows\UI.dll”复制到“bin\Debug\net9.0-windows\UI.dll”。1000 毫秒后将开始第 1 次重试。The process cannot access the file 'D:\C#\VM\ScadaChecks\bin\Debug\net9.0-windows\UI.dll' because it is being used by another process. 文件被“ScadaChecks (32184)”锁定。 [D:\C#\VM\ScadaChecks\ScadaChecks.csproj]
C:\Program Files\dotnet\sdk\9.0.318\Microsoft.Common.CurrentVersion.targets(5093,5): warning MSB3026: 无法将“D:\C#\VM\Communication\bin\Debug\net9.0-windows\VM.Communication.dll”复制到“bin\Debug\net9.0-windows\VM.Communication.dll”。1000 毫秒后将开始第 1 次重试。The process cannot access the file 'D:\C#\VM\ScadaChecks\bin\Debug\net9.0-windows\VM.Communication.dll' because it is being used by another process. 文件被“ScadaChecks (32184)”锁定。 [D:\C#\VM\ScadaChecks\ScadaChecks.csproj]
C:\Program Files\dotnet\sdk\9.0.318\Microsoft.Common.CurrentVersion.targets(5093,5): warning MSB3026: 无法将“D:\C#\VM\VisionMaster\bin\Debug\net9.0-windows\VisionMaster.dll”复制到“bin\Debug\net9.0-windows\VisionMaster.dll”。1000 毫秒后将开始第 2 次重试。The process cannot access the file 'D:\C#\VM\ScadaChecks\bin\Debug\net9.0-windows\VisionMaster.dll' because it is being used by another process. 文件被“ScadaChecks (32184)”锁定。 [D:\C#\VM\ScadaChecks\ScadaChecks.csproj]
C:\Program Files\dotnet\sdk\9.0.318\Microsoft.Common.CurrentVersion.targets(5093,5): warning MSB3026: 无法将“D:\C#\VM\Communication\bin\Debug\net9.0-windows\VM.Communication.dll”复制到“bin\Debug\net9.0-windows\VM.Communication.dll”。1000 毫秒后将开始第 2 次重试。The process cannot access the file 'D:\C#\VM\ScadaChecks\bin\Debug\net9.0-windows\VM.Communication.dll' because it is being used by another process. 文件被“ScadaChecks (32184)”锁定。 [D:\C#\VM\ScadaChecks\ScadaChecks.csproj]
C:\Program Files\dotnet\sdk\9.0.318\Microsoft.Common.CurrentVersion.targets(5093,5): warning MSB3026: 无法将“D:\C#\VM\UI\Controls\bin\Debug\net9.0-windows\UI.dll”复制到“bin\Debug\net9.0-windows\UI.dll”。1000 毫秒后将开始第 2 次重试。The process cannot access the file 'D:\C#\VM\ScadaChecks\bin\Debug\net9.0-windows\UI.dll' because it is being used by another process. 文件被“ScadaChecks (32184)”锁定。 [D:\C#\VM\ScadaChecks\ScadaChecks.csproj]
C:\Program Files\dotnet\sdk\9.0.318\Microsoft.Common.CurrentVersion.targets(5093,5): warning MSB3026: 无法将“D:\C#\VM\Core\bin\Debug\net9.0-windows\VM.Core.dll”复制到“bin\Debug\net9.0-windows\VM.Core.dll”。1000 毫秒后将开始第 2 次重试。The process cannot access the file 'D:\C#\VM\ScadaChecks\bin\Debug\net9.0-windows\VM.Core.dll' because it is being used by another process. 文件被“ScadaChecks (32184)”锁定。 [D:\C#\VM\ScadaChecks\ScadaChecks.csproj]
C:\Program Files\dotnet\sdk\9.0.318\Microsoft.Common.CurrentVersion.targets(5093,5): warning MSB3026: 无法将“D:\C#\VM\VisionMaster\bin\Debug\net9.0-windows\VisionMaster.dll”复制到“bin\Debug\net9.0-windows\VisionMaster.dll”。1000 毫秒后将开始第 3 次重试。The process cannot access the file 'D:\C#\VM\ScadaChecks\bin\Debug\net9.0-windows\VisionMaster.dll' because it is being used by another process. 文件被“ScadaChecks (32184)”锁定。 [D:\C#\VM\ScadaChecks\ScadaChecks.csproj]
C:\Program Files\dotnet\sdk\9.0.318\Microsoft.Common.CurrentVersion.targets(5093,5): warning MSB3026: 无法将“D:\C#\VM\Communication\bin\Debug\net9.0-windows\VM.Communication.dll”复制到“bin\Debug\net9.0-windows\VM.Communication.dll”。1000 毫秒后将开始第 3 次重试。The process cannot access the file 'D:\C#\VM\ScadaChecks\bin\Debug\net9.0-windows\VM.Communication.dll' because it is being used by another process. 文件被“ScadaChecks (32184)”锁定。 [D:\C#\VM\ScadaChecks\ScadaChecks.csproj]
C:\Program Files\dotnet\sdk\9.0.318\Microsoft.Common.CurrentVersion.targets(5093,5): warning MSB3026: 无法将“D:\C#\VM\Core\bin\Debug\net9.0-windows\VM.Core.dll”复制到“bin\Debug\net9.0-windows\VM.Core.dll”。1000 毫秒后将开始第 3 次重试。The process cannot access the file 'D:\C#\VM\ScadaChecks\bin\Debug\net9.0-windows\VM.Core.dll' because it is being used by another process. 文件被“ScadaChecks (32184)”锁定。 [D:\C#\VM\ScadaChecks\ScadaChecks.csproj]
C:\Program Files\dotnet\sdk\9.0.318\Microsoft.Common.CurrentVersion.targets(5093,5): warning MSB3026: 无法将“D:\C#\VM\UI\Controls\bin\Debug\net9.0-windows\UI.dll”复制到“bin\Debug\net9.0-windows\UI.dll”。1000 毫秒后将开始第 3 次重试。The process cannot access the file 'D:\C#\VM\ScadaChecks\bin\Debug\net9.0-windows\UI.dll' because it is being used by another process. 文件被“ScadaChecks (32184)”锁定。 [D:\C#\VM\ScadaChecks\ScadaChecks.csproj]
C:\Program Files\dotnet\sdk\9.0.318\Microsoft.Common.CurrentVersion.targets(5093,5): warning MSB3026: 无法将“D:\C#\VM\VisionMaster\bin\Debug\net9.0-windows\VisionMaster.dll”复制到“bin\Debug\net9.0-windows\VisionMaster.dll”。1000 毫秒后将开始第 4 次重试。The process cannot access the file 'D:\C#\VM\ScadaChecks\bin\Debug\net9.0-windows\VisionMaster.dll' because it is being used by another process. 文件被“ScadaChecks (32184)”锁定。 [D:\C#\VM\ScadaChecks\ScadaChecks.csproj]
C:\Program Files\dotnet\sdk\9.0.318\Microsoft.Common.CurrentVersion.targets(5093,5): warning MSB3026: 无法将“D:\C#\VM\Communication\bin\Debug\net9.0-windows\VM.Communication.dll”复制到“bin\Debug\net9.0-windows\VM.Communication.dll”。1000 毫秒后将开始第 4 次重试。The process cannot access the file 'D:\C#\VM\ScadaChecks\bin\Debug\net9.0-windows\VM.Communication.dll' because it is being used by another process. 文件被“ScadaChecks (32184)”锁定。 [D:\C#\VM\ScadaChecks\ScadaChecks.csproj]
C:\Program Files\dotnet\sdk\9.0.318\Microsoft.Common.CurrentVersion.targets(5093,5): warning MSB3026: 无法将“D:\C#\VM\UI\Controls\bin\Debug\net9.0-windows\UI.dll”复制到“bin\Debug\net9.0-windows\UI.dll”。1000 毫秒后将开始第 4 次重试。The process cannot access the file 'D:\C#\VM\ScadaChecks\bin\Debug\net9.0-windows\UI.dll' because it is being used by another process. 文件被“ScadaChecks (32184)”锁定。 [D:\C#\VM\ScadaChecks\ScadaChecks.csproj]
C:\Program Files\dotnet\sdk\9.0.318\Microsoft.Common.CurrentVersion.targets(5093,5): warning MSB3026: 无法将“D:\C#\VM\Core\bin\Debug\net9.0-windows\VM.Core.dll”复制到“bin\Debug\net9.0-windows\VM.Core.dll”。1000 毫秒后将开始第 4 次重试。The process cannot access the file 'D:\C#\VM\ScadaChecks\bin\Debug\net9.0-windows\VM.Core.dll' because it is being used by another process. 文件被“ScadaChecks (32184)”锁定。 [D:\C#\VM\ScadaChecks\ScadaChecks.csproj]
C:\Program Files\dotnet\sdk\9.0.318\Microsoft.Common.CurrentVersion.targets(5093,5): warning MSB3026: 无法将“D:\C#\VM\VisionMaster\bin\Debug\net9.0-windows\VisionMaster.dll”复制到“bin\Debug\net9.0-windows\VisionMaster.dll”。1000 毫秒后将开始第 5 次重试。The process cannot access the file 'D:\C#\VM\ScadaChecks\bin\Debug\net9.0-windows\VisionMaster.dll' because it is being used by another process. 文件被“ScadaChecks (32184)”锁定。 [D:\C#\VM\ScadaChecks\ScadaChecks.csproj]
C:\Program Files\dotnet\sdk\9.0.318\Microsoft.Common.CurrentVersion.targets(5093,5): warning MSB3026: 无法将“D:\C#\VM\UI\Controls\bin\Debug\net9.0-windows\UI.dll”复制到“bin\Debug\net9.0-windows\UI.dll”。1000 毫秒后将开始第 5 次重试。The process cannot access the file 'D:\C#\VM\ScadaChecks\bin\Debug\net9.0-windows\UI.dll' because it is being used by another process. 文件被“ScadaChecks (32184)”锁定。 [D:\C#\VM\ScadaChecks\ScadaChecks.csproj]
C:\Program Files\dotnet\sdk\9.0.318\Microsoft.Common.CurrentVersion.targets(5093,5): warning MSB3026: 无法将“D:\C#\VM\Communication\bin\Debug\net9.0-windows\VM.Communication.dll”复制到“bin\Debug\net9.0-windows\VM.Communication.dll”。1000 毫秒后将开始第 5 次重试。The process cannot access the file 'D:\C#\VM\ScadaChecks\bin\Debug\net9.0-windows\VM.Communication.dll' because it is being used by another process. 文件被“ScadaChecks (32184)”锁定。 [D:\C#\VM\ScadaChecks\ScadaChecks.csproj]
C:\Program Files\dotnet\sdk\9.0.318\Microsoft.Common.CurrentVersion.targets(5093,5): warning MSB3026: 无法将“D:\C#\VM\Core\bin\Debug\net9.0-windows\VM.Core.dll”复制到“bin\Debug\net9.0-windows\VM.Core.dll”。1000 毫秒后将开始第 5 次重试。The process cannot access the file 'D:\C#\VM\ScadaChecks\bin\Debug\net9.0-windows\VM.Core.dll' because it is being used by another process. 文件被“ScadaChecks (32184)”锁定。 [D:\C#\VM\ScadaChecks\ScadaChecks.csproj]
C:\Program Files\dotnet\sdk\9.0.318\Microsoft.Common.CurrentVersion.targets(5093,5): warning MSB3026: 无法将“D:\C#\VM\VisionMaster\bin\Debug\net9.0-windows\VisionMaster.dll”复制到“bin\Debug\net9.0-windows\VisionMaster.dll”。1000 毫秒后将开始第 6 次重试。The process cannot access the file 'D:\C#\VM\ScadaChecks\bin\Debug\net9.0-windows\VisionMaster.dll' because it is being used by another process. 文件被“ScadaChecks (32184)”锁定。 [D:\C#\VM\ScadaChecks\ScadaChecks.csproj]
C:\Program Files\dotnet\sdk\9.0.318\Microsoft.Common.CurrentVersion.targets(5093,5): warning MSB3026: 无法将“D:\C#\VM\Communication\bin\Debug\net9.0-windows\VM.Communication.dll”复制到“bin\Debug\net9.0-windows\VM.Communication.dll”。1000 毫秒后将开始第 6 次重试。The process cannot access the file 'D:\C#\VM\ScadaChecks\bin\Debug\net9.0-windows\VM.Communication.dll' because it is being used by another process. 文件被“ScadaChecks (32184)”锁定。 [D:\C#\VM\ScadaChecks\ScadaChecks.csproj]
C:\Program Files\dotnet\sdk\9.0.318\Microsoft.Common.CurrentVersion.targets(5093,5): warning MSB3026: 无法将“D:\C#\VM\UI\Controls\bin\Debug\net9.0-windows\UI.dll”复制到“bin\Debug\net9.0-windows\UI.dll”。1000 毫秒后将开始第 6 次重试。The process cannot access the file 'D:\C#\VM\ScadaChecks\bin\Debug\net9.0-windows\UI.dll' because it is being used by another process. 文件被“ScadaChecks (32184)”锁定。 [D:\C#\VM\ScadaChecks\ScadaChecks.csproj]
C:\Program Files\dotnet\sdk\9.0.318\Microsoft.Common.CurrentVersion.targets(5093,5): warning MSB3026: 无法将“D:\C#\VM\Core\bin\Debug\net9.0-windows\VM.Core.dll”复制到“bin\Debug\net9.0-windows\VM.Core.dll”。1000 毫秒后将开始第 6 次重试。The process cannot access the file 'D:\C#\VM\ScadaChecks\bin\Debug\net9.0-windows\VM.Core.dll' because it is being used by another process. 文件被“ScadaChecks (32184)”锁定。 [D:\C#\VM\ScadaChecks\ScadaChecks.csproj]
C:\Program Files\dotnet\sdk\9.0.318\Microsoft.Common.CurrentVersion.targets(5093,5): warning MSB3026: 无法将“D:\C#\VM\VisionMaster\bin\Debug\net9.0-windows\VisionMaster.dll”复制到“bin\Debug\net9.0-windows\VisionMaster.dll”。1000 毫秒后将开始第 7 次重试。The process cannot access the file 'D:\C#\VM\ScadaChecks\bin\Debug\net9.0-windows\VisionMaster.dll' because it is being used by another process. 文件被“ScadaChecks (32184)”锁定。 [D:\C#\VM\ScadaChecks\ScadaChecks.csproj]
C:\Program Files\dotnet\sdk\9.0.318\Microsoft.Common.CurrentVersion.targets(5093,5): warning MSB3026: 无法将“D:\C#\VM\Communication\bin\Debug\net9.0-windows\VM.Communication.dll”复制到“bin\Debug\net9.0-windows\VM.Communication.dll”。1000 毫秒后将开始第 7 次重试。The process cannot access the file 'D:\C#\VM\ScadaChecks\bin\Debug\net9.0-windows\VM.Communication.dll' because it is being used by another process. 文件被“ScadaChecks (32184)”锁定。 [D:\C#\VM\ScadaChecks\ScadaChecks.csproj]
C:\Program Files\dotnet\sdk\9.0.318\Microsoft.Common.CurrentVersion.targets(5093,5): warning MSB3026: 无法将“D:\C#\VM\Core\bin\Debug\net9.0-windows\VM.Core.dll”复制到“bin\Debug\net9.0-windows\VM.Core.dll”。1000 毫秒后将开始第 7 次重试。The process cannot access the file 'D:\C#\VM\ScadaChecks\bin\Debug\net9.0-windows\VM.Core.dll' because it is being used by another process. 文件被“ScadaChecks (32184)”锁定。 [D:\C#\VM\ScadaChecks\ScadaChecks.csproj]
C:\Program Files\dotnet\sdk\9.0.318\Microsoft.Common.CurrentVersion.targets(5093,5): warning MSB3026: 无法将“D:\C#\VM\UI\Controls\bin\Debug\net9.0-windows\UI.dll”复制到“bin\Debug\net9.0-windows\UI.dll”。1000 毫秒后将开始第 7 次重试。The process cannot access the file 'D:\C#\VM\ScadaChecks\bin\Debug\net9.0-windows\UI.dll' because it is being used by another process. 文件被“ScadaChecks (32184)”锁定。 [D:\C#\VM\ScadaChecks\ScadaChecks.csproj]
C:\Program Files\dotnet\sdk\9.0.318\Microsoft.Common.CurrentVersion.targets(5093,5): warning MSB3026: 无法将“D:\C#\VM\VisionMaster\bin\Debug\net9.0-windows\VisionMaster.dll”复制到“bin\Debug\net9.0-windows\VisionMaster.dll”。1000 毫秒后将开始第 8 次重试。The process cannot access the file 'D:\C#\VM\ScadaChecks\bin\Debug\net9.0-windows\VisionMaster.dll' because it is being used by another process. 文件被“ScadaChecks (32184)”锁定。 [D:\C#\VM\ScadaChecks\ScadaChecks.csproj]
C:\Program Files\dotnet\sdk\9.0.318\Microsoft.Common.CurrentVersion.targets(5093,5): warning MSB3026: 无法将“D:\C#\VM\Core\bin\Debug\net9.0-windows\VM.Core.dll”复制到“bin\Debug\net9.0-windows\VM.Core.dll”。1000 毫秒后将开始第 8 次重试。The process cannot access the file 'D:\C#\VM\ScadaChecks\bin\Debug\net9.0-windows\VM.Core.dll' because it is being used by another process. 文件被“ScadaChecks (32184)”锁定。 [D:\C#\VM\ScadaChecks\ScadaChecks.csproj]
C:\Program Files\dotnet\sdk\9.0.318\Microsoft.Common.CurrentVersion.targets(5093,5): warning MSB3026: 无法将“D:\C#\VM\Communication\bin\Debug\net9.0-windows\VM.Communication.dll”复制到“bin\Debug\net9.0-windows\VM.Communication.dll”。1000 毫秒后将开始第 8 次重试。The process cannot access the file 'D:\C#\VM\ScadaChecks\bin\Debug\net9.0-windows\VM.Communication.dll' because it is being used by another process. 文件被“ScadaChecks (32184)”锁定。 [D:\C#\VM\ScadaChecks\ScadaChecks.csproj]
C:\Program Files\dotnet\sdk\9.0.318\Microsoft.Common.CurrentVersion.targets(5093,5): warning MSB3026: 无法将“D:\C#\VM\UI\Controls\bin\Debug\net9.0-windows\UI.dll”复制到“bin\Debug\net9.0-windows\UI.dll”。1000 毫秒后将开始第 8 次重试。The process cannot access the file 'D:\C#\VM\ScadaChecks\bin\Debug\net9.0-windows\UI.dll' because it is being used by another process. 文件被“ScadaChecks (32184)”锁定。 [D:\C#\VM\ScadaChecks\ScadaChecks.csproj]
C:\Program Files\dotnet\sdk\9.0.318\Microsoft.Common.CurrentVersion.targets(5093,5): warning MSB3026: 无法将“D:\C#\VM\VisionMaster\bin\Debug\net9.0-windows\VisionMaster.dll”复制到“bin\Debug\net9.0-windows\VisionMaster.dll”。1000 毫秒后将开始第 9 次重试。The process cannot access the file 'D:\C#\VM\ScadaChecks\bin\Debug\net9.0-windows\VisionMaster.dll' because it is being used by another process. 文件被“ScadaChecks (32184)”锁定。 [D:\C#\VM\ScadaChecks\ScadaChecks.csproj]
C:\Program Files\dotnet\sdk\9.0.318\Microsoft.Common.CurrentVersion.targets(5093,5): warning MSB3026: 无法将“D:\C#\VM\Core\bin\Debug\net9.0-windows\VM.Core.dll”复制到“bin\Debug\net9.0-windows\VM.Core.dll”。1000 毫秒后将开始第 9 次重试。The process cannot access the file 'D:\C#\VM\ScadaChecks\bin\Debug\net9.0-windows\VM.Core.dll' because it is being used by another process. 文件被“ScadaChecks (32184)”锁定。 [D:\C#\VM\ScadaChecks\ScadaChecks.csproj]
C:\Program Files\dotnet\sdk\9.0.318\Microsoft.Common.CurrentVersion.targets(5093,5): warning MSB3026: 无法将“D:\C#\VM\UI\Controls\bin\Debug\net9.0-windows\UI.dll”复制到“bin\Debug\net9.0-windows\UI.dll”。1000 毫秒后将开始第 9 次重试。The process cannot access the file 'D:\C#\VM\ScadaChecks\bin\Debug\net9.0-windows\UI.dll' because it is being used by another process. 文件被“ScadaChecks (32184)”锁定。 [D:\C#\VM\ScadaChecks\ScadaChecks.csproj]
C:\Program Files\dotnet\sdk\9.0.318\Microsoft.Common.CurrentVersion.targets(5093,5): warning MSB3026: 无法将“D:\C#\VM\Communication\bin\Debug\net9.0-windows\VM.Communication.dll”复制到“bin\Debug\net9.0-windows\VM.Communication.dll”。1000 毫秒后将开始第 9 次重试。The process cannot access the file 'D:\C#\VM\ScadaChecks\bin\Debug\net9.0-windows\VM.Communication.dll' because it is being used by another process. 文件被“ScadaChecks (32184)”锁定。 [D:\C#\VM\ScadaChecks\ScadaChecks.csproj]
C:\Program Files\dotnet\sdk\9.0.318\Microsoft.Common.CurrentVersion.targets(5093,5): warning MSB3026: 无法将“D:\C#\VM\VisionMaster\bin\Debug\net9.0-windows\VisionMaster.dll”复制到“bin\Debug\net9.0-windows\VisionMaster.dll”。1000 毫秒后将开始第 10 次重试。The process cannot access the file 'D:\C#\VM\ScadaChecks\bin\Debug\net9.0-windows\VisionMaster.dll' because it is being used by another process. 文件被“ScadaChecks (32184)”锁定。 [D:\C#\VM\ScadaChecks\ScadaChecks.csproj]
C:\Program Files\dotnet\sdk\9.0.318\Microsoft.Common.CurrentVersion.targets(5093,5): warning MSB3026: 无法将“D:\C#\VM\Core\bin\Debug\net9.0-windows\VM.Core.dll”复制到“bin\Debug\net9.0-windows\VM.Core.dll”。1000 毫秒后将开始第 10 次重试。The process cannot access the file 'D:\C#\VM\ScadaChecks\bin\Debug\net9.0-windows\VM.Core.dll' because it is being used by another process. 文件被“ScadaChecks (32184)”锁定。 [D:\C#\VM\ScadaChecks\ScadaChecks.csproj]
C:\Program Files\dotnet\sdk\9.0.318\Microsoft.Common.CurrentVersion.targets(5093,5): warning MSB3026: 无法将“D:\C#\VM\UI\Controls\bin\Debug\net9.0-windows\UI.dll”复制到“bin\Debug\net9.0-windows\UI.dll”。1000 毫秒后将开始第 10 次重试。The process cannot access the file 'D:\C#\VM\ScadaChecks\bin\Debug\net9.0-windows\UI.dll' because it is being used by another process. 文件被“ScadaChecks (32184)”锁定。 [D:\C#\VM\ScadaChecks\ScadaChecks.csproj]
C:\Program Files\dotnet\sdk\9.0.318\Microsoft.Common.CurrentVersion.targets(5093,5): warning MSB3026: 无法将“D:\C#\VM\Communication\bin\Debug\net9.0-windows\VM.Communication.dll”复制到“bin\Debug\net9.0-windows\VM.Communication.dll”。1000 毫秒后将开始第 10 次重试。The process cannot access the file 'D:\C#\VM\ScadaChecks\bin\Debug\net9.0-windows\VM.Communication.dll' because it is being used by another process. 文件被“ScadaChecks (32184)”锁定。 [D:\C#\VM\ScadaChecks\ScadaChecks.csproj]
C:\Program Files\dotnet\sdk\9.0.318\Microsoft.Common.CurrentVersion.targets(5093,5): error MSB3027: 无法将“D:\C#\VM\VisionMaster\bin\Debug\net9.0-windows\VisionMaster.dll”复制到“bin\Debug\net9.0-windows\VisionMaster.dll”。超出了重试计数 10。失败。文件被“ScadaChecks (32184)”锁定。 [D:\C#\VM\ScadaChecks\ScadaChecks.csproj]
C:\Program Files\dotnet\sdk\9.0.318\Microsoft.Common.CurrentVersion.targets(5093,5): error MSB3021: 无法将文件“D:\C#\VM\VisionMaster\bin\Debug\net9.0-windows\VisionMaster.dll”复制到“bin\Debug\net9.0-windows\VisionMaster.dll”。The process cannot access the file 'D:\C#\VM\ScadaChecks\bin\Debug\net9.0-windows\VisionMaster.dll' because it is being used by another process. [D:\C#\VM\ScadaChecks\ScadaChecks.csproj]
C:\Program Files\dotnet\sdk\9.0.318\Microsoft.Common.CurrentVersion.targets(5093,5): error MSB3027: 无法将“D:\C#\VM\Core\bin\Debug\net9.0-windows\VM.Core.dll”复制到“bin\Debug\net9.0-windows\VM.Core.dll”。超出了重试计数 10。失败。文件被“ScadaChecks (32184)”锁定。 [D:\C#\VM\ScadaChecks\ScadaChecks.csproj]
C:\Program Files\dotnet\sdk\9.0.318\Microsoft.Common.CurrentVersion.targets(5093,5): error MSB3021: 无法将文件“D:\C#\VM\Core\bin\Debug\net9.0-windows\VM.Core.dll”复制到“bin\Debug\net9.0-windows\VM.Core.dll”。The process cannot access the file 'D:\C#\VM\ScadaChecks\bin\Debug\net9.0-windows\VM.Core.dll' because it is being used by another process. [D:\C#\VM\ScadaChecks\ScadaChecks.csproj]
C:\Program Files\dotnet\sdk\9.0.318\Microsoft.Common.CurrentVersion.targets(5093,5): error MSB3027: 无法将“D:\C#\VM\UI\Controls\bin\Debug\net9.0-windows\UI.dll”复制到“bin\Debug\net9.0-windows\UI.dll”。超出了重试计数 10。失败。文件被“ScadaChecks (32184)”锁定。 [D:\C#\VM\ScadaChecks\ScadaChecks.csproj]
C:\Program Files\dotnet\sdk\9.0.318\Microsoft.Common.CurrentVersion.targets(5093,5): error MSB3021: 无法将文件“D:\C#\VM\UI\Controls\bin\Debug\net9.0-windows\UI.dll”复制到“bin\Debug\net9.0-windows\UI.dll”。The process cannot access the file 'D:\C#\VM\ScadaChecks\bin\Debug\net9.0-windows\UI.dll' because it is being used by another process. [D:\C#\VM\ScadaChecks\ScadaChecks.csproj]
C:\Program Files\dotnet\sdk\9.0.318\Microsoft.Common.CurrentVersion.targets(5093,5): error MSB3027: 无法将“D:\C#\VM\Communication\bin\Debug\net9.0-windows\VM.Communication.dll”复制到“bin\Debug\net9.0-windows\VM.Communication.dll”。超出了重试计数 10。失败。文件被“ScadaChecks (32184)”锁定。 [D:\C#\VM\ScadaChecks\ScadaChecks.csproj]
C:\Program Files\dotnet\sdk\9.0.318\Microsoft.Common.CurrentVersion.targets(5093,5): error MSB3021: 无法将文件“D:\C#\VM\Communication\bin\Debug\net9.0-windows\VM.Communication.dll”复制到“bin\Debug\net9.0-windows\VM.Communication.dll”。The process cannot access the file 'D:\C#\VM\ScadaChecks\bin\Debug\net9.0-windows\VM.Communication.dll' because it is being used by another process. [D:\C#\VM\ScadaChecks\ScadaChecks.csproj]
    624 个警告
    8 个错误

已用时间 00:00:20.00
