  正在确定要还原的项目…
  所有项目均是最新的，无法还原。
  Core.PluginGenerators -> D:\C#\VM\Shard\Core.PluginGenerators\bin\Debug\netstandard2.0\Core.PluginGenerators.dll
D:\C#\VM\Shard\Core.Interfaces\Core\ObservableObject.cs(13,50): warning CS8612: “event PropertyChangedEventHandler ObservableObject.PropertyChanged”的类型中引用类型的为 Null 性与隐式实现的成员“event PropertyChangedEventHandler? INotifyPropertyChanged.PropertyChanged”不匹配。 [D:\C#\VM\Shard\Core.Interfaces\Core.Interfaces.csproj]
D:\C#\VM\Shard\Core.Interfaces\Core\ObservableObject.cs(19,91): warning CS8625: 无法将 null 字面量转换为非 null 的引用类型。 [D:\C#\VM\Shard\Core.Interfaces\Core.Interfaces.csproj]
D:\C#\VM\Shard\Core.Interfaces\Core\ObservableObject.cs(33,112): warning CS8625: 无法将 null 字面量转换为非 null 的引用类型。 [D:\C#\VM\Shard\Core.Interfaces\Core.Interfaces.csproj]
D:\C#\VM\Shard\Core.Interfaces\ObservableObject.cs(15,50): warning CS8612: “event PropertyChangedEventHandler ObservableObject.PropertyChanged”的类型中引用类型的为 Null 性与隐式实现的成员“event PropertyChangedEventHandler? INotifyPropertyChanged.PropertyChanged”不匹配。 [D:\C#\VM\Shard\Core.Interfaces\Core.Interfaces.csproj]
D:\C#\VM\Shard\Core.Interfaces\ObservableObject.cs(21,91): warning CS8625: 无法将 null 字面量转换为非 null 的引用类型。 [D:\C#\VM\Shard\Core.Interfaces\Core.Interfaces.csproj]
D:\C#\VM\Shard\Core.Interfaces\ObservableObject.cs(34,112): warning CS8625: 无法将 null 字面量转换为非 null 的引用类型。 [D:\C#\VM\Shard\Core.Interfaces\Core.Interfaces.csproj]
D:\C#\VM\Shard\Core.Interfaces\DataPort\OutputPort.cs(137,41): warning CS8625: 无法将 null 字面量转换为非 null 的引用类型。 [D:\C#\VM\Shard\Core.Interfaces\Core.Interfaces.csproj]
D:\C#\VM\Shard\Core.Interfaces\DataPort\Port.cs(86,51): warning CS8601: 可能的 null 引用赋值。 [D:\C#\VM\Shard\Core.Interfaces\Core.Interfaces.csproj]
D:\C#\VM\Shard\Core.Interfaces\DataPort\InputPort.cs(182,40): warning CS8625: 无法将 null 字面量转换为非 null 的引用类型。 [D:\C#\VM\Shard\Core.Interfaces\Core.Interfaces.csproj]
D:\C#\VM\Shard\Core.Interfaces\DataPort\InputPort.cs(182,63): warning CS8601: 可能的 null 引用赋值。 [D:\C#\VM\Shard\Core.Interfaces\Core.Interfaces.csproj]
D:\C#\VM\Shard\Core.Interfaces\Camera\CameraDeviceBase.cs(63,19): warning CS8618: 在退出构造函数时，不可为 null 的 事件 "StateChanged" 必须包含非 null 值。请考虑添加 "required" 修饰符或将该 事件 声明为可为 null。 [D:\C#\VM\Shard\Core.Interfaces\Core.Interfaces.csproj]
D:\C#\VM\Shard\Core.Interfaces\Camera\CameraFrame.cs(34,23): warning CS8618: 在退出构造函数时，不可为 null 的 属性 "PixelData" 必须包含非 null 值。请考虑添加 "required" 修饰符或将该 属性 声明为可为 null。 [D:\C#\VM\Shard\Core.Interfaces\Core.Interfaces.csproj]
D:\C#\VM\Shard\Core.Interfaces\VisionPluginBase.cs(165,30): warning CS8625: 无法将 null 字面量转换为非 null 的引用类型。 [D:\C#\VM\Shard\Core.Interfaces\Core.Interfaces.csproj]
D:\C#\VM\Shard\Core.Interfaces\VisionPluginBase.cs(223,33): warning CS8603: 可能返回 null 引用。 [D:\C#\VM\Shard\Core.Interfaces\Core.Interfaces.csproj]
D:\C#\VM\Shard\Core.Interfaces\Camera\CameraDeviceBase.cs(155,28): warning CS8600: 将 null 文本或可能的 null 值转换为不可为 null 类型。 [D:\C#\VM\Shard\Core.Interfaces\Core.Interfaces.csproj]
D:\C#\VM\Shard\Core.Interfaces\DataPort\InputPort.cs(98,20): warning CS8603: 可能返回 null 引用。 [D:\C#\VM\Shard\Core.Interfaces\Core.Interfaces.csproj]
D:\C#\VM\Shard\Core.Interfaces\Core\ObservableObject.cs(69,39): warning CS8604: “bool ObservableObject.ArraysAreEqual(Array array1, Array array2)”中的形参“array1”可能传入 null 引用实参。 [D:\C#\VM\Shard\Core.Interfaces\Core.Interfaces.csproj]
D:\C#\VM\Shard\Core.Interfaces\Core\ObservableObject.cs(69,58): warning CS8604: “bool ObservableObject.ArraysAreEqual(Array array1, Array array2)”中的形参“array2”可能传入 null 引用实参。 [D:\C#\VM\Shard\Core.Interfaces\Core.Interfaces.csproj]
D:\C#\VM\Shard\Core.Interfaces\DataPort\InputPort.cs(105,32): warning CS8600: 将 null 文本或可能的 null 值转换为不可为 null 类型。 [D:\C#\VM\Shard\Core.Interfaces\Core.Interfaces.csproj]
D:\C#\VM\Shard\Core.Interfaces\DataPort\InputPort.cs(118,37): warning CS8601: 可能的 null 引用赋值。 [D:\C#\VM\Shard\Core.Interfaces\Core.Interfaces.csproj]
D:\C#\VM\Shard\Core.Interfaces\Core\ObservableObject.cs(107,31): warning CS8600: 将 null 文本或可能的 null 值转换为不可为 null 类型。 [D:\C#\VM\Shard\Core.Interfaces\Core.Interfaces.csproj]
D:\C#\VM\Shard\Core.Interfaces\Core\ObservableObject.cs(108,31): warning CS8600: 将 null 文本或可能的 null 值转换为不可为 null 类型。 [D:\C#\VM\Shard\Core.Interfaces\Core.Interfaces.csproj]
D:\C#\VM\Shard\Core.Interfaces\Core\ObservableObject.cs(13,50): warning CS8618: 在退出构造函数时，不可为 null 的 事件 "PropertyChanged" 必须包含非 null 值。请考虑添加 "required" 修饰符或将该 事件 声明为可为 null。 [D:\C#\VM\Shard\Core.Interfaces\Core.Interfaces.csproj]
D:\C#\VM\Shard\Core.Interfaces\DataPort\InputPort.cs(144,51): warning CS8622: “void InputPort<T>.UpstreamValueChanged(object sender, EventArgs e)”的参数“sender”类型中引用类型的为 Null 性与目标委托“EventHandler”不匹配(可能是由于为 Null 性特性)。 [D:\C#\VM\Shard\Core.Interfaces\Core.Interfaces.csproj]
D:\C#\VM\Shard\Core.Interfaces\DataPort\InputPort.cs(148,33): warning CS8601: 可能的 null 引用赋值。 [D:\C#\VM\Shard\Core.Interfaces\Core.Interfaces.csproj]
D:\C#\VM\Shard\Core.Interfaces\DataPort\InputPort.cs(153,51): warning CS8622: “void InputPort<T>.UpstreamValueChanged(object sender, EventArgs e)”的参数“sender”类型中引用类型的为 Null 性与目标委托“EventHandler”不匹配(可能是由于为 Null 性特性)。 [D:\C#\VM\Shard\Core.Interfaces\Core.Interfaces.csproj]
D:\C#\VM\Shard\Core.Interfaces\DataPort\InputPort.cs(158,42): warning CS8601: 可能的 null 引用赋值。 [D:\C#\VM\Shard\Core.Interfaces\Core.Interfaces.csproj]
D:\C#\VM\Shard\Core.Interfaces\DataPort\InputPort.cs(182,16): warning CS8618: 在退出构造函数时，不可为 null 的 字段 "_cachedLinkedValue" 必须包含非 null 值。请考虑添加 "required" 修饰符或将该 字段 声明为可为 null。 [D:\C#\VM\Shard\Core.Interfaces\Core.Interfaces.csproj]
D:\C#\VM\Shard\Core.Interfaces\DataPort\InputPort.cs(182,16): warning CS8618: 在退出构造函数时，不可为 null 的 字段 "_linkedSource" 必须包含非 null 值。请考虑添加 "required" 修饰符或将该 字段 声明为可为 null。 [D:\C#\VM\Shard\Core.Interfaces\Core.Interfaces.csproj]
D:\C#\VM\Shard\Core.Interfaces\DataPort\InputPort.cs(182,16): warning CS8618: 在退出构造函数时，不可为 null 的 事件 "ValueChanged" 必须包含非 null 值。请考虑添加 "required" 修饰符或将该 事件 声明为可为 null。 [D:\C#\VM\Shard\Core.Interfaces\Core.Interfaces.csproj]
D:\C#\VM\Shard\Core.Interfaces\DataPort\InputPort.cs(196,20): warning CS8603: 可能返回 null 引用。 [D:\C#\VM\Shard\Core.Interfaces\Core.Interfaces.csproj]
D:\C#\VM\Shard\Core.Interfaces\DataPort\InputPort.cs(233,29): warning CS8601: 可能的 null 引用赋值。 [D:\C#\VM\Shard\Core.Interfaces\Core.Interfaces.csproj]
D:\C#\VM\Shard\Core.Interfaces\VisionPluginBase.cs(308,39): warning CS8603: 可能返回 null 引用。 [D:\C#\VM\Shard\Core.Interfaces\Core.Interfaces.csproj]
D:\C#\VM\Shard\Core.Interfaces\VisionPluginBase.cs(314,24): warning CS8603: 可能返回 null 引用。 [D:\C#\VM\Shard\Core.Interfaces\Core.Interfaces.csproj]
D:\C#\VM\Shard\Core.Interfaces\Camera\CameraDeviceBase.cs(235,28): warning CS8600: 将 null 文本或可能的 null 值转换为不可为 null 类型。 [D:\C#\VM\Shard\Core.Interfaces\Core.Interfaces.csproj]
D:\C#\VM\Shard\Core.Interfaces\DataPort\InputPort.cs(267,38): warning CS8601: 可能的 null 引用赋值。 [D:\C#\VM\Shard\Core.Interfaces\Core.Interfaces.csproj]
D:\C#\VM\Shard\Core.Interfaces\DataPort\InputPort.cs(298,24): warning CS8603: 可能返回 null 引用。 [D:\C#\VM\Shard\Core.Interfaces\Core.Interfaces.csproj]
D:\C#\VM\Shard\Core.Interfaces\DataPort\InputPort.cs(304,56): warning CS8604: “object ValueConverter.Convert(object rawValue, Type targetType)”中的形参“targetType”可能传入 null 引用实参。 [D:\C#\VM\Shard\Core.Interfaces\Core.Interfaces.csproj]
D:\C#\VM\Shard\Core.Interfaces\DataPort\OutputPort.cs(64,20): warning CS8603: 可能返回 null 引用。 [D:\C#\VM\Shard\Core.Interfaces\Core.Interfaces.csproj]
D:\C#\VM\Shard\Core.Interfaces\DataPort\Port.cs(58,20): warning CS8603: 可能返回 null 引用。 [D:\C#\VM\Shard\Core.Interfaces\Core.Interfaces.csproj]
D:\C#\VM\Shard\Core.Interfaces\DataPort\OutputPort.cs(72,32): warning CS8600: 将 null 文本或可能的 null 值转换为不可为 null 类型。 [D:\C#\VM\Shard\Core.Interfaces\Core.Interfaces.csproj]
D:\C#\VM\Shard\Core.Interfaces\DataPort\OutputPort.cs(87,42): warning CS8600: 将 null 文本或可能的 null 值转换为不可为 null 类型。 [D:\C#\VM\Shard\Core.Interfaces\Core.Interfaces.csproj]
D:\C#\VM\Shard\Core.Interfaces\DataPort\OutputPort.cs(89,29): warning CS8602: 解引用可能出现空引用。 [D:\C#\VM\Shard\Core.Interfaces\Core.Interfaces.csproj]
D:\C#\VM\Shard\Core.Interfaces\DataPort\OutputPort.cs(105,37): warning CS8601: 可能的 null 引用赋值。 [D:\C#\VM\Shard\Core.Interfaces\Core.Interfaces.csproj]
D:\C#\VM\Shard\Core.Interfaces\DataPort\OutputPort.cs(137,16): warning CS8618: 在退出构造函数时，不可为 null 的 事件 "ValueChanged" 必须包含非 null 值。请考虑添加 "required" 修饰符或将该 事件 声明为可为 null。 [D:\C#\VM\Shard\Core.Interfaces\Core.Interfaces.csproj]
D:\C#\VM\Shard\Core.Interfaces\DataPort\OutputPort.cs(137,16): warning CS8618: 在退出构造函数时，不可为 null 的 字段 "_typedValue" 必须包含非 null 值。请考虑添加 "required" 修饰符或将该 字段 声明为可为 null。 [D:\C#\VM\Shard\Core.Interfaces\Core.Interfaces.csproj]
D:\C#\VM\Shard\Core.Interfaces\DataPort\OutputPort.cs(149,16): warning CS8618: 在退出构造函数时，不可为 null 的 事件 "ValueChanged" 必须包含非 null 值。请考虑添加 "required" 修饰符或将该 事件 声明为可为 null。 [D:\C#\VM\Shard\Core.Interfaces\Core.Interfaces.csproj]
D:\C#\VM\Shard\Core.Interfaces\VisionPluginBase.cs(340,37): warning CS8600: 将 null 文本或可能的 null 值转换为不可为 null 类型。 [D:\C#\VM\Shard\Core.Interfaces\Core.Interfaces.csproj]
D:\C#\VM\Shard\Core.Interfaces\VisionPluginBase.cs(353,38): warning CS8600: 将 null 文本或可能的 null 值转换为不可为 null 类型。 [D:\C#\VM\Shard\Core.Interfaces\Core.Interfaces.csproj]
D:\C#\VM\Shard\Core.Interfaces\DataPort\Port.cs(86,16): warning CS8618: 在退出构造函数时，不可为 null 的 字段 "_description" 必须包含非 null 值。请考虑添加 "required" 修饰符或将该 字段 声明为可为 null。 [D:\C#\VM\Shard\Core.Interfaces\Core.Interfaces.csproj]
D:\C#\VM\Shard\Core.Interfaces\DataPort\Port.cs(86,16): warning CS8618: 在退出构造函数时，不可为 null 的 事件 "ValueChanged" 必须包含非 null 值。请考虑添加 "required" 修饰符或将该 事件 声明为可为 null。 [D:\C#\VM\Shard\Core.Interfaces\Core.Interfaces.csproj]
D:\C#\VM\Shard\Core.Interfaces\VisionPluginBase.cs(413,35): warning CS8600: 将 null 文本或可能的 null 值转换为不可为 null 类型。 [D:\C#\VM\Shard\Core.Interfaces\Core.Interfaces.csproj]
D:\C#\VM\Shard\Core.Interfaces\VisionPluginBase.cs(411,17): warning CS8620: 由于引用类型的可为 null 性差异，IEnumerable<string?> 类型的实参不能用于 HashSet<string>.HashSet(IEnumerable<string> collection) 中 IEnumerable<string> 类型的形参 collection。 [D:\C#\VM\Shard\Core.Interfaces\Core.Interfaces.csproj]
D:\C#\VM\Shard\Core.Interfaces\VisionPluginBase.cs(58,33): warning CS8618: 在退出构造函数时，不可为 null 的 字段 "_stepData" 必须包含非 null 值。请考虑添加 "required" 修饰符或将该 字段 声明为可为 null。 [D:\C#\VM\Shard\Core.Interfaces\Core.Interfaces.csproj]
D:\C#\VM\Shard\Core.Interfaces\VisionPluginBase.cs(205,34): warning CS8618: 在退出构造函数时，不可为 null 的 字段 "_configProps" 必须包含非 null 值。请考虑添加 "required" 修饰符或将该 字段 声明为可为 null。 [D:\C#\VM\Shard\Core.Interfaces\Core.Interfaces.csproj]
D:\C#\VM\Shard\Core.Interfaces\Camera\CameraDeviceBase.cs(413,35): warning CS8622: “void CameraDeviceBase.OnWatchdog(object state)”的参数“state”类型中引用类型的为 Null 性与目标委托“TimerCallback”不匹配(可能是由于为 Null 性特性)。 [D:\C#\VM\Shard\Core.Interfaces\Core.Interfaces.csproj]
D:\C#\VM\Shard\Core.Interfaces\VisionPluginBase.cs(199,27): warning CS8618: 在退出构造函数时，不可为 null 的 字段 "Name" 必须包含非 null 值。请考虑添加 "required" 修饰符或将该 字段 声明为可为 null。 [D:\C#\VM\Shard\Core.Interfaces\Core.Interfaces.csproj]
D:\C#\VM\Shard\Core.Interfaces\VisionPluginBase.cs(200,25): warning CS8618: 在退出构造函数时，不可为 null 的 字段 "Type" 必须包含非 null 值。请考虑添加 "required" 修饰符或将该 字段 声明为可为 null。 [D:\C#\VM\Shard\Core.Interfaces\Core.Interfaces.csproj]
D:\C#\VM\Shard\Core.Interfaces\VisionPluginBase.cs(201,33): warning CS8618: 在退出构造函数时，不可为 null 的 字段 "Get" 必须包含非 null 值。请考虑添加 "required" 修饰符或将该 字段 声明为可为 null。 [D:\C#\VM\Shard\Core.Interfaces\Core.Interfaces.csproj]
D:\C#\VM\Shard\Core.Interfaces\VisionPluginBase.cs(202,35): warning CS8618: 在退出构造函数时，不可为 null 的 字段 "Set" 必须包含非 null 值。请考虑添加 "required" 修饰符或将该 字段 声明为可为 null。 [D:\C#\VM\Shard\Core.Interfaces\Core.Interfaces.csproj]
D:\C#\VM\Shard\Core.Interfaces\DataPort\PortExtensions.cs(31,30): warning CS8601: 可能的 null 引用赋值。 [D:\C#\VM\Shard\Core.Interfaces\Core.Interfaces.csproj]
D:\C#\VM\Shard\Core.Interfaces\ImageHub\HubImageItem.cs(30,23): warning CS8618: 在退出构造函数时，不可为 null 的 属性 "PixelData" 必须包含非 null 值。请考虑添加 "required" 修饰符或将该 属性 声明为可为 null。 [D:\C#\VM\Shard\Core.Interfaces\Core.Interfaces.csproj]
D:\C#\VM\Shard\Core.Interfaces\ValueConverter.cs(19,24): warning CS8603: 可能返回 null 引用。 [D:\C#\VM\Shard\Core.Interfaces\Core.Interfaces.csproj]
D:\C#\VM\Shard\Core.Interfaces\ValueConverter.cs(22,30): warning CS8600: 将 null 文本或可能的 null 值转换为不可为 null 类型。 [D:\C#\VM\Shard\Core.Interfaces\Core.Interfaces.csproj]
D:\C#\VM\Shard\Core.Interfaces\ValueConverter.cs(28,28): warning CS8603: 可能返回 null 引用。 [D:\C#\VM\Shard\Core.Interfaces\Core.Interfaces.csproj]
D:\C#\VM\Shard\Core.Interfaces\ValueConverter.cs(31,21): warning CS8602: 解引用可能出现空引用。 [D:\C#\VM\Shard\Core.Interfaces\Core.Interfaces.csproj]
D:\C#\VM\Shard\Core.Interfaces\ValueConverter.cs(42,32): warning CS8603: 可能返回 null 引用。 [D:\C#\VM\Shard\Core.Interfaces\Core.Interfaces.csproj]
D:\C#\VM\Shard\Core.Interfaces\ValueConverter.cs(47,32): warning CS8603: 可能返回 null 引用。 [D:\C#\VM\Shard\Core.Interfaces\Core.Interfaces.csproj]
D:\C#\VM\Shard\Core.Interfaces\ValueConverter.cs(53,17): warning CS8602: 解引用可能出现空引用。 [D:\C#\VM\Shard\Core.Interfaces\Core.Interfaces.csproj]
D:\C#\VM\Shard\Core.Interfaces\IPluginCustomViewProvider.cs(98,23): warning CS8618: 在退出构造函数时，不可为 null 的 属性 "Name" 必须包含非 null 值。请考虑添加 "required" 修饰符或将该 属性 声明为可为 null。 [D:\C#\VM\Shard\Core.Interfaces\Core.Interfaces.csproj]
D:\C#\VM\Shard\Core.Interfaces\IPluginCustomViewProvider.cs(101,23): warning CS8618: 在退出构造函数时，不可为 null 的 属性 "DataTypeName" 必须包含非 null 值。请考虑添加 "required" 修饰符或将该 属性 声明为可为 null。 [D:\C#\VM\Shard\Core.Interfaces\Core.Interfaces.csproj]
D:\C#\VM\Shard\Core.Interfaces\IPluginCustomViewProvider.cs(104,23): warning CS8618: 在退出构造函数时，不可为 null 的 属性 "Description" 必须包含非 null 值。请考虑添加 "required" 修饰符或将该 属性 声明为可为 null。 [D:\C#\VM\Shard\Core.Interfaces\Core.Interfaces.csproj]
D:\C#\VM\Shard\Core.Interfaces\Camera\CameraDeviceBase.cs(429,21): warning CS8625: 无法将 null 字面量转换为非 null 的引用类型。 [D:\C#\VM\Shard\Core.Interfaces\Core.Interfaces.csproj]
D:\C#\VM\Shard\Core.Interfaces\LinkPathEvent.cs(16,23): warning CS8618: 在退出构造函数时，不可为 null 的 属性 "InputPortName" 必须包含非 null 值。请考虑添加 "required" 修饰符或将该 属性 声明为可为 null。 [D:\C#\VM\Shard\Core.Interfaces\Core.Interfaces.csproj]
D:\C#\VM\Shard\Core.Interfaces\LinkPathEvent.cs(21,21): warning CS8618: 在退出构造函数时，不可为 null 的 属性 "TargetType" 必须包含非 null 值。请考虑添加 "required" 修饰符或将该 属性 声明为可为 null。 [D:\C#\VM\Shard\Core.Interfaces\Core.Interfaces.csproj]
D:\C#\VM\Shard\Core.Interfaces\LinkPathEvent.cs(27,38): warning CS8618: 在退出构造函数时，不可为 null 的 属性 "OnBound" 必须包含非 null 值。请考虑添加 "required" 修饰符或将该 属性 声明为可为 null。 [D:\C#\VM\Shard\Core.Interfaces\Core.Interfaces.csproj]
D:\C#\VM\Shard\Core.Interfaces\LinkReference.cs(90,16): warning CS8618: 在退出构造函数时，不可为 null 的 属性 "TargetPortName" 必须包含非 null 值。请考虑添加 "required" 修饰符或将该 属性 声明为可为 null。 [D:\C#\VM\Shard\Core.Interfaces\Core.Interfaces.csproj]
D:\C#\VM\Shard\Core.Interfaces\LinkReference.cs(90,16): warning CS8618: 在退出构造函数时，不可为 null 的 属性 "DisplayAddress" 必须包含非 null 值。请考虑添加 "required" 修饰符或将该 属性 声明为可为 null。 [D:\C#\VM\Shard\Core.Interfaces\Core.Interfaces.csproj]
D:\C#\VM\Shard\Core.Interfaces\Result\Result.cs(32,18): warning CS8618: 在退出构造函数时，不可为 null 的 属性 "Data" 必须包含非 null 值。请考虑添加 "required" 修饰符或将该 属性 声明为可为 null。 [D:\C#\VM\Shard\Core.Interfaces\Core.Interfaces.csproj]
D:\C#\VM\Shard\Core.Interfaces\ImageHub\ImageHub.cs(89,20): warning CS8625: 无法将 null 字面量转换为非 null 的引用类型。 [D:\C#\VM\Shard\Core.Interfaces\Core.Interfaces.csproj]
D:\C#\VM\Shard\Core.Interfaces\ImageHub\ImageHub.cs(93,35): warning CS8600: 将 null 文本或可能的 null 值转换为不可为 null 类型。 [D:\C#\VM\Shard\Core.Interfaces\Core.Interfaces.csproj]
D:\C#\VM\Shard\Core.Interfaces\Result\Result.cs(15,23): warning CS8618: 在退出构造函数时，不可为 null 的 属性 "Message" 必须包含非 null 值。请考虑添加 "required" 修饰符或将该 属性 声明为可为 null。 [D:\C#\VM\Shard\Core.Interfaces\Core.Interfaces.csproj]
D:\C#\VM\Shard\Core.Interfaces\Camera\CameraDeviceBase.cs(530,39): warning CS8601: 可能的 null 引用赋值。 [D:\C#\VM\Shard\Core.Interfaces\Core.Interfaces.csproj]
D:\C#\VM\Shard\Core.Interfaces\ObservableObject.cs(15,50): warning CS8618: 在退出构造函数时，不可为 null 的 事件 "PropertyChanged" 必须包含非 null 值。请考虑添加 "required" 修饰符或将该 事件 声明为可为 null。 [D:\C#\VM\Shard\Core.Interfaces\Core.Interfaces.csproj]
D:\C#\VM\Shard\Core.Interfaces\ImageHub\ImageHub.cs(124,20): warning CS8625: 无法将 null 字面量转换为非 null 的引用类型。 [D:\C#\VM\Shard\Core.Interfaces\Core.Interfaces.csproj]
D:\C#\VM\Shard\Core.Interfaces\Camera\CameraDeviceBase.cs(536,21): warning CS8625: 无法将 null 字面量转换为非 null 的引用类型。 [D:\C#\VM\Shard\Core.Interfaces\Core.Interfaces.csproj]
D:\C#\VM\Shard\Core.Interfaces\Camera\CameraDeviceBase.cs(544,43): warning CS8601: 可能的 null 引用赋值。 [D:\C#\VM\Shard\Core.Interfaces\Core.Interfaces.csproj]
D:\C#\VM\Shard\Core.Interfaces\DataPort\OutputPort.cs(50,59): warning CS0067: 从不使用事件“OutputPort<T>.CollectionChanged” [D:\C#\VM\Shard\Core.Interfaces\Core.Interfaces.csproj]
D:\C#\VM\Scada\Models\ScadaModelBase.cs(41,33): warning CS8765: 参数“propertyName”类型的为 Null 性与重写成员不匹配(可能是由于为 Null 性特性)。 [D:\C#\VM\Scada\VM.Scada.csproj]
D:\C#\VM\Scada\Models\ScadaModelBase.cs(61,33): warning CS8765: 参数“onChanged”类型的为 Null 性与重写成员不匹配(可能是由于为 Null 性特性)。 [D:\C#\VM\Scada\VM.Scada.csproj]
D:\C#\VM\Scada\Models\ScadaModelBase.cs(61,33): warning CS8765: 参数“propertyName”类型的为 Null 性与重写成员不匹配(可能是由于为 Null 性特性)。 [D:\C#\VM\Scada\VM.Scada.csproj]
  Core.Interfaces -> D:\C#\VM\Shard\Core.Interfaces\bin\Debug\net9.0\Core.Interfaces.dll
  VM.Scada -> D:\C#\VM\Scada\bin\Debug\net9.0\VM.Scada.dll
D:\C#\VM\Services\Core.Halcon\Models\DrawingObjectInfo.cs(23,86): warning CS8625: 无法将 null 字面量转换为非 null 的引用类型。 [D:\C#\VM\Services\Core.Halcon\Core.Halcon_kn3olwxc_wpftmp.csproj::TargetFramework=net9.0-windows]
D:\C#\VM\Services\Core.Halcon\Models\MeasureAnnotation.cs(31,25): warning CS8618: 在退出构造函数时，不可为 null 的 属性 "Points" 必须包含非 null 值。请考虑添加 "required" 修饰符或将该 属性 声明为可为 null。 [D:\C#\VM\Services\Core.Halcon\Core.Halcon_kn3olwxc_wpftmp.csproj::TargetFramework=net9.0-windows]
D:\C#\VM\Services\Core.Halcon\Models\MeasureAnnotation.cs(34,23): warning CS8618: 在退出构造函数时，不可为 null 的 属性 "Text" 必须包含非 null 值。请考虑添加 "required" 修饰符或将该 属性 声明为可为 null。 [D:\C#\VM\Services\Core.Halcon\Core.Halcon_kn3olwxc_wpftmp.csproj::TargetFramework=net9.0-windows]
D:\C#\VM\Services\Core.Halcon\Models\DrawingObjectInfo.cs(23,16): warning CS8618: 在退出构造函数时，不可为 null 的 字段 "roiName" 必须包含非 null 值。请考虑添加 "required" 修饰符或将该 字段 声明为可为 null。 [D:\C#\VM\Services\Core.Halcon\Core.Halcon_kn3olwxc_wpftmp.csproj::TargetFramework=net9.0-windows]
D:\C#\VM\Services\Core.Halcon\Models\DrawingObjectInfo.cs(23,16): warning CS8618: 在退出构造函数时，不可为 null 的 字段 "hTuples" 必须包含非 null 值。请考虑添加 "required" 修饰符或将该 字段 声明为可为 null。 [D:\C#\VM\Services\Core.Halcon\Core.Halcon_kn3olwxc_wpftmp.csproj::TargetFramework=net9.0-windows]
D:\C#\VM\Services\Core.Halcon\Models\DrawingObjectInfo.cs(23,16): warning CS8618: 在退出构造函数时，不可为 null 的 属性 "DrawObject" 必须包含非 null 值。请考虑添加 "required" 修饰符或将该 属性 声明为可为 null。 [D:\C#\VM\Services\Core.Halcon\Core.Halcon_kn3olwxc_wpftmp.csproj::TargetFramework=net9.0-windows]
D:\C#\VM\Services\Core.Halcon\Models\DrawingObjectInfo.cs(23,16): warning CS8618: 在退出构造函数时，不可为 null 的 属性 "DragCallback" 必须包含非 null 值。请考虑添加 "required" 修饰符或将该 属性 声明为可为 null。 [D:\C#\VM\Services\Core.Halcon\Core.Halcon_kn3olwxc_wpftmp.csproj::TargetFramework=net9.0-windows]
D:\C#\VM\Services\Core.Halcon\Models\DrawingObjectInfo.cs(23,16): warning CS8618: 在退出构造函数时，不可为 null 的 属性 "ResizeCallback" 必须包含非 null 值。请考虑添加 "required" 修饰符或将该 属性 声明为可为 null。 [D:\C#\VM\Services\Core.Halcon\Core.Halcon_kn3olwxc_wpftmp.csproj::TargetFramework=net9.0-windows]
D:\C#\VM\Services\Core.Halcon\Models\ImageInfo.cs(38,24): warning CS8618: 在退出构造函数时，不可为 null 的 字段 "rgb1" 必须包含非 null 值。请考虑添加 "required" 修饰符或将该 字段 声明为可为 null。 [D:\C#\VM\Services\Core.Halcon\Core.Halcon_kn3olwxc_wpftmp.csproj::TargetFramework=net9.0-windows]
D:\C#\VM\Services\Core.Halcon\Models\ImageInfo.cs(45,24): warning CS8618: 在退出构造函数时，不可为 null 的 字段 "rgb2" 必须包含非 null 值。请考虑添加 "required" 修饰符或将该 字段 声明为可为 null。 [D:\C#\VM\Services\Core.Halcon\Core.Halcon_kn3olwxc_wpftmp.csproj::TargetFramework=net9.0-windows]
D:\C#\VM\Services\Core.Halcon\Models\ImageInfo.cs(52,24): warning CS8618: 在退出构造函数时，不可为 null 的 字段 "rgb3" 必须包含非 null 值。请考虑添加 "required" 修饰符或将该 字段 声明为可为 null。 [D:\C#\VM\Services\Core.Halcon\Core.Halcon_kn3olwxc_wpftmp.csproj::TargetFramework=net9.0-windows]
D:\C#\VM\Services\Core.Halcon\Models\ImageInfo.cs(66,24): warning CS8618: 在退出构造函数时，不可为 null 的 字段 "image" 必须包含非 null 值。请考虑添加 "required" 修饰符或将该 字段 声明为可为 null。 [D:\C#\VM\Services\Core.Halcon\Core.Halcon_kn3olwxc_wpftmp.csproj::TargetFramework=net9.0-windows]
D:\C#\VM\Services\Core.Halcon\Models\DrawingObjectInfo.cs(83,30): warning CS8625: 无法将 null 字面量转换为非 null 的引用类型。 [D:\C#\VM\Services\Core.Halcon\Core.Halcon_kn3olwxc_wpftmp.csproj::TargetFramework=net9.0-windows]
D:\C#\VM\Services\Core.Halcon\Models\DrawingObjectInfo.cs(85,28): warning CS8625: 无法将 null 字面量转换为非 null 的引用类型。 [D:\C#\VM\Services\Core.Halcon\Core.Halcon_kn3olwxc_wpftmp.csproj::TargetFramework=net9.0-windows]
D:\C#\VM\Services\Core.Halcon\Models\DrawingObjectInfo.cs(86,30): warning CS8625: 无法将 null 字面量转换为非 null 的引用类型。 [D:\C#\VM\Services\Core.Halcon\Core.Halcon_kn3olwxc_wpftmp.csproj::TargetFramework=net9.0-windows]
D:\C#\VM\Services\Core.Halcon\Extensions\HDrawingObjectExtensions.cs(11,32): warning CS8600: 将 null 文本或可能的 null 值转换为不可为 null 类型。 [D:\C#\VM\Services\Core.Halcon\Core.Halcon_kn3olwxc_wpftmp.csproj::TargetFramework=net9.0-windows]
D:\C#\VM\Services\Core.Halcon\Extensions\HDrawingObjectExtensions.cs(45,20): warning CS8603: 可能返回 null 引用。 [D:\C#\VM\Services\Core.Halcon\Core.Halcon_kn3olwxc_wpftmp.csproj::TargetFramework=net9.0-windows]
D:\C#\VM\Services\Core.Halcon\Base\HalconBase.cs(41,16): warning CS8618: 在退出构造函数时，不可为 null 的 字段 "hSmart" 必须包含非 null 值。请考虑添加 "required" 修饰符或将该 字段 声明为可为 null。 [D:\C#\VM\Services\Core.Halcon\Core.Halcon_kn3olwxc_wpftmp.csproj::TargetFramework=net9.0-windows]
D:\C#\VM\Services\Core.Halcon\Base\HalconBase.cs(41,16): warning CS8618: 在退出构造函数时，不可为 null 的 字段 "hWindow" 必须包含非 null 值。请考虑添加 "required" 修饰符或将该 字段 声明为可为 null。 [D:\C#\VM\Services\Core.Halcon\Core.Halcon_kn3olwxc_wpftmp.csproj::TargetFramework=net9.0-windows]
D:\C#\VM\Services\Core.Halcon\Base\HalconBase.cs(41,16): warning CS8618: 在退出构造函数时，不可为 null 的 字段 "_boundList" 必须包含非 null 值。请考虑添加 "required" 修饰符或将该 字段 声明为可为 null。 [D:\C#\VM\Services\Core.Halcon\Core.Halcon_kn3olwxc_wpftmp.csproj::TargetFramework=net9.0-windows]
D:\C#\VM\Services\Core.Halcon\Base\HalconBase.cs(41,16): warning CS8618: 在退出构造函数时，不可为 null 的 字段 "_cacheSource" 必须包含非 null 值。请考虑添加 "required" 修饰符或将该 字段 声明为可为 null。 [D:\C#\VM\Services\Core.Halcon\Core.Halcon_kn3olwxc_wpftmp.csproj::TargetFramework=net9.0-windows]
D:\C#\VM\Services\Core.Halcon\Base\HalconBase.cs(41,16): warning CS8618: 在退出构造函数时，不可为 null 的 字段 "_sampleRed" 必须包含非 null 值。请考虑添加 "required" 修饰符或将该 字段 声明为可为 null。 [D:\C#\VM\Services\Core.Halcon\Core.Halcon_kn3olwxc_wpftmp.csproj::TargetFramework=net9.0-windows]
D:\C#\VM\Services\Core.Halcon\Base\HalconBase.cs(41,16): warning CS8618: 在退出构造函数时，不可为 null 的 字段 "_sampleGreen" 必须包含非 null 值。请考虑添加 "required" 修饰符或将该 字段 声明为可为 null。 [D:\C#\VM\Services\Core.Halcon\Core.Halcon_kn3olwxc_wpftmp.csproj::TargetFramework=net9.0-windows]
D:\C#\VM\Services\Core.Halcon\Base\HalconBase.cs(41,16): warning CS8618: 在退出构造函数时，不可为 null 的 字段 "_sampleBlue" 必须包含非 null 值。请考虑添加 "required" 修饰符或将该 字段 声明为可为 null。 [D:\C#\VM\Services\Core.Halcon\Core.Halcon_kn3olwxc_wpftmp.csproj::TargetFramework=net9.0-windows]
D:\C#\VM\Services\Core.Halcon\Base\HalconBase.cs(41,16): warning CS8618: 在退出构造函数时，不可为 null 的 字段 "strokeDraw" 必须包含非 null 值。请考虑添加 "required" 修饰符或将该 字段 声明为可为 null。 [D:\C#\VM\Services\Core.Halcon\Core.Halcon_kn3olwxc_wpftmp.csproj::TargetFramework=net9.0-windows]
D:\C#\VM\Services\Core.Halcon\Base\HalconBase.cs(41,16): warning CS8618: 在退出构造函数时，不可为 null 的 字段 "strokeErase" 必须包含非 null 值。请考虑添加 "required" 修饰符或将该 字段 声明为可为 null。 [D:\C#\VM\Services\Core.Halcon\Core.Halcon_kn3olwxc_wpftmp.csproj::TargetFramework=net9.0-windows]
D:\C#\VM\Services\Core.Halcon\Base\HalconBase.cs(74,26): warning CS8625: 无法将 null 字面量转换为非 null 的引用类型。 [D:\C#\VM\Services\Core.Halcon\Core.Halcon_kn3olwxc_wpftmp.csproj::TargetFramework=net9.0-windows]
D:\C#\VM\Services\Core.Halcon\Base\HalconBase.cs(75,28): warning CS8625: 无法将 null 字面量转换为非 null 的引用类型。 [D:\C#\VM\Services\Core.Halcon\Core.Halcon_kn3olwxc_wpftmp.csproj::TargetFramework=net9.0-windows]
D:\C#\VM\Services\Core.Halcon\Base\HalconBase.cs(76,27): warning CS8625: 无法将 null 字面量转换为非 null 的引用类型。 [D:\C#\VM\Services\Core.Halcon\Core.Halcon_kn3olwxc_wpftmp.csproj::TargetFramework=net9.0-windows]
D:\C#\VM\Services\Core.Halcon\Base\HalconBase.cs(77,28): warning CS8625: 无法将 null 字面量转换为非 null 的引用类型。 [D:\C#\VM\Services\Core.Halcon\Core.Halcon_kn3olwxc_wpftmp.csproj::TargetFramework=net9.0-windows]
D:\C#\VM\Services\Core.Halcon\Base\HalconBase.cs(203,17): warning CS8604: “void HalconBase.SwapDrawObjectList(ObservableCollection<DrawingObjectInfo> oldList, ObservableCollection<DrawingObjectInfo> newList)”中的形参“oldList”可能传入 null 引用实参。 [D:\C#\VM\Services\Core.Halcon\Core.Halcon_kn3olwxc_wpftmp.csproj::TargetFramework=net9.0-windows]
D:\C#\VM\Services\Core.Halcon\Base\HalconBase.cs(204,17): warning CS8604: “void HalconBase.SwapDrawObjectList(ObservableCollection<DrawingObjectInfo> oldList, ObservableCollection<DrawingObjectInfo> newList)”中的形参“newList”可能传入 null 引用实参。 [D:\C#\VM\Services\Core.Halcon\Core.Halcon_kn3olwxc_wpftmp.csproj::TargetFramework=net9.0-windows]
D:\C#\VM\Services\Core.Halcon\Base\HalconBase.cs(221,46): warning CS8622: “void HalconBase.OnDrawObjectListChanged(object sender, NotifyCollectionChangedEventArgs e)”的参数“sender”类型中引用类型的为 Null 性与目标委托“NotifyCollectionChangedEventHandler”不匹配(可能是由于为 Null 性特性)。 [D:\C#\VM\Services\Core.Halcon\Core.Halcon_kn3olwxc_wpftmp.csproj::TargetFramework=net9.0-windows]
D:\C#\VM\Services\Core.Halcon\Base\HalconBase.cs(224,46): warning CS8622: “void HalconBase.OnDrawObjectListChanged(object sender, NotifyCollectionChangedEventArgs e)”的参数“sender”类型中引用类型的为 Null 性与目标委托“NotifyCollectionChangedEventHandler”不匹配(可能是由于为 Null 性特性)。 [D:\C#\VM\Services\Core.Halcon\Core.Halcon_kn3olwxc_wpftmp.csproj::TargetFramework=net9.0-windows]
D:\C#\VM\Services\Core.Halcon\Base\HalconBase.cs(479,34): warning CS8625: 无法将 null 字面量转换为非 null 的引用类型。 [D:\C#\VM\Services\Core.Halcon\Core.Halcon_kn3olwxc_wpftmp.csproj::TargetFramework=net9.0-windows]
D:\C#\VM\Services\Core.Halcon\Base\HalconBase.cs(479,27): warning CS8601: 可能的 null 引用赋值。 [D:\C#\VM\Services\Core.Halcon\Core.Halcon_kn3olwxc_wpftmp.csproj::TargetFramework=net9.0-windows]
D:\C#\VM\Services\Core.Halcon\Base\HalconBase.cs(479,19): warning CS8601: 可能的 null 引用赋值。 [D:\C#\VM\Services\Core.Halcon\Core.Halcon_kn3olwxc_wpftmp.csproj::TargetFramework=net9.0-windows]
D:\C#\VM\Services\Core.Halcon\Base\HalconBase.cs(480,26): warning CS8600: 将 null 文本或可能的 null 值转换为不可为 null 类型。 [D:\C#\VM\Services\Core.Halcon\Core.Halcon_kn3olwxc_wpftmp.csproj::TargetFramework=net9.0-windows]
D:\C#\VM\Services\Core.Halcon\Base\HalconBase.cs(663,37): warning CS8622: “void HalconBase.OnActiveRoiTuplesChanged(object sender, PropertyChangedEventArgs e)”的参数“sender”类型中引用类型的为 Null 性与目标委托“PropertyChangedEventHandler”不匹配(可能是由于为 Null 性特性)。 [D:\C#\VM\Services\Core.Halcon\Core.Halcon_kn3olwxc_wpftmp.csproj::TargetFramework=net9.0-windows]
D:\C#\VM\Services\Core.Halcon\Base\HalconBase.cs(675,37): warning CS8622: “void HalconBase.OnActiveRoiTuplesChanged(object sender, PropertyChangedEventArgs e)”的参数“sender”类型中引用类型的为 Null 性与目标委托“PropertyChangedEventHandler”不匹配(可能是由于为 Null 性特性)。 [D:\C#\VM\Services\Core.Halcon\Core.Halcon_kn3olwxc_wpftmp.csproj::TargetFramework=net9.0-windows]
D:\C#\VM\Services\Core.Halcon\Base\HalconBase.cs(739,13): warning CS8603: 可能返回 null 引用。 [D:\C#\VM\Services\Core.Halcon\Core.Halcon_kn3olwxc_wpftmp.csproj::TargetFramework=net9.0-windows]
D:\C#\VM\Services\Core.Halcon\Base\HalconBase.cs(810,24): warning CS8603: 可能返回 null 引用。 [D:\C#\VM\Services\Core.Halcon\Core.Halcon_kn3olwxc_wpftmp.csproj::TargetFramework=net9.0-windows]
D:\C#\VM\Services\Core.Halcon\Base\HalconBase.cs(826,32): warning CS8603: 可能返回 null 引用。 [D:\C#\VM\Services\Core.Halcon\Core.Halcon_kn3olwxc_wpftmp.csproj::TargetFramework=net9.0-windows]
D:\C#\VM\Services\Core.Halcon\Base\HalconBase.cs(831,24): warning CS8603: 可能返回 null 引用。 [D:\C#\VM\Services\Core.Halcon\Core.Halcon_kn3olwxc_wpftmp.csproj::TargetFramework=net9.0-windows]
D:\C#\VM\Services\Core.Halcon\Base\HalconBase.cs(844,13): warning CS8602: 解引用可能出现空引用。 [D:\C#\VM\Services\Core.Halcon\Core.Halcon_kn3olwxc_wpftmp.csproj::TargetFramework=net9.0-windows]
D:\C#\VM\Services\Core.Halcon\Base\HalconBase.cs(988,24): warning CS8603: 可能返回 null 引用。 [D:\C#\VM\Services\Core.Halcon\Core.Halcon_kn3olwxc_wpftmp.csproj::TargetFramework=net9.0-windows]
D:\C#\VM\Services\Core.Halcon\Base\HalconBase.cs(992,25): warning CS8602: 解引用可能出现空引用。 [D:\C#\VM\Services\Core.Halcon\Core.Halcon_kn3olwxc_wpftmp.csproj::TargetFramework=net9.0-windows]
D:\C#\VM\Services\Core.Halcon\Base\HalconBase.cs(1005,32): warning CS8603: 可能返回 null 引用。 [D:\C#\VM\Services\Core.Halcon\Core.Halcon_kn3olwxc_wpftmp.csproj::TargetFramework=net9.0-windows]
D:\C#\VM\Services\Core.Halcon\Base\HalconBase.cs(1010,24): warning CS8603: 可能返回 null 引用。 [D:\C#\VM\Services\Core.Halcon\Core.Halcon_kn3olwxc_wpftmp.csproj::TargetFramework=net9.0-windows]
D:\C#\VM\Services\Core.Halcon\Base\HalconBase.cs(1260,26): warning CS8625: 无法将 null 字面量转换为非 null 的引用类型。 [D:\C#\VM\Services\Core.Halcon\Core.Halcon_kn3olwxc_wpftmp.csproj::TargetFramework=net9.0-windows]
D:\C#\VM\Services\Core.Halcon\Base\HalconBase.cs(1261,27): warning CS8625: 无法将 null 字面量转换为非 null 的引用类型。 [D:\C#\VM\Services\Core.Halcon\Core.Halcon_kn3olwxc_wpftmp.csproj::TargetFramework=net9.0-windows]
D:\C#\VM\Services\Core.Halcon\Models\DrawingObjectInfo.cs(23,86): warning CS8625: 无法将 null 字面量转换为非 null 的引用类型。 [D:\C#\VM\Services\Core.Halcon\Core.Halcon.csproj::TargetFramework=net9.0-windows]
D:\C#\VM\Services\Core.Halcon\Models\MeasureAnnotation.cs(31,25): warning CS8618: 在退出构造函数时，不可为 null 的 属性 "Points" 必须包含非 null 值。请考虑添加 "required" 修饰符或将该 属性 声明为可为 null。 [D:\C#\VM\Services\Core.Halcon\Core.Halcon.csproj::TargetFramework=net9.0-windows]
D:\C#\VM\Services\Core.Halcon\Models\MeasureAnnotation.cs(34,23): warning CS8618: 在退出构造函数时，不可为 null 的 属性 "Text" 必须包含非 null 值。请考虑添加 "required" 修饰符或将该 属性 声明为可为 null。 [D:\C#\VM\Services\Core.Halcon\Core.Halcon.csproj::TargetFramework=net9.0-windows]
D:\C#\VM\Services\Core.Halcon\Base\HalconBase.cs(41,16): warning CS8618: 在退出构造函数时，不可为 null 的 字段 "hSmart" 必须包含非 null 值。请考虑添加 "required" 修饰符或将该 字段 声明为可为 null。 [D:\C#\VM\Services\Core.Halcon\Core.Halcon.csproj::TargetFramework=net9.0-windows]
D:\C#\VM\Services\Core.Halcon\Base\HalconBase.cs(41,16): warning CS8618: 在退出构造函数时，不可为 null 的 字段 "hWindow" 必须包含非 null 值。请考虑添加 "required" 修饰符或将该 字段 声明为可为 null。 [D:\C#\VM\Services\Core.Halcon\Core.Halcon.csproj::TargetFramework=net9.0-windows]
D:\C#\VM\Services\Core.Halcon\Base\HalconBase.cs(41,16): warning CS8618: 在退出构造函数时，不可为 null 的 字段 "_boundList" 必须包含非 null 值。请考虑添加 "required" 修饰符或将该 字段 声明为可为 null。 [D:\C#\VM\Services\Core.Halcon\Core.Halcon.csproj::TargetFramework=net9.0-windows]
D:\C#\VM\Services\Core.Halcon\Base\HalconBase.cs(41,16): warning CS8618: 在退出构造函数时，不可为 null 的 字段 "_cacheSource" 必须包含非 null 值。请考虑添加 "required" 修饰符或将该 字段 声明为可为 null。 [D:\C#\VM\Services\Core.Halcon\Core.Halcon.csproj::TargetFramework=net9.0-windows]
D:\C#\VM\Services\Core.Halcon\Base\HalconBase.cs(41,16): warning CS8618: 在退出构造函数时，不可为 null 的 字段 "_sampleRed" 必须包含非 null 值。请考虑添加 "required" 修饰符或将该 字段 声明为可为 null。 [D:\C#\VM\Services\Core.Halcon\Core.Halcon.csproj::TargetFramework=net9.0-windows]
D:\C#\VM\Services\Core.Halcon\Base\HalconBase.cs(41,16): warning CS8618: 在退出构造函数时，不可为 null 的 字段 "_sampleGreen" 必须包含非 null 值。请考虑添加 "required" 修饰符或将该 字段 声明为可为 null。 [D:\C#\VM\Services\Core.Halcon\Core.Halcon.csproj::TargetFramework=net9.0-windows]
D:\C#\VM\Services\Core.Halcon\Base\HalconBase.cs(41,16): warning CS8618: 在退出构造函数时，不可为 null 的 字段 "_sampleBlue" 必须包含非 null 值。请考虑添加 "required" 修饰符或将该 字段 声明为可为 null。 [D:\C#\VM\Services\Core.Halcon\Core.Halcon.csproj::TargetFramework=net9.0-windows]
D:\C#\VM\Services\Core.Halcon\Base\HalconBase.cs(41,16): warning CS8618: 在退出构造函数时，不可为 null 的 字段 "strokeDraw" 必须包含非 null 值。请考虑添加 "required" 修饰符或将该 字段 声明为可为 null。 [D:\C#\VM\Services\Core.Halcon\Core.Halcon.csproj::TargetFramework=net9.0-windows]
D:\C#\VM\Services\Core.Halcon\Base\HalconBase.cs(41,16): warning CS8618: 在退出构造函数时，不可为 null 的 字段 "strokeErase" 必须包含非 null 值。请考虑添加 "required" 修饰符或将该 字段 声明为可为 null。 [D:\C#\VM\Services\Core.Halcon\Core.Halcon.csproj::TargetFramework=net9.0-windows]
D:\C#\VM\Services\Core.Halcon\Base\HalconBase.cs(74,26): warning CS8625: 无法将 null 字面量转换为非 null 的引用类型。 [D:\C#\VM\Services\Core.Halcon\Core.Halcon.csproj::TargetFramework=net9.0-windows]
D:\C#\VM\Services\Core.Halcon\Base\HalconBase.cs(75,28): warning CS8625: 无法将 null 字面量转换为非 null 的引用类型。 [D:\C#\VM\Services\Core.Halcon\Core.Halcon.csproj::TargetFramework=net9.0-windows]
D:\C#\VM\Services\Core.Halcon\Base\HalconBase.cs(76,27): warning CS8625: 无法将 null 字面量转换为非 null 的引用类型。 [D:\C#\VM\Services\Core.Halcon\Core.Halcon.csproj::TargetFramework=net9.0-windows]
D:\C#\VM\Services\Core.Halcon\Base\HalconBase.cs(77,28): warning CS8625: 无法将 null 字面量转换为非 null 的引用类型。 [D:\C#\VM\Services\Core.Halcon\Core.Halcon.csproj::TargetFramework=net9.0-windows]
D:\C#\VM\Services\Core.Halcon\Models\DrawingObjectInfo.cs(23,16): warning CS8618: 在退出构造函数时，不可为 null 的 字段 "roiName" 必须包含非 null 值。请考虑添加 "required" 修饰符或将该 字段 声明为可为 null。 [D:\C#\VM\Services\Core.Halcon\Core.Halcon.csproj::TargetFramework=net9.0-windows]
D:\C#\VM\Services\Core.Halcon\Models\DrawingObjectInfo.cs(23,16): warning CS8618: 在退出构造函数时，不可为 null 的 字段 "hTuples" 必须包含非 null 值。请考虑添加 "required" 修饰符或将该 字段 声明为可为 null。 [D:\C#\VM\Services\Core.Halcon\Core.Halcon.csproj::TargetFramework=net9.0-windows]
D:\C#\VM\Services\Core.Halcon\Models\DrawingObjectInfo.cs(23,16): warning CS8618: 在退出构造函数时，不可为 null 的 属性 "DrawObject" 必须包含非 null 值。请考虑添加 "required" 修饰符或将该 属性 声明为可为 null。 [D:\C#\VM\Services\Core.Halcon\Core.Halcon.csproj::TargetFramework=net9.0-windows]
D:\C#\VM\Services\Core.Halcon\Models\DrawingObjectInfo.cs(23,16): warning CS8618: 在退出构造函数时，不可为 null 的 属性 "DragCallback" 必须包含非 null 值。请考虑添加 "required" 修饰符或将该 属性 声明为可为 null。 [D:\C#\VM\Services\Core.Halcon\Core.Halcon.csproj::TargetFramework=net9.0-windows]
D:\C#\VM\Services\Core.Halcon\Models\DrawingObjectInfo.cs(23,16): warning CS8618: 在退出构造函数时，不可为 null 的 属性 "ResizeCallback" 必须包含非 null 值。请考虑添加 "required" 修饰符或将该 属性 声明为可为 null。 [D:\C#\VM\Services\Core.Halcon\Core.Halcon.csproj::TargetFramework=net9.0-windows]
D:\C#\VM\Services\Core.Halcon\Base\HalconBase.cs(203,17): warning CS8604: “void HalconBase.SwapDrawObjectList(ObservableCollection<DrawingObjectInfo> oldList, ObservableCollection<DrawingObjectInfo> newList)”中的形参“oldList”可能传入 null 引用实参。 [D:\C#\VM\Services\Core.Halcon\Core.Halcon.csproj::TargetFramework=net9.0-windows]
D:\C#\VM\Services\Core.Halcon\Base\HalconBase.cs(204,17): warning CS8604: “void HalconBase.SwapDrawObjectList(ObservableCollection<DrawingObjectInfo> oldList, ObservableCollection<DrawingObjectInfo> newList)”中的形参“newList”可能传入 null 引用实参。 [D:\C#\VM\Services\Core.Halcon\Core.Halcon.csproj::TargetFramework=net9.0-windows]
D:\C#\VM\Services\Core.Halcon\Models\DrawingObjectInfo.cs(83,30): warning CS8625: 无法将 null 字面量转换为非 null 的引用类型。 [D:\C#\VM\Services\Core.Halcon\Core.Halcon.csproj::TargetFramework=net9.0-windows]
D:\C#\VM\Services\Core.Halcon\Models\DrawingObjectInfo.cs(85,28): warning CS8625: 无法将 null 字面量转换为非 null 的引用类型。 [D:\C#\VM\Services\Core.Halcon\Core.Halcon.csproj::TargetFramework=net9.0-windows]
D:\C#\VM\Services\Core.Halcon\Models\DrawingObjectInfo.cs(86,30): warning CS8625: 无法将 null 字面量转换为非 null 的引用类型。 [D:\C#\VM\Services\Core.Halcon\Core.Halcon.csproj::TargetFramework=net9.0-windows]
D:\C#\VM\Services\Core.Halcon\Models\ImageInfo.cs(38,24): warning CS8618: 在退出构造函数时，不可为 null 的 字段 "rgb1" 必须包含非 null 值。请考虑添加 "required" 修饰符或将该 字段 声明为可为 null。 [D:\C#\VM\Services\Core.Halcon\Core.Halcon.csproj::TargetFramework=net9.0-windows]
D:\C#\VM\Services\Core.Halcon\Models\ImageInfo.cs(45,24): warning CS8618: 在退出构造函数时，不可为 null 的 字段 "rgb2" 必须包含非 null 值。请考虑添加 "required" 修饰符或将该 字段 声明为可为 null。 [D:\C#\VM\Services\Core.Halcon\Core.Halcon.csproj::TargetFramework=net9.0-windows]
D:\C#\VM\Services\Core.Halcon\Models\ImageInfo.cs(52,24): warning CS8618: 在退出构造函数时，不可为 null 的 字段 "rgb3" 必须包含非 null 值。请考虑添加 "required" 修饰符或将该 字段 声明为可为 null。 [D:\C#\VM\Services\Core.Halcon\Core.Halcon.csproj::TargetFramework=net9.0-windows]
D:\C#\VM\Services\Core.Halcon\Models\ImageInfo.cs(66,24): warning CS8618: 在退出构造函数时，不可为 null 的 字段 "image" 必须包含非 null 值。请考虑添加 "required" 修饰符或将该 字段 声明为可为 null。 [D:\C#\VM\Services\Core.Halcon\Core.Halcon.csproj::TargetFramework=net9.0-windows]
D:\C#\VM\Services\Core.Halcon\Base\HalconBase.cs(221,46): warning CS8622: “void HalconBase.OnDrawObjectListChanged(object sender, NotifyCollectionChangedEventArgs e)”的参数“sender”类型中引用类型的为 Null 性与目标委托“NotifyCollectionChangedEventHandler”不匹配(可能是由于为 Null 性特性)。 [D:\C#\VM\Services\Core.Halcon\Core.Halcon.csproj::TargetFramework=net9.0-windows]
D:\C#\VM\Services\Core.Halcon\Base\HalconBase.cs(224,46): warning CS8622: “void HalconBase.OnDrawObjectListChanged(object sender, NotifyCollectionChangedEventArgs e)”的参数“sender”类型中引用类型的为 Null 性与目标委托“NotifyCollectionChangedEventHandler”不匹配(可能是由于为 Null 性特性)。 [D:\C#\VM\Services\Core.Halcon\Core.Halcon.csproj::TargetFramework=net9.0-windows]
D:\C#\VM\Services\Core.Halcon\Extensions\HDrawingObjectExtensions.cs(11,32): warning CS8600: 将 null 文本或可能的 null 值转换为不可为 null 类型。 [D:\C#\VM\Services\Core.Halcon\Core.Halcon.csproj::TargetFramework=net9.0-windows]
D:\C#\VM\Services\Core.Halcon\Extensions\HDrawingObjectExtensions.cs(45,20): warning CS8603: 可能返回 null 引用。 [D:\C#\VM\Services\Core.Halcon\Core.Halcon.csproj::TargetFramework=net9.0-windows]
D:\C#\VM\Services\Core.Halcon\Base\HalconBase.cs(479,34): warning CS8625: 无法将 null 字面量转换为非 null 的引用类型。 [D:\C#\VM\Services\Core.Halcon\Core.Halcon.csproj::TargetFramework=net9.0-windows]
D:\C#\VM\Services\Core.Halcon\Base\HalconBase.cs(479,27): warning CS8601: 可能的 null 引用赋值。 [D:\C#\VM\Services\Core.Halcon\Core.Halcon.csproj::TargetFramework=net9.0-windows]
D:\C#\VM\Services\Core.Halcon\Base\HalconBase.cs(479,19): warning CS8601: 可能的 null 引用赋值。 [D:\C#\VM\Services\Core.Halcon\Core.Halcon.csproj::TargetFramework=net9.0-windows]
D:\C#\VM\Services\Core.Halcon\Base\HalconBase.cs(480,26): warning CS8600: 将 null 文本或可能的 null 值转换为不可为 null 类型。 [D:\C#\VM\Services\Core.Halcon\Core.Halcon.csproj::TargetFramework=net9.0-windows]
D:\C#\VM\Services\Core.Halcon\Base\HalconBase.cs(663,37): warning CS8622: “void HalconBase.OnActiveRoiTuplesChanged(object sender, PropertyChangedEventArgs e)”的参数“sender”类型中引用类型的为 Null 性与目标委托“PropertyChangedEventHandler”不匹配(可能是由于为 Null 性特性)。 [D:\C#\VM\Services\Core.Halcon\Core.Halcon.csproj::TargetFramework=net9.0-windows]
D:\C#\VM\Services\Core.Halcon\Base\HalconBase.cs(675,37): warning CS8622: “void HalconBase.OnActiveRoiTuplesChanged(object sender, PropertyChangedEventArgs e)”的参数“sender”类型中引用类型的为 Null 性与目标委托“PropertyChangedEventHandler”不匹配(可能是由于为 Null 性特性)。 [D:\C#\VM\Services\Core.Halcon\Core.Halcon.csproj::TargetFramework=net9.0-windows]
D:\C#\VM\Services\Core.Halcon\Base\HalconBase.cs(739,13): warning CS8603: 可能返回 null 引用。 [D:\C#\VM\Services\Core.Halcon\Core.Halcon.csproj::TargetFramework=net9.0-windows]
D:\C#\VM\Services\Core.Halcon\Base\HalconBase.cs(810,24): warning CS8603: 可能返回 null 引用。 [D:\C#\VM\Services\Core.Halcon\Core.Halcon.csproj::TargetFramework=net9.0-windows]
D:\C#\VM\Services\Core.Halcon\Base\HalconBase.cs(826,32): warning CS8603: 可能返回 null 引用。 [D:\C#\VM\Services\Core.Halcon\Core.Halcon.csproj::TargetFramework=net9.0-windows]
D:\C#\VM\Services\Core.Halcon\Base\HalconBase.cs(831,24): warning CS8603: 可能返回 null 引用。 [D:\C#\VM\Services\Core.Halcon\Core.Halcon.csproj::TargetFramework=net9.0-windows]
D:\C#\VM\Services\Core.Halcon\Base\HalconBase.cs(844,13): warning CS8602: 解引用可能出现空引用。 [D:\C#\VM\Services\Core.Halcon\Core.Halcon.csproj::TargetFramework=net9.0-windows]
D:\C#\VM\Services\Core.Halcon\Base\HalconBase.cs(988,24): warning CS8603: 可能返回 null 引用。 [D:\C#\VM\Services\Core.Halcon\Core.Halcon.csproj::TargetFramework=net9.0-windows]
D:\C#\VM\Services\Core.Halcon\Base\HalconBase.cs(992,25): warning CS8602: 解引用可能出现空引用。 [D:\C#\VM\Services\Core.Halcon\Core.Halcon.csproj::TargetFramework=net9.0-windows]
D:\C#\VM\Services\Core.Halcon\Base\HalconBase.cs(1005,32): warning CS8603: 可能返回 null 引用。 [D:\C#\VM\Services\Core.Halcon\Core.Halcon.csproj::TargetFramework=net9.0-windows]
D:\C#\VM\Services\Core.Halcon\Base\HalconBase.cs(1010,24): warning CS8603: 可能返回 null 引用。 [D:\C#\VM\Services\Core.Halcon\Core.Halcon.csproj::TargetFramework=net9.0-windows]
D:\C#\VM\Services\Core.Halcon\Base\HalconBase.cs(1260,26): warning CS8625: 无法将 null 字面量转换为非 null 的引用类型。 [D:\C#\VM\Services\Core.Halcon\Core.Halcon.csproj::TargetFramework=net9.0-windows]
D:\C#\VM\Services\Core.Halcon\Base\HalconBase.cs(1261,27): warning CS8625: 无法将 null 字面量转换为非 null 的引用类型。 [D:\C#\VM\Services\Core.Halcon\Core.Halcon.csproj::TargetFramework=net9.0-windows]
  Core.Halcon -> D:\C#\VM\Services\Core.Halcon\bin\Debug\net9.0-windows\Core.Halcon.dll
D:\C#\VM\Shard\Core.Controls\Events\ImageDisplayEvent.cs(26,18): warning CS8618: 在退出构造函数时，不可为 null 的 属性 "Image" 必须包含非 null 值。请考虑添加 "required" 修饰符或将该 属性 声明为可为 null。 [D:\C#\VM\Shard\Core.Controls\Core.Controls.csproj]
D:\C#\VM\Shard\Core.Controls\Events\ImageDisplayEvent.cs(31,40): warning CS8618: 在退出构造函数时，不可为 null 的 属性 "Annotations" 必须包含非 null 值。请考虑添加 "required" 修饰符或将该 属性 声明为可为 null。 [D:\C#\VM\Shard\Core.Controls\Core.Controls.csproj]
D:\C#\VM\Shard\Core.Controls\Events\PluginPreviewExtensions.cs(75,31): warning CS8601: 可能的 null 引用赋值。 [D:\C#\VM\Shard\Core.Controls\Core.Controls.csproj]
D:\C#\VM\Shard\Core.Controls\LinkableValueEditor.xaml.cs(240,34): warning CS8622: “void LinkableValueEditor.OnPortValueChanged(object sender, EventArgs e)”的参数“sender”类型中引用类型的为 Null 性与目标委托“EventHandler”不匹配(可能是由于为 Null 性特性)。 [D:\C#\VM\Shard\Core.Controls\Core.Controls.csproj]
D:\C#\VM\Shard\Core.Controls\LinkableValueEditor.xaml.cs(241,34): warning CS8622: “void LinkableValueEditor.OnPortValueChanged(object sender, EventArgs e)”的参数“sender”类型中引用类型的为 Null 性与目标委托“EventHandler”不匹配(可能是由于为 Null 性特性)。 [D:\C#\VM\Shard\Core.Controls\Core.Controls.csproj]
D:\C#\VM\Shard\Core.Controls\LinkableValueEditor.xaml.cs(355,20): warning CS8603: 可能返回 null 引用。 [D:\C#\VM\Shard\Core.Controls\Core.Controls.csproj]
  Core.Controls -> D:\C#\VM\Shard\Core.Controls\bin\Debug\net9.0-windows\Core.Controls.dll
D:\C#\VM\Core\IResourceLockService.cs(20,89): warning CS8625: 无法将 null 字面量转换为非 null 的引用类型。 [D:\C#\VM\Core\VM.Core.csproj]
D:\C#\VM\Core\IResourceLockService.cs(31,104): warning CS8625: 无法将 null 字面量转换为非 null 的引用类型。 [D:\C#\VM\Core\VM.Core.csproj]
D:\C#\VM\Core\IResourceLockService.cs(40,105): warning CS8625: 无法将 null 字面量转换为非 null 的引用类型。 [D:\C#\VM\Core\VM.Core.csproj]
D:\C#\VM\Core\LogService.cs(80,73): warning CS8625: 无法将 null 字面量转换为非 null 的引用类型。 [D:\C#\VM\Core\VM.Core.csproj]
D:\C#\VM\Core\LogService.cs(81,64): warning CS8625: 无法将 null 字面量转换为非 null 的引用类型。 [D:\C#\VM\Core\VM.Core.csproj]
D:\C#\VM\Core\LogService.cs(106,81): warning CS8625: 无法将 null 字面量转换为非 null 的引用类型。 [D:\C#\VM\Core\VM.Core.csproj]
D:\C#\VM\Core\EventModel\SessionStateChangedEventArgs.cs(52,30): warning CS8625: 无法将 null 字面量转换为非 null 的引用类型。 [D:\C#\VM\Core\VM.Core.csproj]
D:\C#\VM\Core\Models\Compileds\CompilationResult.cs(48,45): warning CS0109: 成员“CompilationResult.Ok(CompiledFlow)”不会隐藏可访问成员。不需要关键字 new。 [D:\C#\VM\Core\VM.Core.csproj]
D:\C#\VM\Core\Models\Compileds\CompilationResult.cs(56,45): warning CS0109: 成员“CompilationResult.NG(string)”不会隐藏可访问成员。不需要关键字 new。 [D:\C#\VM\Core\VM.Core.csproj]
D:\C#\VM\Core\Models\ProcessStep\BreakStep.cs(15,93): warning CS8625: 无法将 null 字面量转换为非 null 的引用类型。 [D:\C#\VM\Core\VM.Core.csproj]
D:\C#\VM\Core\Models\ProcessStep\WhileStep.cs(18,99): warning CS8625: 无法将 null 字面量转换为非 null 的引用类型。 [D:\C#\VM\Core\VM.Core.csproj]
D:\C#\VM\Core\Models\ProcessStep\BreakStep.cs(25,96): warning CS8625: 无法将 null 字面量转换为非 null 的引用类型。 [D:\C#\VM\Core\VM.Core.csproj]
D:\C#\VM\Core\Models\ProcessStep\BreakStep.cs(35,94): warning CS8625: 无法将 null 字面量转换为非 null 的引用类型。 [D:\C#\VM\Core\VM.Core.csproj]
D:\C#\VM\Core\Models\Variable\IVariable.cs(29,23): warning CS0108: “IVariable.Description”隐藏继承的成员“IPort.Description”。如果是有意隐藏，请使用关键字 new。 [D:\C#\VM\Core\VM.Core.csproj]
D:\C#\VM\Core\Models\ProcessStep\StepModel.cs(168,106): warning CS8625: 无法将 null 字面量转换为非 null 的引用类型。 [D:\C#\VM\Core\VM.Core.csproj]
D:\C#\VM\Core\Models\ProcessStep\StepModel.cs(341,97): warning CS8625: 无法将 null 字面量转换为非 null 的引用类型。 [D:\C#\VM\Core\VM.Core.csproj]
D:\C#\VM\Core\Models\ProcessStep\ConditionStep.cs(66,31): warning CS8625: 无法将 null 字面量转换为非 null 的引用类型。 [D:\C#\VM\Core\VM.Core.csproj]
D:\C#\VM\Core\Models\ProcessStep\ForStep.cs(39,97): warning CS8625: 无法将 null 字面量转换为非 null 的引用类型。 [D:\C#\VM\Core\VM.Core.csproj]
D:\C#\VM\Core\Models\Variable\ArrayIndexProxyPort.cs(58,34): warning CS8766: “Type? ArrayIndexProxyPort.DataType.get”的返回类型中引用类型的为 Null 性与隐式实现的成员“Type IPort.DataType.get”不匹配(可能是由于为 Null 性特性)。 [D:\C#\VM\Core\VM.Core.csproj]
D:\C#\VM\Core\Models\ProcessStep\StepModel.cs(376,100): warning CS8625: 无法将 null 字面量转换为非 null 的引用类型。 [D:\C#\VM\Core\VM.Core.csproj]
D:\C#\VM\Core\Models\Variable\LocalVariableModel.cs(87,13): warning CS8766: “object? LocalVariableModel.Value.get”的返回类型中引用类型的为 Null 性与隐式实现的成员“object IPort.Value.get”不匹配(可能是由于为 Null 性特性)。 [D:\C#\VM\Core\VM.Core.csproj]
D:\C#\VM\Core\Models\Variable\NetworkVariableModel.cs(104,13): warning CS8766: “object? NetworkVariableModel.Value.get”的返回类型中引用类型的为 Null 性与隐式实现的成员“object IPort.Value.get”不匹配(可能是由于为 Null 性特性)。 [D:\C#\VM\Core\VM.Core.csproj]
D:\C#\VM\Core\Toolkit\AuditLogger.cs(86,71): warning CS8625: 无法将 null 字面量转换为非 null 的引用类型。 [D:\C#\VM\Core\VM.Core.csproj]
D:\C#\VM\Core\Toolkit\ObjectPool.cs(31,68): warning CS8625: 无法将 null 字面量转换为非 null 的引用类型。 [D:\C#\VM\Core\VM.Core.csproj]
D:\C#\VM\Core\Toolkit\RetryPolicy.cs(24,88): warning CS8625: 无法将 null 字面量转换为非 null 的引用类型。 [D:\C#\VM\Core\VM.Core.csproj]
D:\C#\VM\Core\Toolkit\RetryPolicy.cs(55,88): warning CS8625: 无法将 null 字面量转换为非 null 的引用类型。 [D:\C#\VM\Core\VM.Core.csproj]
D:\C#\VM\Core\Toolkit\CloneHelper.cs(20,37): warning CS8603: 可能返回 null 引用。 [D:\C#\VM\Core\VM.Core.csproj]
D:\C#\VM\Core\Toolkit\CloneHelper.cs(29,38): warning CS8600: 将 null 文本或可能的 null 值转换为不可为 null 类型。 [D:\C#\VM\Core\VM.Core.csproj]
D:\C#\VM\Core\Toolkit\CloneHelper.cs(31,20): warning CS8600: 将 null 文本或可能的 null 值转换为不可为 null 类型。 [D:\C#\VM\Core\VM.Core.csproj]
D:\C#\VM\Core\Toolkit\CloneHelper.cs(31,20): warning CS8603: 可能返回 null 引用。 [D:\C#\VM\Core\VM.Core.csproj]
D:\C#\VM\Core\Toolkit\PerformanceProfiler.cs(56,39): warning CS8625: 无法将 null 字面量转换为非 null 的引用类型。 [D:\C#\VM\Core\VM.Core.csproj]
D:\C#\VM\Core\ExecutionContext.cs(41,42): warning CS8603: 可能返回 null 引用。 [D:\C#\VM\Core\VM.Core.csproj]
D:\C#\VM\Core\ExecutionContext.cs(96,16): warning CS8618: 在退出构造函数时，不可为 null 的 属性 "CurrentSession" 必须包含非 null 值。请考虑添加 "required" 修饰符或将该 属性 声明为可为 null。 [D:\C#\VM\Core\VM.Core.csproj]
D:\C#\VM\Core\ExecutionContext.cs(96,16): warning CS8618: 在退出构造函数时，不可为 null 的 属性 "Workspace" 必须包含非 null 值。请考虑添加 "required" 修饰符或将该 属性 声明为可为 null。 [D:\C#\VM\Core\VM.Core.csproj]
D:\C#\VM\Core\Toolkit\CloneHelper.cs(41,37): warning CS8603: 可能返回 null 引用。 [D:\C#\VM\Core\VM.Core.csproj]
D:\C#\VM\Core\Toolkit\CloneHelper.cs(50,20): warning CS8603: 可能返回 null 引用。 [D:\C#\VM\Core\VM.Core.csproj]
D:\C#\VM\Core\LogService.cs(33,16): warning CS8618: 在退出构造函数时，不可为 null 的 事件 "OnLogReceived" 必须包含非 null 值。请考虑添加 "required" 修饰符或将该 事件 声明为可为 null。 [D:\C#\VM\Core\VM.Core.csproj]
D:\C#\VM\Core\IReadOnlyWorkspaceContext.cs(138,67): warning CS8603: 可能返回 null 引用。 [D:\C#\VM\Core\VM.Core.csproj]
D:\C#\VM\Core\IReadOnlyWorkspaceContext.cs(143,16): warning CS8618: 在退出构造函数时，不可为 null 的 字段 "_currentSolution" 必须包含非 null 值。请考虑添加 "required" 修饰符或将该 字段 声明为可为 null。 [D:\C#\VM\Core\VM.Core.csproj]
D:\C#\VM\Core\IReadOnlyWorkspaceContext.cs(143,16): warning CS8618: 在退出构造函数时，不可为 null 的 字段 "_currentFlow" 必须包含非 null 值。请考虑添加 "required" 修饰符或将该 字段 声明为可为 null。 [D:\C#\VM\Core\VM.Core.csproj]
D:\C#\VM\Core\IReadOnlyWorkspaceContext.cs(143,16): warning CS8618: 在退出构造函数时，不可为 null 的 字段 "_currentStep" 必须包含非 null 值。请考虑添加 "required" 修饰符或将该 字段 声明为可为 null。 [D:\C#\VM\Core\VM.Core.csproj]
D:\C#\VM\Core\IReadOnlyWorkspaceContext.cs(164,24): warning CS8625: 无法将 null 字面量转换为非 null 的引用类型。 [D:\C#\VM\Core\VM.Core.csproj]
D:\C#\VM\Core\IReadOnlyWorkspaceContext.cs(180,29): warning CS8601: 可能的 null 引用赋值。 [D:\C#\VM\Core\VM.Core.csproj]
D:\C#\VM\Core\IReadOnlyWorkspaceContext.cs(181,24): warning CS8625: 无法将 null 字面量转换为非 null 的引用类型。 [D:\C#\VM\Core\VM.Core.csproj]
D:\C#\VM\Core\IReadOnlyWorkspaceContext.cs(198,29): warning CS8601: 可能的 null 引用赋值。 [D:\C#\VM\Core\VM.Core.csproj]
D:\C#\VM\Core\Toolkit\PerformanceMonitor.cs(298,43): warning CS8618: 在退出构造函数时，不可为 null 的 属性 "NodeStats" 必须包含非 null 值。请考虑添加 "required" 修饰符或将该 属性 声明为可为 null。 [D:\C#\VM\Core\VM.Core.csproj]
D:\C#\VM\Core\Toolkit\PerformanceMonitor.cs(303,46): warning CS8618: 在退出构造函数时，不可为 null 的 属性 "SessionStats" 必须包含非 null 值。请考虑添加 "required" 修饰符或将该 属性 声明为可为 null。 [D:\C#\VM\Core\VM.Core.csproj]
D:\C#\VM\Core\Toolkit\PerformanceMonitor.cs(257,23): warning CS8618: 在退出构造函数时，不可为 null 的 属性 "SessionId" 必须包含非 null 值。请考虑添加 "required" 修饰符或将该 属性 声明为可为 null。 [D:\C#\VM\Core\VM.Core.csproj]
D:\C#\VM\Core\Toolkit\PerformanceMonitor.cs(262,23): warning CS8618: 在退出构造函数时，不可为 null 的 属性 "FlowName" 必须包含非 null 值。请考虑添加 "required" 修饰符或将该 属性 声明为可为 null。 [D:\C#\VM\Core\VM.Core.csproj]
D:\C#\VM\Core\Toolkit\PerformanceMonitor.cs(221,23): warning CS8618: 在退出构造函数时，不可为 null 的 属性 "NodeName" 必须包含非 null 值。请考虑添加 "required" 修饰符或将该 属性 声明为可为 null。 [D:\C#\VM\Core\VM.Core.csproj]
D:\C#\VM\Core\Helpers\WatchPortWrapper.cs(150,40): warning CS8603: 可能返回 null 引用。 [D:\C#\VM\Core\VM.Core.csproj]
D:\C#\VM\Core\Helpers\TypeCache.cs(38,16): warning CS8618: 在退出构造函数时，不可为 null 的 字段 "_cleanupTimer" 必须包含非 null 值。请考虑添加 "required" 修饰符或将该 字段 声明为可为 null。 [D:\C#\VM\Core\VM.Core.csproj]
D:\C#\VM\Core\Helpers\SystemMonitor.cs(350,23): warning CS8618: 在退出构造函数时，不可为 null 的 属性 "ProcessName" 必须包含非 null 值。请考虑添加 "required" 修饰符或将该 属性 声明为可为 null。 [D:\C#\VM\Core\VM.Core.csproj]
D:\C#\VM\Core\Helpers\SystemMonitor.cs(34,17): warning CS8618: 在退出构造函数时，不可为 null 的 字段 "_diskReadCounter" 必须包含非 null 值。请考虑添加 "required" 修饰符或将该 字段 声明为可为 null。 [D:\C#\VM\Core\VM.Core.csproj]
D:\C#\VM\Core\Helpers\SystemMonitor.cs(34,17): warning CS8618: 在退出构造函数时，不可为 null 的 字段 "_diskWriteCounter" 必须包含非 null 值。请考虑添加 "required" 修饰符或将该 字段 声明为可为 null。 [D:\C#\VM\Core\VM.Core.csproj]
D:\C#\VM\Core\Helpers\SystemMonitor.cs(34,17): warning CS8618: 在退出构造函数时，不可为 null 的 字段 "_networkSentCounter" 必须包含非 null 值。请考虑添加 "required" 修饰符或将该 字段 声明为可为 null。 [D:\C#\VM\Core\VM.Core.csproj]
D:\C#\VM\Core\Helpers\SystemMonitor.cs(34,17): warning CS8618: 在退出构造函数时，不可为 null 的 字段 "_networkReceivedCounter" 必须包含非 null 值。请考虑添加 "required" 修饰符或将该 字段 声明为可为 null。 [D:\C#\VM\Core\VM.Core.csproj]
D:\C#\VM\Core\Models\WatchItemModel.cs(30,23): warning CS8618: 在退出构造函数时，不可为 null 的 属性 "StepName" 必须包含非 null 值。请考虑添加 "required" 修饰符或将该 属性 声明为可为 null。 [D:\C#\VM\Core\VM.Core.csproj]
D:\C#\VM\Core\Models\WatchItemModel.cs(35,23): warning CS8618: 在退出构造函数时，不可为 null 的 属性 "PortName" 必须包含非 null 值。请考虑添加 "required" 修饰符或将该 属性 声明为可为 null。 [D:\C#\VM\Core\VM.Core.csproj]
D:\C#\VM\Core\Models\WatchItemModel.cs(47,23): warning CS8618: 在退出构造函数时，不可为 null 的 属性 "GlobalVariableName" 必须包含非 null 值。请考虑添加 "required" 修饰符或将该 属性 声明为可为 null。 [D:\C#\VM\Core\VM.Core.csproj]
D:\C#\VM\Core\Helpers\TypeHelper.cs(94,16): warning CS8603: 可能返回 null 引用。 [D:\C#\VM\Core\VM.Core.csproj]
D:\C#\VM\Core\Helpers\WatchPortWrapper.cs(209,54): warning CS8622: “void WatchPortWrapper.OnPortValueChanged(object sender, EventArgs e)”的参数“sender”类型中引用类型的为 Null 性与目标委托“EventHandler”不匹配(可能是由于为 Null 性特性)。 [D:\C#\VM\Core\VM.Core.csproj]
D:\C#\VM\Core\Helpers\WatchPortWrapper.cs(200,16): warning CS8618: 在退出构造函数时，不可为 null 的 字段 "_port" 必须包含非 null 值。请考虑添加 "required" 修饰符或将该 字段 声明为可为 null。 [D:\C#\VM\Core\VM.Core.csproj]
D:\C#\VM\Core\Helpers\WatchPortWrapper.cs(200,16): warning CS8618: 在退出构造函数时，不可为 null 的 字段 "_globalVar" 必须包含非 null 值。请考虑添加 "required" 修饰符或将该 字段 声明为可为 null。 [D:\C#\VM\Core\VM.Core.csproj]
D:\C#\VM\Core\Helpers\WatchPortWrapper.cs(200,16): warning CS8618: 在退出构造函数时，不可为 null 的 字段 "_currentValue" 必须包含非 null 值。请考虑添加 "required" 修饰符或将该 字段 声明为可为 null。 [D:\C#\VM\Core\VM.Core.csproj]
D:\C#\VM\Core\Helpers\WatchPortWrapper.cs(224,64): warning CS8622: “void WatchPortWrapper.OnGlobalVarValueChanged(object sender, EventArgs e)”的参数“sender”类型中引用类型的为 Null 性与目标委托“EventHandler”不匹配(可能是由于为 Null 性特性)。 [D:\C#\VM\Core\VM.Core.csproj]
D:\C#\VM\Core\Helpers\WatchPortWrapper.cs(215,16): warning CS8618: 在退出构造函数时，不可为 null 的 字段 "_port" 必须包含非 null 值。请考虑添加 "required" 修饰符或将该 字段 声明为可为 null。 [D:\C#\VM\Core\VM.Core.csproj]
D:\C#\VM\Core\Helpers\WatchPortWrapper.cs(215,16): warning CS8618: 在退出构造函数时，不可为 null 的 字段 "_globalVar" 必须包含非 null 值。请考虑添加 "required" 修饰符或将该 字段 声明为可为 null。 [D:\C#\VM\Core\VM.Core.csproj]
D:\C#\VM\Core\Helpers\WatchPortWrapper.cs(215,16): warning CS8618: 在退出构造函数时，不可为 null 的 字段 "_currentValue" 必须包含非 null 值。请考虑添加 "required" 修饰符或将该 字段 声明为可为 null。 [D:\C#\VM\Core\VM.Core.csproj]
D:\C#\VM\Core\Helpers\WatchPortWrapper.cs(230,16): warning CS8618: 在退出构造函数时，不可为 null 的 字段 "_port" 必须包含非 null 值。请考虑添加 "required" 修饰符或将该 字段 声明为可为 null。 [D:\C#\VM\Core\VM.Core.csproj]
D:\C#\VM\Core\Helpers\WatchPortWrapper.cs(230,16): warning CS8618: 在退出构造函数时，不可为 null 的 字段 "_globalVar" 必须包含非 null 值。请考虑添加 "required" 修饰符或将该 字段 声明为可为 null。 [D:\C#\VM\Core\VM.Core.csproj]
D:\C#\VM\Core\Helpers\WatchPortWrapper.cs(230,16): warning CS8618: 在退出构造函数时，不可为 null 的 字段 "_currentValue" 必须包含非 null 值。请考虑添加 "required" 修饰符或将该 字段 声明为可为 null。 [D:\C#\VM\Core\VM.Core.csproj]
D:\C#\VM\Core\Models\AppConfigModel.cs(20,23): warning CS8618: 在退出构造函数时，不可为 null 的 属性 "Name" 必须包含非 null 值。请考虑添加 "required" 修饰符或将该 属性 声明为可为 null。 [D:\C#\VM\Core\VM.Core.csproj]
D:\C#\VM\Core\Models\AppConfigModel.cs(26,23): warning CS8618: 在退出构造函数时，不可为 null 的 属性 "Path" 必须包含非 null 值。请考虑添加 "required" 修饰符或将该 属性 声明为可为 null。 [D:\C#\VM\Core\VM.Core.csproj]
D:\C#\VM\Core\Helpers\TypeCache.cs(158,58): warning CS8600: 将 null 文本或可能的 null 值转换为不可为 null 类型。 [D:\C#\VM\Core\VM.Core.csproj]
D:\C#\VM\Core\Helpers\TypeCache.cs(167,20): warning CS8625: 无法将 null 字面量转换为非 null 的引用类型。 [D:\C#\VM\Core\VM.Core.csproj]
D:\C#\VM\Core\Helpers\TypeCache.cs(179,25): warning CS8600: 将 null 文本或可能的 null 值转换为不可为 null 类型。 [D:\C#\VM\Core\VM.Core.csproj]
D:\C#\VM\Core\Helpers\TypeCache.cs(186,24): warning CS8600: 将 null 文本或可能的 null 值转换为不可为 null 类型。 [D:\C#\VM\Core\VM.Core.csproj]
D:\C#\VM\Core\Helpers\TypeCache.cs(191,20): warning CS8603: 可能返回 null 引用。 [D:\C#\VM\Core\VM.Core.csproj]
D:\C#\VM\Core\Toolkit\PerformanceMonitor.cs(185,20): warning CS8603: 可能返回 null 引用。 [D:\C#\VM\Core\VM.Core.csproj]
D:\C#\VM\Core\Toolkit\PerformanceMonitor.cs(194,20): warning CS8603: 可能返回 null 引用。 [D:\C#\VM\Core\VM.Core.csproj]
D:\C#\VM\Core\Helpers\WatchPortWrapper.cs(262,54): warning CS8622: “void WatchPortWrapper.OnPortValueChanged(object sender, EventArgs e)”的参数“sender”类型中引用类型的为 Null 性与目标委托“EventHandler”不匹配(可能是由于为 Null 性特性)。 [D:\C#\VM\Core\VM.Core.csproj]
D:\C#\VM\Core\Helpers\WatchPortWrapper.cs(263,64): warning CS8622: “void WatchPortWrapper.OnGlobalVarValueChanged(object sender, EventArgs e)”的参数“sender”类型中引用类型的为 Null 性与目标委托“EventHandler”不匹配(可能是由于为 Null 性特性)。 [D:\C#\VM\Core\VM.Core.csproj]
D:\C#\VM\Core\Helpers\TypeCache.cs(33,25): warning CS8618: 在退出构造函数时，不可为 null 的 属性 "Type" 必须包含非 null 值。请考虑添加 "required" 修饰符或将该 属性 声明为可为 null。 [D:\C#\VM\Core\VM.Core.csproj]
D:\C#\VM\Core\CommunicationContracts\CommunicationVariable.cs(37,49): warning CS8601: 可能的 null 引用赋值。 [D:\C#\VM\Core\VM.Core.csproj]
D:\C#\VM\Core\Helpers\TypeCache.cs(218,44): warning CS8604: “string TypeCache.GetSimpleTypeKey(Type type)”中的形参“type”可能传入 null 引用实参。 [D:\C#\VM\Core\VM.Core.csproj]
D:\C#\VM\Core\Toolkit\AuditLogger.cs(242,23): warning CS8618: 在退出构造函数时，不可为 null 的 属性 "OperationName" 必须包含非 null 值。请考虑添加 "required" 修饰符或将该 属性 声明为可为 null。 [D:\C#\VM\Core\VM.Core.csproj]
D:\C#\VM\Core\Toolkit\AuditLogger.cs(243,23): warning CS8618: 在退出构造函数时，不可为 null 的 属性 "UserId" 必须包含非 null 值。请考虑添加 "required" 修饰符或将该 属性 声明为可为 null。 [D:\C#\VM\Core\VM.Core.csproj]
D:\C#\VM\Core\Toolkit\AuditLogger.cs(244,23): warning CS8618: 在退出构造函数时，不可为 null 的 属性 "UserName" 必须包含非 null 值。请考虑添加 "required" 修饰符或将该 属性 声明为可为 null。 [D:\C#\VM\Core\VM.Core.csproj]
D:\C#\VM\Core\Toolkit\AuditLogger.cs(245,23): warning CS8618: 在退出构造函数时，不可为 null 的 属性 "Details" 必须包含非 null 值。请考虑添加 "required" 修饰符或将该 属性 声明为可为 null。 [D:\C#\VM\Core\VM.Core.csproj]
D:\C#\VM\Core\Toolkit\AuditLogger.cs(247,23): warning CS8618: 在退出构造函数时，不可为 null 的 属性 "IpAddress" 必须包含非 null 值。请考虑添加 "required" 修饰符或将该 属性 声明为可为 null。 [D:\C#\VM\Core\VM.Core.csproj]
D:\C#\VM\Core\Helpers\WatchPortWrapper.cs(61,41): warning CS8604: “string ArrayWatchValueFormatter.FormatElement(object element)”中的形参“element”可能传入 null 引用实参。 [D:\C#\VM\Core\VM.Core.csproj]
D:\C#\VM\Core\Toolkit\BatchDataWriter.cs(43,16): warning CS8618: 在退出构造函数时，不可为 null 的 事件 "WriteCompleted" 必须包含非 null 值。请考虑添加 "required" 修饰符或将该 事件 声明为可为 null。 [D:\C#\VM\Core\VM.Core.csproj]
D:\C#\VM\Core\Toolkit\BatchDataWriter.cs(43,16): warning CS8618: 在退出构造函数时，不可为 null 的 事件 "WriteFailed" 必须包含非 null 值。请考虑添加 "required" 修饰符或将该 事件 声明为可为 null。 [D:\C#\VM\Core\VM.Core.csproj]
D:\C#\VM\Core\CommunicationContracts\CommunicationConfig.cs(249,26): warning CS8601: 可能的 null 引用赋值。 [D:\C#\VM\Core\VM.Core.csproj]
D:\C#\VM\Core\Toolkit\BlockingQueue.cs(64,24): warning CS8601: 可能的 null 引用赋值。 [D:\C#\VM\Core\VM.Core.csproj]
D:\C#\VM\Core\Toolkit\BlockingQueue.cs(67,48): warning CS8601: 可能的 null 引用赋值。 [D:\C#\VM\Core\VM.Core.csproj]
D:\C#\VM\Core\Models\Compileds\CompiledBranch.cs(20,23): warning CS8618: 在退出构造函数时，不可为 null 的 属性 "ConditionLambda" 必须包含非 null 值。请考虑添加 "required" 修饰符或将该 属性 声明为可为 null。 [D:\C#\VM\Core\VM.Core.csproj]
D:\C#\VM\Core\Models\Compileds\CompiledBreakNode.cs(24,20): warning CS8603: 可能返回 null 引用。 [D:\C#\VM\Core\VM.Core.csproj]
D:\C#\VM\Core\Models\Compileds\CompiledBreakNode.cs(41,20): warning CS8603: 可能返回 null 引用。 [D:\C#\VM\Core\VM.Core.csproj]
D:\C#\VM\Core\Helpers\WatchPortWrapper.cs(75,20): warning CS8603: 可能返回 null 引用。 [D:\C#\VM\Core\VM.Core.csproj]
D:\C#\VM\Core\Toolkit\BatchDataWriter.cs(139,34): warning CS0168: 声明了变量“ex”，但从未使用过 [D:\C#\VM\Core\VM.Core.csproj]
D:\C#\VM\Core\Models\Compileds\CompiledBreakNode.cs(59,20): warning CS8603: 可能返回 null 引用。 [D:\C#\VM\Core\VM.Core.csproj]
D:\C#\VM\Core\Models\Compileds\CompiledForNode.cs(61,20): warning CS8603: 可能返回 null 引用。 [D:\C#\VM\Core\VM.Core.csproj]
D:\C#\VM\Core\CommunicationContracts\CommunicationConfig.cs(271,22): warning CS8601: 可能的 null 引用赋值。 [D:\C#\VM\Core\VM.Core.csproj]
D:\C#\VM\Core\Models\Compileds\CompiledPluginNode.cs(34,24): warning CS8603: 可能返回 null 引用。 [D:\C#\VM\Core\VM.Core.csproj]
D:\C#\VM\Core\Models\Compileds\CompiledPluginNode.cs(50,28): warning CS8603: 可能返回 null 引用。 [D:\C#\VM\Core\VM.Core.csproj]
D:\C#\VM\Core\Models\Compileds\CompiledPluginNode.cs(61,20): warning CS8603: 可能返回 null 引用。 [D:\C#\VM\Core\VM.Core.csproj]
D:\C#\VM\Core\Models\Compileds\CompiledPluginNode.cs(19,30): warning CS8618: 在退出构造函数时，不可为 null 的 属性 "ExternalPlugin" 必须包含非 null 值。请考虑添加 "required" 修饰符或将该 属性 声明为可为 null。 [D:\C#\VM\Core\VM.Core.csproj]
D:\C#\VM\Core\Toolkit\BatchDataWriter.cs(198,30): warning CS0168: 声明了变量“ex”，但从未使用过 [D:\C#\VM\Core\VM.Core.csproj]
D:\C#\VM\Core\Models\Compileds\CompiledForNode.cs(22,28): warning CS8618: 在退出构造函数时，不可为 null 的 属性 "LoopCountLink" 必须包含非 null 值。请考虑添加 "required" 修饰符或将该 属性 声明为可为 null。 [D:\C#\VM\Core\VM.Core.csproj]
D:\C#\VM\Core\Models\Compileds\CompiledWhileNode.cs(62,20): warning CS8603: 可能返回 null 引用。 [D:\C#\VM\Core\VM.Core.csproj]
D:\C#\VM\Core\Models\Compileds\CompiledNode.cs(115,24): warning CS8603: 可能返回 null 引用。 [D:\C#\VM\Core\VM.Core.csproj]
D:\C#\VM\Core\Models\Compileds\CompiledNode.cs(120,24): warning CS8603: 可能返回 null 引用。 [D:\C#\VM\Core\VM.Core.csproj]
D:\C#\VM\Core\Models\Compileds\CompiledNode.cs(125,20): warning CS8603: 可能返回 null 引用。 [D:\C#\VM\Core\VM.Core.csproj]
D:\C#\VM\Core\Toolkit\AuditLogger.cs(104,33): warning CS8602: 解引用可能出现空引用。 [D:\C#\VM\Core\VM.Core.csproj]
D:\C#\VM\Core\Toolkit\AuditLogger.cs(118,34): warning CS0168: 声明了变量“ex”，但从未使用过 [D:\C#\VM\Core\VM.Core.csproj]
D:\C#\VM\Core\Models\Compileds\CompiledWhileNode.cs(18,31): warning CS8618: 在退出构造函数时，不可为 null 的 属性 "LoopBranch" 必须包含非 null 值。请考虑添加 "required" 修饰符或将该 属性 声明为可为 null。 [D:\C#\VM\Core\VM.Core.csproj]
D:\C#\VM\Core\Models\InputPortUIModel.cs(46,16): warning CS8618: 在退出构造函数时，不可为 null 的 字段 "_linkedAddress" 必须包含非 null 值。请考虑添加 "required" 修饰符或将该 字段 声明为可为 null。 [D:\C#\VM\Core\VM.Core.csproj]
D:\C#\VM\Core\Models\PortDefinition.cs(19,23): warning CS8618: 在退出构造函数时，不可为 null 的 属性 "Name" 必须包含非 null 值。请考虑添加 "required" 修饰符或将该 属性 声明为可为 null。 [D:\C#\VM\Core\VM.Core.csproj]
D:\C#\VM\Core\Models\PortDefinition.cs(24,23): warning CS8618: 在退出构造函数时，不可为 null 的 属性 "Description" 必须包含非 null 值。请考虑添加 "required" 修饰符或将该 属性 声明为可为 null。 [D:\C#\VM\Core\VM.Core.csproj]
D:\C#\VM\Core\Models\PortDefinition.cs(29,23): warning CS8618: 在退出构造函数时，不可为 null 的 属性 "DataTypeName" 必须包含非 null 值。请考虑添加 "required" 修饰符或将该 属性 声明为可为 null。 [D:\C#\VM\Core\VM.Core.csproj]
D:\C#\VM\Core\Models\LocalVariableItem.cs(23,23): warning CS9264: 在退出构造函数时，不可为 null 的 属性 'Name' 必须包含非 null 值。请考虑添加“required”修饰符，或将 属性 声明为可为 null，或安全地处理“get”访问器中“field”为 null 的情况。 [D:\C#\VM\Core\VM.Core.csproj]
D:\C#\VM\Core\Models\Compileds\CompiledIfNode.cs(45,24): warning CS8603: 可能返回 null 引用。 [D:\C#\VM\Core\VM.Core.csproj]
D:\C#\VM\Core\Models\Compileds\CompiledIfNode.cs(83,20): warning CS8603: 可能返回 null 引用。 [D:\C#\VM\Core\VM.Core.csproj]
D:\C#\VM\Core\Toolkit\DebounceThrottle.cs(22,43): warning CS8600: 将 null 文本或可能的 null 值转换为不可为 null 类型。 [D:\C#\VM\Core\VM.Core.csproj]
D:\C#\VM\Core\Toolkit\EventExtensions.cs(33,13): warning CS8602: 解引用可能出现空引用。 [D:\C#\VM\Core\VM.Core.csproj]
D:\C#\VM\Core\Models\Compileds\CompiledNode.cs(258,47): warning CS8625: 无法将 null 字面量转换为非 null 的引用类型。 [D:\C#\VM\Core\VM.Core.csproj]
D:\C#\VM\Core\Models\Compileds\CompiledNode.cs(23,23): warning CS8618: 在退出构造函数时，不可为 null 的 属性 "Name" 必须包含非 null 值。请考虑添加 "required" 修饰符或将该 属性 声明为可为 null。 [D:\C#\VM\Core\VM.Core.csproj]
D:\C#\VM\Core\Models\Compileds\CompiledNode.cs(28,23): warning CS8618: 在退出构造函数时，不可为 null 的 属性 "StepName" 必须包含非 null 值。请考虑添加 "required" 修饰符或将该 属性 声明为可为 null。 [D:\C#\VM\Core\VM.Core.csproj]
D:\C#\VM\Core\Models\Compileds\CompiledNode.cs(39,26): warning CS8618: 在退出构造函数时，不可为 null 的 属性 "Blueprint" 必须包含非 null 值。请考虑添加 "required" 修饰符或将该 属性 声明为可为 null。 [D:\C#\VM\Core\VM.Core.csproj]
D:\C#\VM\Core\Toolkit\GlobalExceptionHandler.cs(73,35): warning CS8602: 解引用可能出现空引用。 [D:\C#\VM\Core\VM.Core.csproj]
D:\C#\VM\Core\Toolkit\GlobalExceptionHandler.cs(20,71): warning CS8618: 在退出构造函数时，不可为 null 的 事件 "ExceptionOccurred" 必须包含非 null 值。请考虑添加 "required" 修饰符或将该 事件 声明为可为 null。 [D:\C#\VM\Core\VM.Core.csproj]
D:\C#\VM\Core\Models\SolutionConfig.cs(18,23): warning CS8618: 在退出构造函数时，不可为 null 的 属性 "DockLayoutXml" 必须包含非 null 值。请考虑添加 "required" 修饰符或将该 属性 声明为可为 null。 [D:\C#\VM\Core\VM.Core.csproj]
D:\C#\VM\Core\Models\ToolItemModel.cs(85,23): warning CS8618: 在退出构造函数时，不可为 null 的 属性 "Name" 必须包含非 null 值。请考虑添加 "required" 修饰符或将该 属性 声明为可为 null。 [D:\C#\VM\Core\VM.Core.csproj]
D:\C#\VM\Core\Toolkit\EventExtensions.cs(53,51): warning CS8601: 可能的 null 引用赋值。 [D:\C#\VM\Core\VM.Core.csproj]
D:\C#\VM\Core\Models\TreeNodeModel.cs(20,23): warning CS8618: 在退出构造函数时，不可为 null 的 属性 "NodeName" 必须包含非 null 值。请考虑添加 "required" 修饰符或将该 属性 声明为可为 null。 [D:\C#\VM\Core\VM.Core.csproj]
D:\C#\VM\Core\Models\TreeNodeModel.cs(25,23): warning CS8618: 在退出构造函数时，不可为 null 的 属性 "IconCode" 必须包含非 null 值。请考虑添加 "required" 修饰符或将该 属性 声明为可为 null。 [D:\C#\VM\Core\VM.Core.csproj]
D:\C#\VM\Core\Models\SolutionModel.cs(58,24): warning CS8618: 在退出构造函数时，不可为 null 的 字段 "solutionFilePath" 必须包含非 null 值。请考虑添加 "required" 修饰符或将该 字段 声明为可为 null。 [D:\C#\VM\Core\VM.Core.csproj]
D:\C#\VM\Core\Models\Variable\RuntimeVariableProxyPort.cs(66,16): warning CS8618: 在退出构造函数时，不可为 null 的 字段 "_context" 必须包含非 null 值。请考虑添加 "required" 修饰符或将该 字段 声明为可为 null。 [D:\C#\VM\Core\VM.Core.csproj]
D:\C#\VM\Core\Models\Variable\RuntimeVariableProxyPort.cs(66,16): warning CS8618: 在退出构造函数时，不可为 null 的 事件 "ValueChanged" 必须包含非 null 值。请考虑添加 "required" 修饰符或将该 事件 声明为可为 null。 [D:\C#\VM\Core\VM.Core.csproj]
D:\C#\VM\Core\Models\Variable\RuntimeVariableProxyPort.cs(86,28): warning CS8603: 可能返回 null 引用。 [D:\C#\VM\Core\VM.Core.csproj]
D:\C#\VM\Core\Models\Variable\RuntimeVariableProxyPort.cs(92,24): warning CS8603: 可能返回 null 引用。 [D:\C#\VM\Core\VM.Core.csproj]
D:\C#\VM\Core\Models\ProcessStep\StepCollection.cs(42,23): warning CS9264: 在退出构造函数时，不可为 null 的 属性 'StepName' 必须包含非 null 值。请考虑添加“required”修饰符，或将 属性 声明为可为 null，或安全地处理“get”访问器中“field”为 null 的情况。 [D:\C#\VM\Core\VM.Core.csproj]
D:\C#\VM\Core\Models\ProcessStep\StepCollection.cs(62,23): warning CS9264: 在退出构造函数时，不可为 null 的 属性 'Expression' 必须包含非 null 值。请考虑添加“required”修饰符，或将 属性 声明为可为 null，或安全地处理“get”访问器中“field”为 null 的情况。 [D:\C#\VM\Core\VM.Core.csproj]
D:\C#\VM\Core\Models\FlowSession.cs(275,43): warning CS8604: “void FlowSession.AddBlueprintsDeep(IEnumerable<StepModel> steps)”中的形参“steps”可能传入 null 引用实参。 [D:\C#\VM\Core\VM.Core.csproj]
D:\C#\VM\Core\Models\VariableNode.cs(215,37): warning CS8601: 可能的 null 引用赋值。 [D:\C#\VM\Core\VM.Core.csproj]
D:\C#\VM\Core\Models\ToolItemModel.cs(33,23): warning CS8618: 在退出构造函数时，不可为 null 的 属性 "Icon" 必须包含非 null 值。请考虑添加 "required" 修饰符或将该 属性 声明为可为 null。 [D:\C#\VM\Core\VM.Core.csproj]
D:\C#\VM\Core\Models\ToolItemModel.cs(38,23): warning CS8618: 在退出构造函数时，不可为 null 的 属性 "Category" 必须包含非 null 值。请考虑添加 "required" 修饰符或将该 属性 声明为可为 null。 [D:\C#\VM\Core\VM.Core.csproj]
D:\C#\VM\Core\Models\ToolItemModel.cs(43,23): warning CS8618: 在退出构造函数时，不可为 null 的 属性 "Name" 必须包含非 null 值。请考虑添加 "required" 修饰符或将该 属性 声明为可为 null。 [D:\C#\VM\Core\VM.Core.csproj]
D:\C#\VM\Core\Models\ToolItemModel.cs(48,23): warning CS8618: 在退出构造函数时，不可为 null 的 属性 "Description" 必须包含非 null 值。请考虑添加 "required" 修饰符或将该 属性 声明为可为 null。 [D:\C#\VM\Core\VM.Core.csproj]
D:\C#\VM\Core\Models\ToolItemModel.cs(63,23): warning CS8618: 在退出构造函数时，不可为 null 的 属性 "ModuleTypeName" 必须包含非 null 值。请考虑添加 "required" 修饰符或将该 属性 声明为可为 null。 [D:\C#\VM\Core\VM.Core.csproj]
D:\C#\VM\Core\Toolkit\HardwareHeartbeatMonitor.cs(30,38): warning CS8622: “void HardwareHeartbeatMonitor.OnGlobalHeartbeatTick(object state)”的参数“state”类型中引用类型的为 Null 性与目标委托“TimerCallback”不匹配(可能是由于为 Null 性特性)。 [D:\C#\VM\Core\VM.Core.csproj]
D:\C#\VM\Core\Toolkit\HardwareHeartbeatMonitor.cs(27,17): warning CS8618: 在退出构造函数时，不可为 null 的 事件 "HardwareStatusChanged" 必须包含非 null 值。请考虑添加 "required" 修饰符或将该 事件 声明为可为 null。 [D:\C#\VM\Core\VM.Core.csproj]
D:\C#\VM\Core\Toolkit\HighPrecisionTimer.cs(83,30): warning CS0168: 声明了变量“ex”，但从未使用过 [D:\C#\VM\Core\VM.Core.csproj]
D:\C#\VM\Core\Toolkit\HighPrecisionTimer.cs(95,27): warning CS8625: 无法将 null 字面量转换为非 null 的引用类型。 [D:\C#\VM\Core\VM.Core.csproj]
D:\C#\VM\Core\Models\VariableNode.cs(278,37): warning CS8601: 可能的 null 引用赋值。 [D:\C#\VM\Core\VM.Core.csproj]
D:\C#\VM\Core\Models\VariableNode.cs(279,30): warning CS8601: 可能的 null 引用赋值。 [D:\C#\VM\Core\VM.Core.csproj]
D:\C#\VM\Core\Models\FlowModel.cs(207,16): warning CS9264: 在退出构造函数时，不可为 null 的 属性 'FlowName' 必须包含非 null 值。请考虑添加“required”修饰符，或将 属性 声明为可为 null，或安全地处理“get”访问器中“field”为 null 的情况。 [D:\C#\VM\Core\VM.Core.csproj]
D:\C#\VM\Core\Models\FlowModel.cs(207,16): warning CS9264: 在退出构造函数时，不可为 null 的 属性 'Description' 必须包含非 null 值。请考虑添加“required”修饰符，或将 属性 声明为可为 null，或安全地处理“get”访问器中“field”为 null 的情况。 [D:\C#\VM\Core\VM.Core.csproj]
D:\C#\VM\Core\Models\FlowModel.cs(207,16): warning CS9264: 在退出构造函数时，不可为 null 的 属性 'TriggerVariable' 必须包含非 null 值。请考虑添加“required”修饰符，或将 属性 声明为可为 null，或安全地处理“get”访问器中“field”为 null 的情况。 [D:\C#\VM\Core\VM.Core.csproj]
D:\C#\VM\Core\Models\VariableNode.cs(20,26): warning CS8618: 在退出构造函数时，不可为 null 的 属性 "OriginalModel" 必须包含非 null 值。请考虑添加 "required" 修饰符或将该 属性 声明为可为 null。 [D:\C#\VM\Core\VM.Core.csproj]
D:\C#\VM\Core\Models\VariableNode.cs(97,23): warning CS8618: 在退出构造函数时，不可为 null 的 属性 "Name" 必须包含非 null 值。请考虑添加 "required" 修饰符或将该 属性 声明为可为 null。 [D:\C#\VM\Core\VM.Core.csproj]
D:\C#\VM\Core\Models\VariableNode.cs(102,21): warning CS8618: 在退出构造函数时，不可为 null 的 属性 "DataType" 必须包含非 null 值。请考虑添加 "required" 修饰符或将该 属性 声明为可为 null。 [D:\C#\VM\Core\VM.Core.csproj]
D:\C#\VM\Core\Models\VariableNode.cs(107,23): warning CS8618: 在退出构造函数时，不可为 null 的 属性 "TypeName" 必须包含非 null 值。请考虑添加 "required" 修饰符或将该 属性 声明为可为 null。 [D:\C#\VM\Core\VM.Core.csproj]
D:\C#\VM\Core\Models\VariableNode.cs(112,23): warning CS8618: 在退出构造函数时，不可为 null 的 属性 "Description" 必须包含非 null 值。请考虑添加 "required" 修饰符或将该 属性 声明为可为 null。 [D:\C#\VM\Core\VM.Core.csproj]
D:\C#\VM\Core\Models\VariableNode.cs(117,23): warning CS8618: 在退出构造函数时，不可为 null 的 属性 "RawValue" 必须包含非 null 值。请考虑添加 "required" 修饰符或将该 属性 声明为可为 null。 [D:\C#\VM\Core\VM.Core.csproj]
D:\C#\VM\Core\Models\VariableNode.cs(134,23): warning CS8618: 在退出构造函数时，不可为 null 的 属性 "ChildDefaultValue" 必须包含非 null 值。请考虑添加 "required" 修饰符或将该 属性 声明为可为 null。 [D:\C#\VM\Core\VM.Core.csproj]
D:\C#\VM\Core\Models\VariableNode.cs(139,23): warning CS8618: 在退出构造函数时，不可为 null 的 属性 "ChildValue" 必须包含非 null 值。请考虑添加 "required" 修饰符或将该 属性 声明为可为 null。 [D:\C#\VM\Core\VM.Core.csproj]
D:\C#\VM\Core\Toolkit\AuditLogger.cs(181,34): warning CS0168: 声明了变量“ex”，但从未使用过 [D:\C#\VM\Core\VM.Core.csproj]
D:\C#\VM\Core\CommunicationContracts\DeviceAddressBase.cs(309,27): warning CS8618: 在退出构造函数时，不可为 null 的 字段 "_area" 必须包含非 null 值。请考虑添加 "required" 修饰符或将该 字段 声明为可为 null。 [D:\C#\VM\Core\VM.Core.csproj]
D:\C#\VM\Core\Models\FlowSession.cs(45,24): warning CS8618: 在退出构造函数时，不可为 null 的 字段 "_flowName" 必须包含非 null 值。请考虑添加 "required" 修饰符或将该 字段 声明为可为 null。 [D:\C#\VM\Core\VM.Core.csproj]
D:\C#\VM\Core\Models\FlowSession.cs(175,42): warning CS8618: 在退出构造函数时，不可为 null 的 事件 "DebugStopped" 必须包含非 null 值。请考虑添加 "required" 修饰符或将该 事件 声明为可为 null。 [D:\C#\VM\Core\VM.Core.csproj]
D:\C#\VM\Core\Models\FlowSession.cs(295,26): warning CS8618: 在退出构造函数时，不可为 null 的 属性 "FocusedStep" 必须包含非 null 值。请考虑添加 "required" 修饰符或将该 属性 声明为可为 null。 [D:\C#\VM\Core\VM.Core.csproj]
D:\C#\VM\Core\Models\FlowSession.cs(300,29): warning CS8618: 在退出构造函数时，不可为 null 的 属性 "ExecutionEngine" 必须包含非 null 值。请考虑添加 "required" 修饰符或将该 属性 声明为可为 null。 [D:\C#\VM\Core\VM.Core.csproj]
D:\C#\VM\Core\Models\FlowSession.cs(305,40): warning CS8618: 在退出构造函数时，不可为 null 的 属性 "CancellationTokenSource" 必须包含非 null 值。请考虑添加 "required" 修饰符或将该 属性 声明为可为 null。 [D:\C#\VM\Core\VM.Core.csproj]
D:\C#\VM\Core\Toolkit\HardwareHeartbeatMonitor.cs(79,35): warning CS8625: 无法将 null 字面量转换为非 null 的引用类型。 [D:\C#\VM\Core\VM.Core.csproj]
D:\C#\VM\Core\Models\ProcessStep\StepModel.cs(313,16): warning CS8603: 可能返回 null 引用。 [D:\C#\VM\Core\VM.Core.csproj]
D:\C#\VM\Core\Models\ProcessStep\StepModel.cs(318,16): warning CS8603: 可能返回 null 引用。 [D:\C#\VM\Core\VM.Core.csproj]
D:\C#\VM\Core\Models\FlowModel.cs(252,41): warning CS8622: “void FlowModel.OnStepPropertyChanged(object sender, PropertyChangedEventArgs e)”的参数“sender”类型中引用类型的为 Null 性与目标委托“PropertyChangedEventHandler”不匹配(可能是由于为 Null 性特性)。 [D:\C#\VM\Core\VM.Core.csproj]
D:\C#\VM\Core\Models\FlowModel.cs(265,45): warning CS8622: “void FlowModel.OnStepPropertyChanged(object sender, PropertyChangedEventArgs e)”的参数“sender”类型中引用类型的为 Null 性与目标委托“PropertyChangedEventHandler”不匹配(可能是由于为 Null 性特性)。 [D:\C#\VM\Core\VM.Core.csproj]
D:\C#\VM\Core\Toolkit\MemoryManager.cs(108,17): warning CS8618: 在退出构造函数时，不可为 null 的 字段 "_timer" 必须包含非 null 值。请考虑添加 "required" 修饰符或将该 字段 声明为可为 null。 [D:\C#\VM\Core\VM.Core.csproj]
D:\C#\VM\Core\Toolkit\MemoryManager.cs(108,17): warning CS8618: 在退出构造函数时，不可为 null 的 事件 "TrimCompleted" 必须包含非 null 值。请考虑添加 "required" 修饰符或将该 事件 声明为可为 null。 [D:\C#\VM\Core\VM.Core.csproj]
D:\C#\VM\Core\Models\ProcessStep\StepModel.cs(341,16): warning CS8618: 在退出构造函数时，不可为 null 的 字段 "_pendingRuntimeNotify" 必须包含非 null 值。请考虑添加 "required" 修饰符或将该 字段 声明为可为 null。 [D:\C#\VM\Core\VM.Core.csproj]
D:\C#\VM\Core\Toolkit\LockFreeRingBuffer.cs(114,20): warning CS8625: 无法将 null 字面量转换为非 null 的引用类型。 [D:\C#\VM\Core\VM.Core.csproj]
D:\C#\VM\Core\Toolkit\HardwareHeartbeatMonitor.cs(92,34): warning CS0168: 声明了变量“ex”，但从未使用过 [D:\C#\VM\Core\VM.Core.csproj]
D:\C#\VM\Core\Toolkit\MemoryManager.cs(137,21): warning CS8622: “void MemoryManager.OnTimerTick(object state)”的参数“state”类型中引用类型的为 Null 性与目标委托“TimerCallback”不匹配(可能是由于为 Null 性特性)。 [D:\C#\VM\Core\VM.Core.csproj]
D:\C#\VM\Core\Models\Variable\LocalVariableModel.cs(18,24): warning CS8618: 在退出构造函数时，不可为 null 的 字段 "_dataTypeString" 必须包含非 null 值。请考虑添加 "required" 修饰符或将该 字段 声明为可为 null。 [D:\C#\VM\Core\VM.Core.csproj]
D:\C#\VM\Core\Models\Variable\LocalVariableModel.cs(19,22): warning CS8618: 在退出构造函数时，不可为 null 的 字段 "_dataType" 必须包含非 null 值。请考虑添加 "required" 修饰符或将该 字段 声明为可为 null。 [D:\C#\VM\Core\VM.Core.csproj]
D:\C#\VM\Core\Toolkit\MemoryManager.cs(158,26): warning CS8625: 无法将 null 字面量转换为非 null 的引用类型。 [D:\C#\VM\Core\VM.Core.csproj]
D:\C#\VM\Core\Toolkit\HardwareHeartbeatMonitor.cs(115,30): warning CS0168: 声明了变量“ex”，但从未使用过 [D:\C#\VM\Core\VM.Core.csproj]
D:\C#\VM\Core\Toolkit\HardwareHeartbeatMonitor.cs(163,38): warning CS0168: 声明了变量“ex”，但从未使用过 [D:\C#\VM\Core\VM.Core.csproj]
D:\C#\VM\Core\Toolkit\HardwareHeartbeatMonitor.cs(209,27): warning CS8618: 在退出构造函数时，不可为 null 的 属性 "DeviceId" 必须包含非 null 值。请考虑添加 "required" 修饰符或将该 属性 声明为可为 null。 [D:\C#\VM\Core\VM.Core.csproj]
D:\C#\VM\Core\Toolkit\HardwareHeartbeatMonitor.cs(210,27): warning CS8618: 在退出构造函数时，不可为 null 的 属性 "DeviceName" 必须包含非 null 值。请考虑添加 "required" 修饰符或将该 属性 声明为可为 null。 [D:\C#\VM\Core\VM.Core.csproj]
D:\C#\VM\Core\Toolkit\HardwareHeartbeatMonitor.cs(211,31): warning CS8618: 在退出构造函数时，不可为 null 的 属性 "HeartbeatFunc" 必须包含非 null 值。请考虑添加 "required" 修饰符或将该 属性 声明为可为 null。 [D:\C#\VM\Core\VM.Core.csproj]
D:\C#\VM\Core\Toolkit\HardwareHeartbeatMonitor.cs(212,31): warning CS8618: 在退出构造函数时，不可为 null 的 属性 "ReconnectFunc" 必须包含非 null 值。请考虑添加 "required" 修饰符或将该 属性 声明为可为 null。 [D:\C#\VM\Core\VM.Core.csproj]
D:\C#\VM\Core\Models\Variable\NetworkVariableModel.cs(183,65): warning CS8604: “ICommunicationConnection? ICommunicationManager.GetConnection(string connectionName)”中的形参“connectionName”可能传入 null 引用实参。 [D:\C#\VM\Core\VM.Core.csproj]
D:\C#\VM\Core\Toolkit\MemoryManager.cs(188,30): warning CS0168: 声明了变量“ex”，但从未使用过 [D:\C#\VM\Core\VM.Core.csproj]
D:\C#\VM\Core\Toolkit\MemoryManager.cs(225,30): warning CS0168: 声明了变量“ex”，但从未使用过 [D:\C#\VM\Core\VM.Core.csproj]
D:\C#\VM\Core\Models\Variable\NetworkVariableModel.cs(13,24): warning CS8618: 在退出构造函数时，不可为 null 的 字段 "_dataTypeString" 必须包含非 null 值。请考虑添加 "required" 修饰符或将该 字段 声明为可为 null。 [D:\C#\VM\Core\VM.Core.csproj]
D:\C#\VM\Core\Models\Variable\NetworkVariableModel.cs(14,22): warning CS8618: 在退出构造函数时，不可为 null 的 字段 "_dataType" 必须包含非 null 值。请考虑添加 "required" 修饰符或将该 字段 声明为可为 null。 [D:\C#\VM\Core\VM.Core.csproj]
D:\C#\VM\Core\Models\ProcessStep\StepModel.cs(217,26): warning CS8625: 无法将 null 字面量转换为非 null 的引用类型。 [D:\C#\VM\Core\VM.Core.csproj]
D:\C#\VM\Core\Models\ProcessStep\StepModel.cs(223,47): warning CS8625: 无法将 null 字面量转换为非 null 的引用类型。 [D:\C#\VM\Core\VM.Core.csproj]
D:\C#\VM\Core\Toolkit\MemoryManager.cs(285,30): warning CS0168: 声明了变量“ex”，但从未使用过 [D:\C#\VM\Core\VM.Core.csproj]
D:\C#\VM\Core\LogService.cs(31,21): warning CS0169: 从不使用字段“LogService._droppedCount” [D:\C#\VM\Core\VM.Core.csproj]
  VM.Core -> D:\C#\VM\Core\bin\Debug\net9.0-windows\VM.Core.dll
D:\C#\VM\UI\Controls\Core\ObservableObject.cs(11,50): warning CS8612: “event PropertyChangedEventHandler ObservableObject.PropertyChanged”的类型中引用类型的为 Null 性与隐式实现的成员“event PropertyChangedEventHandler? INotifyPropertyChanged.PropertyChanged”不匹配。 [D:\C#\VM\UI\Controls\UI_rmldqqz1_wpftmp.csproj]
D:\C#\VM\UI\Controls\Models\PropertyItem.cs(83,50): warning CS8612: “event PropertyChangedEventHandler PropertyItem.PropertyChanged”的类型中引用类型的为 Null 性与隐式实现的成员“event PropertyChangedEventHandler? INotifyPropertyChanged.PropertyChanged”不匹配。 [D:\C#\VM\UI\Controls\UI_rmldqqz1_wpftmp.csproj]
D:\C#\VM\UI\Controls\Core\ObservableObject.cs(17,91): warning CS8625: 无法将 null 字面量转换为非 null 的引用类型。 [D:\C#\VM\UI\Controls\UI_rmldqqz1_wpftmp.csproj]
D:\C#\VM\UI\Controls\Core\ObservableObject.cs(30,112): warning CS8625: 无法将 null 字面量转换为非 null 的引用类型。 [D:\C#\VM\UI\Controls\UI_rmldqqz1_wpftmp.csproj]
D:\C#\VM\UI\Controls\Core\MarkupCommandBase.cs(28,29): warning CS8767: “bool MarkupCommandBase.CanExecute(object parameter)”的参数“parameter”类型中引用类型的为 Null 性与隐式实现的成员“bool ICommand.CanExecute(object? parameter)”不匹配(可能是由于为 Null 性特性)。 [D:\C#\VM\UI\Controls\UI_rmldqqz1_wpftmp.csproj]
D:\C#\VM\UI\Controls\Core\MarkupCommandBase.cs(32,30): warning CS8767: “void MarkupCommandBase.Execute(object parameter)”的参数“parameter”类型中引用类型的为 Null 性与隐式实现的成员“void ICommand.Execute(object? parameter)”不匹配(可能是由于为 Null 性特性)。 [D:\C#\VM\UI\Controls\UI_rmldqqz1_wpftmp.csproj]
D:\C#\VM\UI\Controls\Core\MarkupCommandBase.cs(17,35): warning CS8612: “event EventHandler MarkupCommandBase.CanExecuteChanged”的类型中引用类型的为 Null 性与隐式实现的成员“event EventHandler? ICommand.CanExecuteChanged”不匹配。 [D:\C#\VM\UI\Controls\UI_rmldqqz1_wpftmp.csproj]
D:\C#\VM\UI\Controls\Core\MarkupCommandBase.cs(72,50): warning CS8612: “event PropertyChangedEventHandler MarkupCommandBase.PropertyChanged”的类型中引用类型的为 Null 性与隐式实现的成员“event PropertyChangedEventHandler? INotifyPropertyChanged.PropertyChanged”不匹配。 [D:\C#\VM\UI\Controls\UI_rmldqqz1_wpftmp.csproj]
D:\C#\VM\UI\Controls\Core\ElementExtention.cs(80,93): warning CS8625: 无法将 null 字面量转换为非 null 的引用类型。 [D:\C#\VM\UI\Controls\UI_rmldqqz1_wpftmp.csproj]
D:\C#\VM\UI\Controls\Core\ElementExtention.cs(102,109): warning CS8625: 无法将 null 字面量转换为非 null 的引用类型。 [D:\C#\VM\UI\Controls\UI_rmldqqz1_wpftmp.csproj]
D:\C#\VM\UI\Controls\Core\ElementExtention.cs(405,111): warning CS8625: 无法将 null 字面量转换为非 null 的引用类型。 [D:\C#\VM\UI\Controls\UI_rmldqqz1_wpftmp.csproj]
D:\C#\VM\UI\Controls\Core\ElementExtention.cs(413,97): warning CS8625: 无法将 null 字面量转换为非 null 的引用类型。 [D:\C#\VM\UI\Controls\UI_rmldqqz1_wpftmp.csproj]
D:\C#\VM\UI\Controls\Core\ElementExtention.cs(428,96): warning CS8625: 无法将 null 字面量转换为非 null 的引用类型。 [D:\C#\VM\UI\Controls\UI_rmldqqz1_wpftmp.csproj]
D:\C#\VM\UI\Controls\Core\ElementExtention.cs(451,98): warning CS8625: 无法将 null 字面量转换为非 null 的引用类型。 [D:\C#\VM\UI\Controls\UI_rmldqqz1_wpftmp.csproj]
D:\C#\VM\UI\Controls\Core\ElementExtention.cs(491,104): warning CS8625: 无法将 null 字面量转换为非 null 的引用类型。 [D:\C#\VM\UI\Controls\UI_rmldqqz1_wpftmp.csproj]
D:\C#\VM\UI\Controls\Models\PropertyItem.cs(41,27): warning CS8601: 可能的 null 引用赋值。 [D:\C#\VM\UI\Controls\UI_rmldqqz1_wpftmp.csproj]
D:\C#\VM\UI\Controls\Models\PropertyItem.cs(46,31): warning CS8601: 可能的 null 引用赋值。 [D:\C#\VM\UI\Controls\UI_rmldqqz1_wpftmp.csproj]
D:\C#\VM\UI\Controls\Models\PropertyItem.cs(49,24): warning CS8601: 可能的 null 引用赋值。 [D:\C#\VM\UI\Controls\UI_rmldqqz1_wpftmp.csproj]
D:\C#\VM\UI\Controls\Models\PropertyItem.cs(33,16): warning CS8618: 在退出构造函数时，不可为 null 的 属性 "Description" 必须包含非 null 值。请考虑添加 "required" 修饰符或将该 属性 声明为可为 null。 [D:\C#\VM\UI\Controls\UI_rmldqqz1_wpftmp.csproj]
D:\C#\VM\UI\Controls\Models\PropertyItem.cs(33,16): warning CS8618: 在退出构造函数时，不可为 null 的 属性 "BrowseAttribute" 必须包含非 null 值。请考虑添加 "required" 修饰符或将该 属性 声明为可为 null。 [D:\C#\VM\UI\Controls\UI_rmldqqz1_wpftmp.csproj]
D:\C#\VM\UI\Controls\Models\PropertyItem.cs(33,16): warning CS8618: 在退出构造函数时，不可为 null 的 属性 "IconCode" 必须包含非 null 值。请考虑添加 "required" 修饰符或将该 属性 声明为可为 null。 [D:\C#\VM\UI\Controls\UI_rmldqqz1_wpftmp.csproj]
D:\C#\VM\UI\Controls\Models\PropertyItem.cs(33,16): warning CS8618: 在退出构造函数时，不可为 null 的 属性 "EditorKey" 必须包含非 null 值。请考虑添加 "required" 修饰符或将该 属性 声明为可为 null。 [D:\C#\VM\UI\Controls\UI_rmldqqz1_wpftmp.csproj]
D:\C#\VM\UI\Controls\Models\PropertyItem.cs(33,16): warning CS8618: 在退出构造函数时，不可为 null 的 事件 "PropertyChanged" 必须包含非 null 值。请考虑添加 "required" 修饰符或将该 事件 声明为可为 null。 [D:\C#\VM\UI\Controls\UI_rmldqqz1_wpftmp.csproj]
D:\C#\VM\UI\Controls\Models\PropertyItem.cs(66,20): warning CS8603: 可能返回 null 引用。 [D:\C#\VM\UI\Controls\UI_rmldqqz1_wpftmp.csproj]
D:\C#\VM\UI\Controls\Core\ObservableObject.cs(11,50): warning CS8618: 在退出构造函数时，不可为 null 的 事件 "PropertyChanged" 必须包含非 null 值。请考虑添加 "required" 修饰符或将该 事件 声明为可为 null。 [D:\C#\VM\UI\Controls\UI_rmldqqz1_wpftmp.csproj]
D:\C#\VM\UI\Controls\Core\MarkupCommandBase.cs(38,20): warning CS8603: 可能返回 null 引用。 [D:\C#\VM\UI\Controls\UI_rmldqqz1_wpftmp.csproj]
D:\C#\VM\UI\Controls\Core\MarkupCommandBase.cs(45,24): warning CS8603: 可能返回 null 引用。 [D:\C#\VM\UI\Controls\UI_rmldqqz1_wpftmp.csproj]
D:\C#\VM\UI\Controls\Core\MarkupCommandBase.cs(39,13): warning CS0162: 检测到无法访问的代码 [D:\C#\VM\UI\Controls\UI_rmldqqz1_wpftmp.csproj]
D:\C#\VM\UI\Controls\Core\MarkupCommandBase.cs(62,49): warning CS8603: 可能返回 null 引用。 [D:\C#\VM\UI\Controls\UI_rmldqqz1_wpftmp.csproj]
D:\C#\VM\UI\Controls\AttachedProperties\PasswordBoxHelper.cs(67,39): warning CS8600: 将 null 文本或可能的 null 值转换为不可为 null 类型。 [D:\C#\VM\UI\Controls\UI_rmldqqz1_wpftmp.csproj]
D:\C#\VM\UI\Controls\AttachedProperties\PasswordBoxHelper.cs(68,27): warning CS8604: “void PasswordBoxHelper.SetIsUpdating(DependencyObject dp, bool value)”中的形参“dp”可能传入 null 引用实参。 [D:\C#\VM\UI\Controls\UI_rmldqqz1_wpftmp.csproj]
D:\C#\VM\UI\Controls\Core\MarkupCommandBase.cs(61,34): warning CS8618: 在退出构造函数时，不可为 null 的 字段 "_serviceProvider" 必须包含非 null 值。请考虑添加 "required" 修饰符或将该 字段 声明为可为 null。 [D:\C#\VM\UI\Controls\UI_rmldqqz1_wpftmp.csproj]
D:\C#\VM\UI\Controls\Core\MarkupCommandBase.cs(72,50): warning CS8618: 在退出构造函数时，不可为 null 的 事件 "PropertyChanged" 必须包含非 null 值。请考虑添加 "required" 修饰符或将该 事件 声明为可为 null。 [D:\C#\VM\UI\Controls\UI_rmldqqz1_wpftmp.csproj]
D:\C#\VM\UI\Controls\Converters\UniversalValueConverter.cs(30,20): warning CS8603: 可能返回 null 引用。 [D:\C#\VM\UI\Controls\UI_rmldqqz1_wpftmp.csproj]
D:\C#\VM\UI\Controls\AttachedProperties\IconHelper.cs(81,20): warning CS8603: 可能返回 null 引用。 [D:\C#\VM\UI\Controls\UI_rmldqqz1_wpftmp.csproj]
D:\C#\VM\UI\Controls\Core\ElementExtention.cs(84,35): warning CS8600: 将 null 文本或可能的 null 值转换为不可为 null 类型。 [D:\C#\VM\UI\Controls\UI_rmldqqz1_wpftmp.csproj]
D:\C#\VM\UI\Controls\Core\ElementExtention.cs(96,20): warning CS8603: 可能返回 null 引用。 [D:\C#\VM\UI\Controls\UI_rmldqqz1_wpftmp.csproj]
D:\C#\VM\UI\Controls\Helper\ControlBindHelper.cs(28,43): warning CS8604: “FieldInfo? Type.GetField(string name)”中的形参“name”可能传入 null 引用实参。 [D:\C#\VM\UI\Controls\UI_rmldqqz1_wpftmp.csproj]
D:\C#\VM\UI\Controls\Helper\ControlBindHelper.cs(30,46): warning CS8604: “Attribute? Attribute.GetCustomAttribute(MemberInfo element, Type attributeType)”中的形参“element”可能传入 null 引用实参。 [D:\C#\VM\UI\Controls\UI_rmldqqz1_wpftmp.csproj]
D:\C#\VM\UI\Controls\Helper\ControlBindHelper.cs(29,31): warning CS8600: 将 null 文本或可能的 null 值转换为不可为 null 类型。 [D:\C#\VM\UI\Controls\UI_rmldqqz1_wpftmp.csproj]
D:\C#\VM\UI\Controls\Helper\ControlBindHelper.cs(31,20): warning CS8603: 可能返回 null 引用。 [D:\C#\VM\UI\Controls\UI_rmldqqz1_wpftmp.csproj]
D:\C#\VM\UI\Controls\Converters\TypeNameToFriendlyNameConverter.cs(22,35): warning CS8600: 将 null 文本或可能的 null 值转换为不可为 null 类型。 [D:\C#\VM\UI\Controls\UI_rmldqqz1_wpftmp.csproj]
D:\C#\VM\UI\Controls\CustomControl\AlarmBar.cs(61,26): warning CS8601: 可能的 null 引用赋值。 [D:\C#\VM\UI\Controls\UI_rmldqqz1_wpftmp.csproj]
D:\C#\VM\UI\Controls\CustomControl\AlarmBar.cs(62,26): warning CS8601: 可能的 null 引用赋值。 [D:\C#\VM\UI\Controls\UI_rmldqqz1_wpftmp.csproj]
D:\C#\VM\UI\Controls\CustomControl\AlarmBar.cs(65,44): warning CS8622: “void AlarmBar.OnRendering(object sender, EventArgs e)”的参数“sender”类型中引用类型的为 Null 性与目标委托“EventHandler”不匹配(可能是由于为 Null 性特性)。 [D:\C#\VM\UI\Controls\UI_rmldqqz1_wpftmp.csproj]
D:\C#\VM\UI\Controls\CustomControl\AlarmBar.cs(66,44): warning CS8622: “void AlarmBar.OnRendering(object sender, EventArgs e)”的参数“sender”类型中引用类型的为 Null 性与目标委托“EventHandler”不匹配(可能是由于为 Null 性特性)。 [D:\C#\VM\UI\Controls\UI_rmldqqz1_wpftmp.csproj]
D:\C#\VM\UI\Controls\CustomControl\Message\Notifier.cs(17,23): warning CS8618: 在退出构造函数时，不可为 null 的 属性 "Message" 必须包含非 null 值。请考虑添加 "required" 修饰符或将该 属性 声明为可为 null。 [D:\C#\VM\UI\Controls\UI_rmldqqz1_wpftmp.csproj]
D:\C#\VM\UI\Controls\CustomControl\Message\Notifier.cs(19,23): warning CS8618: 在退出构造函数时，不可为 null 的 属性 "IconPath" 必须包含非 null 值。请考虑添加 "required" 修饰符或将该 属性 声明为可为 null。 [D:\C#\VM\UI\Controls\UI_rmldqqz1_wpftmp.csproj]
D:\C#\VM\UI\Controls\CustomControl\Message\Notifier.cs(20,22): warning CS8618: 在退出构造函数时，不可为 null 的 属性 "IconColor" 必须包含非 null 值。请考虑添加 "required" 修饰符或将该 属性 声明为可为 null。 [D:\C#\VM\UI\Controls\UI_rmldqqz1_wpftmp.csproj]
D:\C#\VM\UI\Controls\Converters\TypeNameToFriendlyNameConverter.cs(40,31): warning CS8600: 将 null 文本或可能的 null 值转换为不可为 null 类型。 [D:\C#\VM\UI\Controls\UI_rmldqqz1_wpftmp.csproj]
D:\C#\VM\UI\Controls\Converters\TypeNameToFriendlyNameConverter.cs(49,32): warning CS8602: 解引用可能出现空引用。 [D:\C#\VM\UI\Controls\UI_rmldqqz1_wpftmp.csproj]
D:\C#\VM\UI\Controls\Core\ElementExtention.cs(106,35): warning CS8600: 将 null 文本或可能的 null 值转换为不可为 null 类型。 [D:\C#\VM\UI\Controls\UI_rmldqqz1_wpftmp.csproj]
D:\C#\VM\UI\Controls\Core\ElementExtention.cs(112,55): warning CS8604: “IEnumerable<T> ElementExtention.GetChildren<T>(DependencyObject p_element, Func<T, bool> p_func = null, bool filterContain = false)”中的形参“p_func”可能传入 null 引用实参。 [D:\C#\VM\UI\Controls\UI_rmldqqz1_wpftmp.csproj]
D:\C#\VM\UI\Controls\Core\ElementExtention.cs(125,55): warning CS8604: “IEnumerable<T> ElementExtention.GetChildren<T>(DependencyObject p_element, Func<T, bool> p_func = null, bool filterContain = false)”中的形参“p_func”可能传入 null 引用实参。 [D:\C#\VM\UI\Controls\UI_rmldqqz1_wpftmp.csproj]
D:\C#\VM\UI\Controls\Behaviors\TreeViewBehavior.cs(203,20): warning CS8603: 可能返回 null 引用。 [D:\C#\VM\UI\Controls\UI_rmldqqz1_wpftmp.csproj]
D:\C#\VM\UI\Controls\Core\ElementExtention.cs(136,41): warning CS8603: 可能返回 null 引用。 [D:\C#\VM\UI\Controls\UI_rmldqqz1_wpftmp.csproj]
D:\C#\VM\UI\Controls\Core\ElementExtention.cs(153,20): warning CS8603: 可能返回 null 引用。 [D:\C#\VM\UI\Controls\UI_rmldqqz1_wpftmp.csproj]
D:\C#\VM\UI\Controls\CustomControl\AlarmBar.cs(22,36): warning CS8618: 在退出构造函数时，不可为 null 的 字段 "_translate" 必须包含非 null 值。请考虑添加 "required" 修饰符或将该 字段 声明为可为 null。 [D:\C#\VM\UI\Controls\UI_rmldqqz1_wpftmp.csproj]
D:\C#\VM\UI\Controls\CustomControl\AlarmBar.cs(23,34): warning CS8618: 在退出构造函数时，不可为 null 的 字段 "_itemsHost" 必须包含非 null 值。请考虑添加 "required" 修饰符或将该 字段 声明为可为 null。 [D:\C#\VM\UI\Controls\UI_rmldqqz1_wpftmp.csproj]
D:\C#\VM\UI\Controls\CustomControl\Message\OverlayHost.xaml.cs(23,37): warning CS8618: 在退出构造函数时，不可为 null 的 属性 "Instance" 必须包含非 null 值。请考虑添加 "required" 修饰符或将该 属性 声明为可为 null。 [D:\C#\VM\UI\Controls\UI_rmldqqz1_wpftmp.csproj]
D:\C#\VM\UI\Controls\Core\ElementExtention.cs(161,41): warning CS8603: 可能返回 null 引用。 [D:\C#\VM\UI\Controls\UI_rmldqqz1_wpftmp.csproj]
D:\C#\VM\UI\Controls\Core\ElementExtention.cs(163,65): warning CS8604: “bool Func<T, bool>.Invoke(T arg)”中的形参“arg”可能传入 null 引用实参。 [D:\C#\VM\UI\Controls\UI_rmldqqz1_wpftmp.csproj]
D:\C#\VM\UI\Controls\Core\ElementExtention.cs(177,20): warning CS8603: 可能返回 null 引用。 [D:\C#\VM\UI\Controls\UI_rmldqqz1_wpftmp.csproj]
D:\C#\VM\UI\Controls\Core\ElementExtention.cs(188,24): warning CS8603: 可能返回 null 引用。 [D:\C#\VM\UI\Controls\UI_rmldqqz1_wpftmp.csproj]
D:\C#\VM\UI\Controls\Core\ElementExtention.cs(189,20): warning CS8603: 可能返回 null 引用。 [D:\C#\VM\UI\Controls\UI_rmldqqz1_wpftmp.csproj]
D:\C#\VM\UI\Controls\CustomControl\DialogArrayEditor.xaml.cs(106,20): warning CS8601: 可能的 null 引用赋值。 [D:\C#\VM\UI\Controls\UI_rmldqqz1_wpftmp.csproj]
D:\C#\VM\UI\Controls\Core\ElementExtention.cs(209,32): warning CS8604: “T ElementExtention.GetElement<T>(DependencyObject element)”中的形参“element”可能传入 null 引用实参。 [D:\C#\VM\UI\Controls\UI_rmldqqz1_wpftmp.csproj]
D:\C#\VM\UI\Controls\Core\ElementExtention.cs(215,29): warning CS8604: “T ElementExtention.GetElement<T>(DependencyObject element)”中的形参“element”可能传入 null 引用实参。 [D:\C#\VM\UI\Controls\UI_rmldqqz1_wpftmp.csproj]
D:\C#\VM\UI\Controls\Core\ElementExtention.cs(217,20): warning CS8603: 可能返回 null 引用。 [D:\C#\VM\UI\Controls\UI_rmldqqz1_wpftmp.csproj]
D:\C#\VM\UI\Controls\CustomControl\LogConsole.cs(117,29): warning CS8601: 可能的 null 引用赋值。 [D:\C#\VM\UI\Controls\UI_rmldqqz1_wpftmp.csproj]
D:\C#\VM\UI\Controls\Core\ElementExtention.cs(230,41): warning CS8604: “IEnumerable<T> ElementExtention.GetElements<T>(DependencyObject element)”中的形参“element”可能传入 null 引用实参。 [D:\C#\VM\UI\Controls\UI_rmldqqz1_wpftmp.csproj]
D:\C#\VM\UI\Controls\Core\ElementExtention.cs(238,41): warning CS8604: “IEnumerable<T> ElementExtention.GetElements<T>(DependencyObject element)”中的形参“element”可能传入 null 引用实参。 [D:\C#\VM\UI\Controls\UI_rmldqqz1_wpftmp.csproj]
D:\C#\VM\UI\Controls\Core\ElementExtention.cs(253,38): warning CS8603: 可能返回 null 引用。 [D:\C#\VM\UI\Controls\UI_rmldqqz1_wpftmp.csproj]
D:\C#\VM\UI\Controls\Core\ElementExtention.cs(255,20): warning CS8603: 可能返回 null 引用。 [D:\C#\VM\UI\Controls\UI_rmldqqz1_wpftmp.csproj]
D:\C#\VM\UI\Controls\Core\ElementExtention.cs(263,20): warning CS8603: 可能返回 null 引用。 [D:\C#\VM\UI\Controls\UI_rmldqqz1_wpftmp.csproj]
D:\C#\VM\UI\Controls\CustomControl\LogConsole.cs(20,30): warning CS8618: 在退出构造函数时，不可为 null 的 字段 "_scrollViewer" 必须包含非 null 值。请考虑添加 "required" 修饰符或将该 字段 声明为可为 null。 [D:\C#\VM\UI\Controls\UI_rmldqqz1_wpftmp.csproj]
D:\C#\VM\UI\Controls\CustomControl\LogConsole.cs(21,33): warning CS8618: 在退出构造函数时，不可为 null 的 字段 "_collectionView" 必须包含非 null 值。请考虑添加 "required" 修饰符或将该 字段 声明为可为 null。 [D:\C#\VM\UI\Controls\UI_rmldqqz1_wpftmp.csproj]
D:\C#\VM\UI\Controls\Core\ElementExtention.cs(308,39): warning CS8604: “IEnumerable<T> ElementExtention.FindAllVisualChild<T>(DependencyObject obj, Predicate<T> match)”中的形参“obj”可能传入 null 引用实参。 [D:\C#\VM\UI\Controls\UI_rmldqqz1_wpftmp.csproj]
D:\C#\VM\UI\Controls\Core\ElementExtention.cs(352,24): warning CS8603: 可能返回 null 引用。 [D:\C#\VM\UI\Controls\UI_rmldqqz1_wpftmp.csproj]
D:\C#\VM\UI\Controls\Core\ElementExtention.cs(366,20): warning CS8603: 可能返回 null 引用。 [D:\C#\VM\UI\Controls\UI_rmldqqz1_wpftmp.csproj]
D:\C#\VM\UI\Controls\Core\ElementExtention.cs(408,39): warning CS8603: 可能返回 null 引用。 [D:\C#\VM\UI\Controls\UI_rmldqqz1_wpftmp.csproj]
D:\C#\VM\UI\Controls\Core\ElementExtention.cs(409,20): warning CS8603: 可能返回 null 引用。 [D:\C#\VM\UI\Controls\UI_rmldqqz1_wpftmp.csproj]
D:\C#\VM\UI\Controls\Core\ElementExtention.cs(415,20): warning CS8603: 可能返回 null 引用。 [D:\C#\VM\UI\Controls\UI_rmldqqz1_wpftmp.csproj]
D:\C#\VM\UI\Controls\Core\ElementExtention.cs(453,24): warning CS8600: 将 null 文本或可能的 null 值转换为不可为 null 类型。 [D:\C#\VM\UI\Controls\UI_rmldqqz1_wpftmp.csproj]
D:\C#\VM\UI\Controls\Core\ElementExtention.cs(480,20): warning CS8603: 可能返回 null 引用。 [D:\C#\VM\UI\Controls\UI_rmldqqz1_wpftmp.csproj]
D:\C#\VM\UI\Controls\Core\ElementExtention.cs(487,20): warning CS8603: 可能返回 null 引用。 [D:\C#\VM\UI\Controls\UI_rmldqqz1_wpftmp.csproj]
D:\C#\VM\UI\Controls\Core\ElementExtention.cs(493,24): warning CS8600: 将 null 文本或可能的 null 值转换为不可为 null 类型。 [D:\C#\VM\UI\Controls\UI_rmldqqz1_wpftmp.csproj]
D:\C#\VM\UI\Controls\Core\ElementExtention.cs(519,20): warning CS8603: 可能返回 null 引用。 [D:\C#\VM\UI\Controls\UI_rmldqqz1_wpftmp.csproj]
D:\C#\VM\UI\Controls\Core\ElementExtention.cs(529,20): warning CS8603: 可能返回 null 引用。 [D:\C#\VM\UI\Controls\UI_rmldqqz1_wpftmp.csproj]
D:\C#\VM\UI\Controls\Core\ElementExtention.cs(538,20): warning CS8603: 可能返回 null 引用。 [D:\C#\VM\UI\Controls\UI_rmldqqz1_wpftmp.csproj]
D:\C#\VM\UI\Controls\Core\ElementExtention.cs(545,20): warning CS8603: 可能返回 null 引用。 [D:\C#\VM\UI\Controls\UI_rmldqqz1_wpftmp.csproj]
D:\C#\VM\UI\Controls\Core\ElementExtention.cs(561,28): warning CS8603: 可能返回 null 引用。 [D:\C#\VM\UI\Controls\UI_rmldqqz1_wpftmp.csproj]
D:\C#\VM\UI\Controls\Core\MarkupCommandBase.cs(28,29): warning CS8767: “bool MarkupCommandBase.CanExecute(object parameter)”的参数“parameter”类型中引用类型的为 Null 性与隐式实现的成员“bool ICommand.CanExecute(object? parameter)”不匹配(可能是由于为 Null 性特性)。 [D:\C#\VM\UI\Controls\UI.csproj]
D:\C#\VM\UI\Controls\Core\MarkupCommandBase.cs(32,30): warning CS8767: “void MarkupCommandBase.Execute(object parameter)”的参数“parameter”类型中引用类型的为 Null 性与隐式实现的成员“void ICommand.Execute(object? parameter)”不匹配(可能是由于为 Null 性特性)。 [D:\C#\VM\UI\Controls\UI.csproj]
D:\C#\VM\UI\Controls\Core\MarkupCommandBase.cs(17,35): warning CS8612: “event EventHandler MarkupCommandBase.CanExecuteChanged”的类型中引用类型的为 Null 性与隐式实现的成员“event EventHandler? ICommand.CanExecuteChanged”不匹配。 [D:\C#\VM\UI\Controls\UI.csproj]
D:\C#\VM\UI\Controls\Core\MarkupCommandBase.cs(72,50): warning CS8612: “event PropertyChangedEventHandler MarkupCommandBase.PropertyChanged”的类型中引用类型的为 Null 性与隐式实现的成员“event PropertyChangedEventHandler? INotifyPropertyChanged.PropertyChanged”不匹配。 [D:\C#\VM\UI\Controls\UI.csproj]
D:\C#\VM\UI\Controls\Core\ObservableObject.cs(11,50): warning CS8612: “event PropertyChangedEventHandler ObservableObject.PropertyChanged”的类型中引用类型的为 Null 性与隐式实现的成员“event PropertyChangedEventHandler? INotifyPropertyChanged.PropertyChanged”不匹配。 [D:\C#\VM\UI\Controls\UI.csproj]
D:\C#\VM\UI\Controls\Core\ElementExtention.cs(80,93): warning CS8625: 无法将 null 字面量转换为非 null 的引用类型。 [D:\C#\VM\UI\Controls\UI.csproj]
D:\C#\VM\UI\Controls\Core\ElementExtention.cs(102,109): warning CS8625: 无法将 null 字面量转换为非 null 的引用类型。 [D:\C#\VM\UI\Controls\UI.csproj]
D:\C#\VM\UI\Controls\Core\ElementExtention.cs(405,111): warning CS8625: 无法将 null 字面量转换为非 null 的引用类型。 [D:\C#\VM\UI\Controls\UI.csproj]
D:\C#\VM\UI\Controls\Core\ElementExtention.cs(413,97): warning CS8625: 无法将 null 字面量转换为非 null 的引用类型。 [D:\C#\VM\UI\Controls\UI.csproj]
D:\C#\VM\UI\Controls\Core\ElementExtention.cs(428,96): warning CS8625: 无法将 null 字面量转换为非 null 的引用类型。 [D:\C#\VM\UI\Controls\UI.csproj]
D:\C#\VM\UI\Controls\Core\ElementExtention.cs(451,98): warning CS8625: 无法将 null 字面量转换为非 null 的引用类型。 [D:\C#\VM\UI\Controls\UI.csproj]
D:\C#\VM\UI\Controls\Core\ElementExtention.cs(491,104): warning CS8625: 无法将 null 字面量转换为非 null 的引用类型。 [D:\C#\VM\UI\Controls\UI.csproj]
D:\C#\VM\UI\Controls\Core\ObservableObject.cs(17,91): warning CS8625: 无法将 null 字面量转换为非 null 的引用类型。 [D:\C#\VM\UI\Controls\UI.csproj]
D:\C#\VM\UI\Controls\Core\ObservableObject.cs(30,112): warning CS8625: 无法将 null 字面量转换为非 null 的引用类型。 [D:\C#\VM\UI\Controls\UI.csproj]
D:\C#\VM\UI\Controls\Models\PropertyItem.cs(83,50): warning CS8612: “event PropertyChangedEventHandler PropertyItem.PropertyChanged”的类型中引用类型的为 Null 性与隐式实现的成员“event PropertyChangedEventHandler? INotifyPropertyChanged.PropertyChanged”不匹配。 [D:\C#\VM\UI\Controls\UI.csproj]
D:\C#\VM\UI\Controls\Core\ObservableObject.cs(11,50): warning CS8618: 在退出构造函数时，不可为 null 的 事件 "PropertyChanged" 必须包含非 null 值。请考虑添加 "required" 修饰符或将该 事件 声明为可为 null。 [D:\C#\VM\UI\Controls\UI.csproj]
D:\C#\VM\UI\Controls\Converters\UniversalValueConverter.cs(30,20): warning CS8603: 可能返回 null 引用。 [D:\C#\VM\UI\Controls\UI.csproj]
D:\C#\VM\UI\Controls\Models\PropertyItem.cs(41,27): warning CS8601: 可能的 null 引用赋值。 [D:\C#\VM\UI\Controls\UI.csproj]
D:\C#\VM\UI\Controls\Models\PropertyItem.cs(46,31): warning CS8601: 可能的 null 引用赋值。 [D:\C#\VM\UI\Controls\UI.csproj]
D:\C#\VM\UI\Controls\Models\PropertyItem.cs(49,24): warning CS8601: 可能的 null 引用赋值。 [D:\C#\VM\UI\Controls\UI.csproj]
D:\C#\VM\UI\Controls\Models\PropertyItem.cs(33,16): warning CS8618: 在退出构造函数时，不可为 null 的 属性 "Description" 必须包含非 null 值。请考虑添加 "required" 修饰符或将该 属性 声明为可为 null。 [D:\C#\VM\UI\Controls\UI.csproj]
D:\C#\VM\UI\Controls\Models\PropertyItem.cs(33,16): warning CS8618: 在退出构造函数时，不可为 null 的 属性 "BrowseAttribute" 必须包含非 null 值。请考虑添加 "required" 修饰符或将该 属性 声明为可为 null。 [D:\C#\VM\UI\Controls\UI.csproj]
D:\C#\VM\UI\Controls\Models\PropertyItem.cs(33,16): warning CS8618: 在退出构造函数时，不可为 null 的 属性 "IconCode" 必须包含非 null 值。请考虑添加 "required" 修饰符或将该 属性 声明为可为 null。 [D:\C#\VM\UI\Controls\UI.csproj]
D:\C#\VM\UI\Controls\Models\PropertyItem.cs(33,16): warning CS8618: 在退出构造函数时，不可为 null 的 属性 "EditorKey" 必须包含非 null 值。请考虑添加 "required" 修饰符或将该 属性 声明为可为 null。 [D:\C#\VM\UI\Controls\UI.csproj]
D:\C#\VM\UI\Controls\Models\PropertyItem.cs(33,16): warning CS8618: 在退出构造函数时，不可为 null 的 事件 "PropertyChanged" 必须包含非 null 值。请考虑添加 "required" 修饰符或将该 事件 声明为可为 null。 [D:\C#\VM\UI\Controls\UI.csproj]
D:\C#\VM\UI\Controls\Converters\TypeNameToFriendlyNameConverter.cs(22,35): warning CS8600: 将 null 文本或可能的 null 值转换为不可为 null 类型。 [D:\C#\VM\UI\Controls\UI.csproj]
D:\C#\VM\UI\Controls\AttachedProperties\PasswordBoxHelper.cs(67,39): warning CS8600: 将 null 文本或可能的 null 值转换为不可为 null 类型。 [D:\C#\VM\UI\Controls\UI.csproj]
D:\C#\VM\UI\Controls\AttachedProperties\PasswordBoxHelper.cs(68,27): warning CS8604: “void PasswordBoxHelper.SetIsUpdating(DependencyObject dp, bool value)”中的形参“dp”可能传入 null 引用实参。 [D:\C#\VM\UI\Controls\UI.csproj]
D:\C#\VM\UI\Controls\Helper\ControlBindHelper.cs(28,43): warning CS8604: “FieldInfo? Type.GetField(string name)”中的形参“name”可能传入 null 引用实参。 [D:\C#\VM\UI\Controls\UI.csproj]
D:\C#\VM\UI\Controls\Helper\ControlBindHelper.cs(30,46): warning CS8604: “Attribute? Attribute.GetCustomAttribute(MemberInfo element, Type attributeType)”中的形参“element”可能传入 null 引用实参。 [D:\C#\VM\UI\Controls\UI.csproj]
D:\C#\VM\UI\Controls\Helper\ControlBindHelper.cs(29,31): warning CS8600: 将 null 文本或可能的 null 值转换为不可为 null 类型。 [D:\C#\VM\UI\Controls\UI.csproj]
D:\C#\VM\UI\Controls\Helper\ControlBindHelper.cs(31,20): warning CS8603: 可能返回 null 引用。 [D:\C#\VM\UI\Controls\UI.csproj]
D:\C#\VM\UI\Controls\Converters\TypeNameToFriendlyNameConverter.cs(40,31): warning CS8600: 将 null 文本或可能的 null 值转换为不可为 null 类型。 [D:\C#\VM\UI\Controls\UI.csproj]
D:\C#\VM\UI\Controls\Converters\TypeNameToFriendlyNameConverter.cs(49,32): warning CS8602: 解引用可能出现空引用。 [D:\C#\VM\UI\Controls\UI.csproj]
D:\C#\VM\UI\Controls\Core\MarkupCommandBase.cs(38,20): warning CS8603: 可能返回 null 引用。 [D:\C#\VM\UI\Controls\UI.csproj]
D:\C#\VM\UI\Controls\Core\MarkupCommandBase.cs(45,24): warning CS8603: 可能返回 null 引用。 [D:\C#\VM\UI\Controls\UI.csproj]
D:\C#\VM\UI\Controls\Core\MarkupCommandBase.cs(39,13): warning CS0162: 检测到无法访问的代码 [D:\C#\VM\UI\Controls\UI.csproj]
D:\C#\VM\UI\Controls\Core\MarkupCommandBase.cs(62,49): warning CS8603: 可能返回 null 引用。 [D:\C#\VM\UI\Controls\UI.csproj]
D:\C#\VM\UI\Controls\Models\PropertyItem.cs(66,20): warning CS8603: 可能返回 null 引用。 [D:\C#\VM\UI\Controls\UI.csproj]
D:\C#\VM\UI\Controls\Core\MarkupCommandBase.cs(61,34): warning CS8618: 在退出构造函数时，不可为 null 的 字段 "_serviceProvider" 必须包含非 null 值。请考虑添加 "required" 修饰符或将该 字段 声明为可为 null。 [D:\C#\VM\UI\Controls\UI.csproj]
D:\C#\VM\UI\Controls\Core\MarkupCommandBase.cs(72,50): warning CS8618: 在退出构造函数时，不可为 null 的 事件 "PropertyChanged" 必须包含非 null 值。请考虑添加 "required" 修饰符或将该 事件 声明为可为 null。 [D:\C#\VM\UI\Controls\UI.csproj]
D:\C#\VM\UI\Controls\AttachedProperties\IconHelper.cs(81,20): warning CS8603: 可能返回 null 引用。 [D:\C#\VM\UI\Controls\UI.csproj]
D:\C#\VM\UI\Controls\Core\ElementExtention.cs(84,35): warning CS8600: 将 null 文本或可能的 null 值转换为不可为 null 类型。 [D:\C#\VM\UI\Controls\UI.csproj]
D:\C#\VM\UI\Controls\Core\ElementExtention.cs(96,20): warning CS8603: 可能返回 null 引用。 [D:\C#\VM\UI\Controls\UI.csproj]
D:\C#\VM\UI\Controls\CustomControl\AlarmBar.cs(61,26): warning CS8601: 可能的 null 引用赋值。 [D:\C#\VM\UI\Controls\UI.csproj]
D:\C#\VM\UI\Controls\CustomControl\AlarmBar.cs(62,26): warning CS8601: 可能的 null 引用赋值。 [D:\C#\VM\UI\Controls\UI.csproj]
D:\C#\VM\UI\Controls\CustomControl\AlarmBar.cs(65,44): warning CS8622: “void AlarmBar.OnRendering(object sender, EventArgs e)”的参数“sender”类型中引用类型的为 Null 性与目标委托“EventHandler”不匹配(可能是由于为 Null 性特性)。 [D:\C#\VM\UI\Controls\UI.csproj]
D:\C#\VM\UI\Controls\CustomControl\AlarmBar.cs(66,44): warning CS8622: “void AlarmBar.OnRendering(object sender, EventArgs e)”的参数“sender”类型中引用类型的为 Null 性与目标委托“EventHandler”不匹配(可能是由于为 Null 性特性)。 [D:\C#\VM\UI\Controls\UI.csproj]
D:\C#\VM\UI\Controls\CustomControl\Message\Notifier.cs(17,23): warning CS8618: 在退出构造函数时，不可为 null 的 属性 "Message" 必须包含非 null 值。请考虑添加 "required" 修饰符或将该 属性 声明为可为 null。 [D:\C#\VM\UI\Controls\UI.csproj]
D:\C#\VM\UI\Controls\CustomControl\Message\Notifier.cs(19,23): warning CS8618: 在退出构造函数时，不可为 null 的 属性 "IconPath" 必须包含非 null 值。请考虑添加 "required" 修饰符或将该 属性 声明为可为 null。 [D:\C#\VM\UI\Controls\UI.csproj]
D:\C#\VM\UI\Controls\CustomControl\Message\Notifier.cs(20,22): warning CS8618: 在退出构造函数时，不可为 null 的 属性 "IconColor" 必须包含非 null 值。请考虑添加 "required" 修饰符或将该 属性 声明为可为 null。 [D:\C#\VM\UI\Controls\UI.csproj]
D:\C#\VM\UI\Controls\CustomControl\DialogArrayEditor.xaml.cs(106,20): warning CS8601: 可能的 null 引用赋值。 [D:\C#\VM\UI\Controls\UI.csproj]
D:\C#\VM\UI\Controls\Core\ElementExtention.cs(106,35): warning CS8600: 将 null 文本或可能的 null 值转换为不可为 null 类型。 [D:\C#\VM\UI\Controls\UI.csproj]
D:\C#\VM\UI\Controls\Core\ElementExtention.cs(112,55): warning CS8604: “IEnumerable<T> ElementExtention.GetChildren<T>(DependencyObject p_element, Func<T, bool> p_func = null, bool filterContain = false)”中的形参“p_func”可能传入 null 引用实参。 [D:\C#\VM\UI\Controls\UI.csproj]
D:\C#\VM\UI\Controls\Core\ElementExtention.cs(125,55): warning CS8604: “IEnumerable<T> ElementExtention.GetChildren<T>(DependencyObject p_element, Func<T, bool> p_func = null, bool filterContain = false)”中的形参“p_func”可能传入 null 引用实参。 [D:\C#\VM\UI\Controls\UI.csproj]
D:\C#\VM\UI\Controls\CustomControl\AlarmBar.cs(22,36): warning CS8618: 在退出构造函数时，不可为 null 的 字段 "_translate" 必须包含非 null 值。请考虑添加 "required" 修饰符或将该 字段 声明为可为 null。 [D:\C#\VM\UI\Controls\UI.csproj]
D:\C#\VM\UI\Controls\CustomControl\AlarmBar.cs(23,34): warning CS8618: 在退出构造函数时，不可为 null 的 字段 "_itemsHost" 必须包含非 null 值。请考虑添加 "required" 修饰符或将该 字段 声明为可为 null。 [D:\C#\VM\UI\Controls\UI.csproj]
D:\C#\VM\UI\Controls\Core\ElementExtention.cs(136,41): warning CS8603: 可能返回 null 引用。 [D:\C#\VM\UI\Controls\UI.csproj]
D:\C#\VM\UI\Controls\Core\ElementExtention.cs(153,20): warning CS8603: 可能返回 null 引用。 [D:\C#\VM\UI\Controls\UI.csproj]
D:\C#\VM\UI\Controls\CustomControl\LogConsole.cs(117,29): warning CS8601: 可能的 null 引用赋值。 [D:\C#\VM\UI\Controls\UI.csproj]
D:\C#\VM\UI\Controls\CustomControl\LogConsole.cs(20,30): warning CS8618: 在退出构造函数时，不可为 null 的 字段 "_scrollViewer" 必须包含非 null 值。请考虑添加 "required" 修饰符或将该 字段 声明为可为 null。 [D:\C#\VM\UI\Controls\UI.csproj]
D:\C#\VM\UI\Controls\CustomControl\LogConsole.cs(21,33): warning CS8618: 在退出构造函数时，不可为 null 的 字段 "_collectionView" 必须包含非 null 值。请考虑添加 "required" 修饰符或将该 字段 声明为可为 null。 [D:\C#\VM\UI\Controls\UI.csproj]
D:\C#\VM\UI\Controls\Core\ElementExtention.cs(161,41): warning CS8603: 可能返回 null 引用。 [D:\C#\VM\UI\Controls\UI.csproj]
D:\C#\VM\UI\Controls\Core\ElementExtention.cs(163,65): warning CS8604: “bool Func<T, bool>.Invoke(T arg)”中的形参“arg”可能传入 null 引用实参。 [D:\C#\VM\UI\Controls\UI.csproj]
D:\C#\VM\UI\Controls\Core\ElementExtention.cs(177,20): warning CS8603: 可能返回 null 引用。 [D:\C#\VM\UI\Controls\UI.csproj]
D:\C#\VM\UI\Controls\Core\ElementExtention.cs(188,24): warning CS8603: 可能返回 null 引用。 [D:\C#\VM\UI\Controls\UI.csproj]
D:\C#\VM\UI\Controls\Core\ElementExtention.cs(189,20): warning CS8603: 可能返回 null 引用。 [D:\C#\VM\UI\Controls\UI.csproj]
D:\C#\VM\UI\Controls\CustomControl\Message\OverlayHost.xaml.cs(23,37): warning CS8618: 在退出构造函数时，不可为 null 的 属性 "Instance" 必须包含非 null 值。请考虑添加 "required" 修饰符或将该 属性 声明为可为 null。 [D:\C#\VM\UI\Controls\UI.csproj]
D:\C#\VM\UI\Controls\Core\ElementExtention.cs(209,32): warning CS8604: “T ElementExtention.GetElement<T>(DependencyObject element)”中的形参“element”可能传入 null 引用实参。 [D:\C#\VM\UI\Controls\UI.csproj]
D:\C#\VM\UI\Controls\Core\ElementExtention.cs(215,29): warning CS8604: “T ElementExtention.GetElement<T>(DependencyObject element)”中的形参“element”可能传入 null 引用实参。 [D:\C#\VM\UI\Controls\UI.csproj]
D:\C#\VM\UI\Controls\Core\ElementExtention.cs(217,20): warning CS8603: 可能返回 null 引用。 [D:\C#\VM\UI\Controls\UI.csproj]
D:\C#\VM\UI\Controls\Core\ElementExtention.cs(230,41): warning CS8604: “IEnumerable<T> ElementExtention.GetElements<T>(DependencyObject element)”中的形参“element”可能传入 null 引用实参。 [D:\C#\VM\UI\Controls\UI.csproj]
D:\C#\VM\UI\Controls\Core\ElementExtention.cs(238,41): warning CS8604: “IEnumerable<T> ElementExtention.GetElements<T>(DependencyObject element)”中的形参“element”可能传入 null 引用实参。 [D:\C#\VM\UI\Controls\UI.csproj]
D:\C#\VM\UI\Controls\Core\ElementExtention.cs(253,38): warning CS8603: 可能返回 null 引用。 [D:\C#\VM\UI\Controls\UI.csproj]
D:\C#\VM\UI\Controls\Core\ElementExtention.cs(255,20): warning CS8603: 可能返回 null 引用。 [D:\C#\VM\UI\Controls\UI.csproj]
D:\C#\VM\UI\Controls\Core\ElementExtention.cs(263,20): warning CS8603: 可能返回 null 引用。 [D:\C#\VM\UI\Controls\UI.csproj]
D:\C#\VM\UI\Controls\Behaviors\TreeViewBehavior.cs(203,20): warning CS8603: 可能返回 null 引用。 [D:\C#\VM\UI\Controls\UI.csproj]
D:\C#\VM\UI\Controls\Core\ElementExtention.cs(308,39): warning CS8604: “IEnumerable<T> ElementExtention.FindAllVisualChild<T>(DependencyObject obj, Predicate<T> match)”中的形参“obj”可能传入 null 引用实参。 [D:\C#\VM\UI\Controls\UI.csproj]
D:\C#\VM\UI\Controls\Core\ElementExtention.cs(352,24): warning CS8603: 可能返回 null 引用。 [D:\C#\VM\UI\Controls\UI.csproj]
D:\C#\VM\UI\Controls\Core\ElementExtention.cs(366,20): warning CS8603: 可能返回 null 引用。 [D:\C#\VM\UI\Controls\UI.csproj]
D:\C#\VM\UI\Controls\Core\ElementExtention.cs(408,39): warning CS8603: 可能返回 null 引用。 [D:\C#\VM\UI\Controls\UI.csproj]
D:\C#\VM\UI\Controls\Core\ElementExtention.cs(409,20): warning CS8603: 可能返回 null 引用。 [D:\C#\VM\UI\Controls\UI.csproj]
D:\C#\VM\UI\Controls\Core\ElementExtention.cs(415,20): warning CS8603: 可能返回 null 引用。 [D:\C#\VM\UI\Controls\UI.csproj]
D:\C#\VM\UI\Controls\Core\ElementExtention.cs(453,24): warning CS8600: 将 null 文本或可能的 null 值转换为不可为 null 类型。 [D:\C#\VM\UI\Controls\UI.csproj]
D:\C#\VM\UI\Controls\Core\ElementExtention.cs(480,20): warning CS8603: 可能返回 null 引用。 [D:\C#\VM\UI\Controls\UI.csproj]
D:\C#\VM\UI\Controls\Core\ElementExtention.cs(487,20): warning CS8603: 可能返回 null 引用。 [D:\C#\VM\UI\Controls\UI.csproj]
D:\C#\VM\UI\Controls\Core\ElementExtention.cs(493,24): warning CS8600: 将 null 文本或可能的 null 值转换为不可为 null 类型。 [D:\C#\VM\UI\Controls\UI.csproj]
D:\C#\VM\UI\Controls\Core\ElementExtention.cs(519,20): warning CS8603: 可能返回 null 引用。 [D:\C#\VM\UI\Controls\UI.csproj]
D:\C#\VM\UI\Controls\Core\ElementExtention.cs(529,20): warning CS8603: 可能返回 null 引用。 [D:\C#\VM\UI\Controls\UI.csproj]
D:\C#\VM\UI\Controls\Core\ElementExtention.cs(538,20): warning CS8603: 可能返回 null 引用。 [D:\C#\VM\UI\Controls\UI.csproj]
D:\C#\VM\UI\Controls\Core\ElementExtention.cs(545,20): warning CS8603: 可能返回 null 引用。 [D:\C#\VM\UI\Controls\UI.csproj]
D:\C#\VM\UI\Controls\Core\ElementExtention.cs(561,28): warning CS8603: 可能返回 null 引用。 [D:\C#\VM\UI\Controls\UI.csproj]
  UI -> D:\C#\VM\UI\Controls\bin\Debug\net9.0-windows\UI.dll
  Plugin.ImageAcquisition -> D:\C#\VM\Plugins\Plugin.ImageAcquisition\bin\Debug\net9.0-windows\Plugin.ImageAcquisition.dll

已成功生成。

D:\C#\VM\Shard\Core.Interfaces\Core\ObservableObject.cs(13,50): warning CS8612: “event PropertyChangedEventHandler ObservableObject.PropertyChanged”的类型中引用类型的为 Null 性与隐式实现的成员“event PropertyChangedEventHandler? INotifyPropertyChanged.PropertyChanged”不匹配。 [D:\C#\VM\Shard\Core.Interfaces\Core.Interfaces.csproj]
D:\C#\VM\Shard\Core.Interfaces\Core\ObservableObject.cs(19,91): warning CS8625: 无法将 null 字面量转换为非 null 的引用类型。 [D:\C#\VM\Shard\Core.Interfaces\Core.Interfaces.csproj]
D:\C#\VM\Shard\Core.Interfaces\Core\ObservableObject.cs(33,112): warning CS8625: 无法将 null 字面量转换为非 null 的引用类型。 [D:\C#\VM\Shard\Core.Interfaces\Core.Interfaces.csproj]
D:\C#\VM\Shard\Core.Interfaces\ObservableObject.cs(15,50): warning CS8612: “event PropertyChangedEventHandler ObservableObject.PropertyChanged”的类型中引用类型的为 Null 性与隐式实现的成员“event PropertyChangedEventHandler? INotifyPropertyChanged.PropertyChanged”不匹配。 [D:\C#\VM\Shard\Core.Interfaces\Core.Interfaces.csproj]
D:\C#\VM\Shard\Core.Interfaces\ObservableObject.cs(21,91): warning CS8625: 无法将 null 字面量转换为非 null 的引用类型。 [D:\C#\VM\Shard\Core.Interfaces\Core.Interfaces.csproj]
D:\C#\VM\Shard\Core.Interfaces\ObservableObject.cs(34,112): warning CS8625: 无法将 null 字面量转换为非 null 的引用类型。 [D:\C#\VM\Shard\Core.Interfaces\Core.Interfaces.csproj]
D:\C#\VM\Shard\Core.Interfaces\DataPort\OutputPort.cs(137,41): warning CS8625: 无法将 null 字面量转换为非 null 的引用类型。 [D:\C#\VM\Shard\Core.Interfaces\Core.Interfaces.csproj]
D:\C#\VM\Shard\Core.Interfaces\DataPort\Port.cs(86,51): warning CS8601: 可能的 null 引用赋值。 [D:\C#\VM\Shard\Core.Interfaces\Core.Interfaces.csproj]
D:\C#\VM\Shard\Core.Interfaces\DataPort\InputPort.cs(182,40): warning CS8625: 无法将 null 字面量转换为非 null 的引用类型。 [D:\C#\VM\Shard\Core.Interfaces\Core.Interfaces.csproj]
D:\C#\VM\Shard\Core.Interfaces\DataPort\InputPort.cs(182,63): warning CS8601: 可能的 null 引用赋值。 [D:\C#\VM\Shard\Core.Interfaces\Core.Interfaces.csproj]
D:\C#\VM\Shard\Core.Interfaces\Camera\CameraDeviceBase.cs(63,19): warning CS8618: 在退出构造函数时，不可为 null 的 事件 "StateChanged" 必须包含非 null 值。请考虑添加 "required" 修饰符或将该 事件 声明为可为 null。 [D:\C#\VM\Shard\Core.Interfaces\Core.Interfaces.csproj]
D:\C#\VM\Shard\Core.Interfaces\Camera\CameraFrame.cs(34,23): warning CS8618: 在退出构造函数时，不可为 null 的 属性 "PixelData" 必须包含非 null 值。请考虑添加 "required" 修饰符或将该 属性 声明为可为 null。 [D:\C#\VM\Shard\Core.Interfaces\Core.Interfaces.csproj]
D:\C#\VM\Shard\Core.Interfaces\VisionPluginBase.cs(165,30): warning CS8625: 无法将 null 字面量转换为非 null 的引用类型。 [D:\C#\VM\Shard\Core.Interfaces\Core.Interfaces.csproj]
D:\C#\VM\Shard\Core.Interfaces\VisionPluginBase.cs(223,33): warning CS8603: 可能返回 null 引用。 [D:\C#\VM\Shard\Core.Interfaces\Core.Interfaces.csproj]
D:\C#\VM\Shard\Core.Interfaces\Camera\CameraDeviceBase.cs(155,28): warning CS8600: 将 null 文本或可能的 null 值转换为不可为 null 类型。 [D:\C#\VM\Shard\Core.Interfaces\Core.Interfaces.csproj]
D:\C#\VM\Shard\Core.Interfaces\DataPort\InputPort.cs(98,20): warning CS8603: 可能返回 null 引用。 [D:\C#\VM\Shard\Core.Interfaces\Core.Interfaces.csproj]
D:\C#\VM\Shard\Core.Interfaces\Core\ObservableObject.cs(69,39): warning CS8604: “bool ObservableObject.ArraysAreEqual(Array array1, Array array2)”中的形参“array1”可能传入 null 引用实参。 [D:\C#\VM\Shard\Core.Interfaces\Core.Interfaces.csproj]
D:\C#\VM\Shard\Core.Interfaces\Core\ObservableObject.cs(69,58): warning CS8604: “bool ObservableObject.ArraysAreEqual(Array array1, Array array2)”中的形参“array2”可能传入 null 引用实参。 [D:\C#\VM\Shard\Core.Interfaces\Core.Interfaces.csproj]
D:\C#\VM\Shard\Core.Interfaces\DataPort\InputPort.cs(105,32): warning CS8600: 将 null 文本或可能的 null 值转换为不可为 null 类型。 [D:\C#\VM\Shard\Core.Interfaces\Core.Interfaces.csproj]
D:\C#\VM\Shard\Core.Interfaces\DataPort\InputPort.cs(118,37): warning CS8601: 可能的 null 引用赋值。 [D:\C#\VM\Shard\Core.Interfaces\Core.Interfaces.csproj]
D:\C#\VM\Shard\Core.Interfaces\Core\ObservableObject.cs(107,31): warning CS8600: 将 null 文本或可能的 null 值转换为不可为 null 类型。 [D:\C#\VM\Shard\Core.Interfaces\Core.Interfaces.csproj]
D:\C#\VM\Shard\Core.Interfaces\Core\ObservableObject.cs(108,31): warning CS8600: 将 null 文本或可能的 null 值转换为不可为 null 类型。 [D:\C#\VM\Shard\Core.Interfaces\Core.Interfaces.csproj]
D:\C#\VM\Shard\Core.Interfaces\Core\ObservableObject.cs(13,50): warning CS8618: 在退出构造函数时，不可为 null 的 事件 "PropertyChanged" 必须包含非 null 值。请考虑添加 "required" 修饰符或将该 事件 声明为可为 null。 [D:\C#\VM\Shard\Core.Interfaces\Core.Interfaces.csproj]
D:\C#\VM\Shard\Core.Interfaces\DataPort\InputPort.cs(144,51): warning CS8622: “void InputPort<T>.UpstreamValueChanged(object sender, EventArgs e)”的参数“sender”类型中引用类型的为 Null 性与目标委托“EventHandler”不匹配(可能是由于为 Null 性特性)。 [D:\C#\VM\Shard\Core.Interfaces\Core.Interfaces.csproj]
D:\C#\VM\Shard\Core.Interfaces\DataPort\InputPort.cs(148,33): warning CS8601: 可能的 null 引用赋值。 [D:\C#\VM\Shard\Core.Interfaces\Core.Interfaces.csproj]
D:\C#\VM\Shard\Core.Interfaces\DataPort\InputPort.cs(153,51): warning CS8622: “void InputPort<T>.UpstreamValueChanged(object sender, EventArgs e)”的参数“sender”类型中引用类型的为 Null 性与目标委托“EventHandler”不匹配(可能是由于为 Null 性特性)。 [D:\C#\VM\Shard\Core.Interfaces\Core.Interfaces.csproj]
D:\C#\VM\Shard\Core.Interfaces\DataPort\InputPort.cs(158,42): warning CS8601: 可能的 null 引用赋值。 [D:\C#\VM\Shard\Core.Interfaces\Core.Interfaces.csproj]
D:\C#\VM\Shard\Core.Interfaces\DataPort\InputPort.cs(182,16): warning CS8618: 在退出构造函数时，不可为 null 的 字段 "_cachedLinkedValue" 必须包含非 null 值。请考虑添加 "required" 修饰符或将该 字段 声明为可为 null。 [D:\C#\VM\Shard\Core.Interfaces\Core.Interfaces.csproj]
D:\C#\VM\Shard\Core.Interfaces\DataPort\InputPort.cs(182,16): warning CS8618: 在退出构造函数时，不可为 null 的 字段 "_linkedSource" 必须包含非 null 值。请考虑添加 "required" 修饰符或将该 字段 声明为可为 null。 [D:\C#\VM\Shard\Core.Interfaces\Core.Interfaces.csproj]
D:\C#\VM\Shard\Core.Interfaces\DataPort\InputPort.cs(182,16): warning CS8618: 在退出构造函数时，不可为 null 的 事件 "ValueChanged" 必须包含非 null 值。请考虑添加 "required" 修饰符或将该 事件 声明为可为 null。 [D:\C#\VM\Shard\Core.Interfaces\Core.Interfaces.csproj]
D:\C#\VM\Shard\Core.Interfaces\DataPort\InputPort.cs(196,20): warning CS8603: 可能返回 null 引用。 [D:\C#\VM\Shard\Core.Interfaces\Core.Interfaces.csproj]
D:\C#\VM\Shard\Core.Interfaces\DataPort\InputPort.cs(233,29): warning CS8601: 可能的 null 引用赋值。 [D:\C#\VM\Shard\Core.Interfaces\Core.Interfaces.csproj]
D:\C#\VM\Shard\Core.Interfaces\VisionPluginBase.cs(308,39): warning CS8603: 可能返回 null 引用。 [D:\C#\VM\Shard\Core.Interfaces\Core.Interfaces.csproj]
D:\C#\VM\Shard\Core.Interfaces\VisionPluginBase.cs(314,24): warning CS8603: 可能返回 null 引用。 [D:\C#\VM\Shard\Core.Interfaces\Core.Interfaces.csproj]
D:\C#\VM\Shard\Core.Interfaces\Camera\CameraDeviceBase.cs(235,28): warning CS8600: 将 null 文本或可能的 null 值转换为不可为 null 类型。 [D:\C#\VM\Shard\Core.Interfaces\Core.Interfaces.csproj]
D:\C#\VM\Shard\Core.Interfaces\DataPort\InputPort.cs(267,38): warning CS8601: 可能的 null 引用赋值。 [D:\C#\VM\Shard\Core.Interfaces\Core.Interfaces.csproj]
D:\C#\VM\Shard\Core.Interfaces\DataPort\InputPort.cs(298,24): warning CS8603: 可能返回 null 引用。 [D:\C#\VM\Shard\Core.Interfaces\Core.Interfaces.csproj]
D:\C#\VM\Shard\Core.Interfaces\DataPort\InputPort.cs(304,56): warning CS8604: “object ValueConverter.Convert(object rawValue, Type targetType)”中的形参“targetType”可能传入 null 引用实参。 [D:\C#\VM\Shard\Core.Interfaces\Core.Interfaces.csproj]
D:\C#\VM\Shard\Core.Interfaces\DataPort\OutputPort.cs(64,20): warning CS8603: 可能返回 null 引用。 [D:\C#\VM\Shard\Core.Interfaces\Core.Interfaces.csproj]
D:\C#\VM\Shard\Core.Interfaces\DataPort\Port.cs(58,20): warning CS8603: 可能返回 null 引用。 [D:\C#\VM\Shard\Core.Interfaces\Core.Interfaces.csproj]
D:\C#\VM\Shard\Core.Interfaces\DataPort\OutputPort.cs(72,32): warning CS8600: 将 null 文本或可能的 null 值转换为不可为 null 类型。 [D:\C#\VM\Shard\Core.Interfaces\Core.Interfaces.csproj]
D:\C#\VM\Shard\Core.Interfaces\DataPort\OutputPort.cs(87,42): warning CS8600: 将 null 文本或可能的 null 值转换为不可为 null 类型。 [D:\C#\VM\Shard\Core.Interfaces\Core.Interfaces.csproj]
D:\C#\VM\Shard\Core.Interfaces\DataPort\OutputPort.cs(89,29): warning CS8602: 解引用可能出现空引用。 [D:\C#\VM\Shard\Core.Interfaces\Core.Interfaces.csproj]
D:\C#\VM\Shard\Core.Interfaces\DataPort\OutputPort.cs(105,37): warning CS8601: 可能的 null 引用赋值。 [D:\C#\VM\Shard\Core.Interfaces\Core.Interfaces.csproj]
D:\C#\VM\Shard\Core.Interfaces\DataPort\OutputPort.cs(137,16): warning CS8618: 在退出构造函数时，不可为 null 的 事件 "ValueChanged" 必须包含非 null 值。请考虑添加 "required" 修饰符或将该 事件 声明为可为 null。 [D:\C#\VM\Shard\Core.Interfaces\Core.Interfaces.csproj]
D:\C#\VM\Shard\Core.Interfaces\DataPort\OutputPort.cs(137,16): warning CS8618: 在退出构造函数时，不可为 null 的 字段 "_typedValue" 必须包含非 null 值。请考虑添加 "required" 修饰符或将该 字段 声明为可为 null。 [D:\C#\VM\Shard\Core.Interfaces\Core.Interfaces.csproj]
D:\C#\VM\Shard\Core.Interfaces\DataPort\OutputPort.cs(149,16): warning CS8618: 在退出构造函数时，不可为 null 的 事件 "ValueChanged" 必须包含非 null 值。请考虑添加 "required" 修饰符或将该 事件 声明为可为 null。 [D:\C#\VM\Shard\Core.Interfaces\Core.Interfaces.csproj]
D:\C#\VM\Shard\Core.Interfaces\VisionPluginBase.cs(340,37): warning CS8600: 将 null 文本或可能的 null 值转换为不可为 null 类型。 [D:\C#\VM\Shard\Core.Interfaces\Core.Interfaces.csproj]
D:\C#\VM\Shard\Core.Interfaces\VisionPluginBase.cs(353,38): warning CS8600: 将 null 文本或可能的 null 值转换为不可为 null 类型。 [D:\C#\VM\Shard\Core.Interfaces\Core.Interfaces.csproj]
D:\C#\VM\Shard\Core.Interfaces\DataPort\Port.cs(86,16): warning CS8618: 在退出构造函数时，不可为 null 的 字段 "_description" 必须包含非 null 值。请考虑添加 "required" 修饰符或将该 字段 声明为可为 null。 [D:\C#\VM\Shard\Core.Interfaces\Core.Interfaces.csproj]
D:\C#\VM\Shard\Core.Interfaces\DataPort\Port.cs(86,16): warning CS8618: 在退出构造函数时，不可为 null 的 事件 "ValueChanged" 必须包含非 null 值。请考虑添加 "required" 修饰符或将该 事件 声明为可为 null。 [D:\C#\VM\Shard\Core.Interfaces\Core.Interfaces.csproj]
D:\C#\VM\Shard\Core.Interfaces\VisionPluginBase.cs(413,35): warning CS8600: 将 null 文本或可能的 null 值转换为不可为 null 类型。 [D:\C#\VM\Shard\Core.Interfaces\Core.Interfaces.csproj]
D:\C#\VM\Shard\Core.Interfaces\VisionPluginBase.cs(411,17): warning CS8620: 由于引用类型的可为 null 性差异，IEnumerable<string?> 类型的实参不能用于 HashSet<string>.HashSet(IEnumerable<string> collection) 中 IEnumerable<string> 类型的形参 collection。 [D:\C#\VM\Shard\Core.Interfaces\Core.Interfaces.csproj]
D:\C#\VM\Shard\Core.Interfaces\VisionPluginBase.cs(58,33): warning CS8618: 在退出构造函数时，不可为 null 的 字段 "_stepData" 必须包含非 null 值。请考虑添加 "required" 修饰符或将该 字段 声明为可为 null。 [D:\C#\VM\Shard\Core.Interfaces\Core.Interfaces.csproj]
D:\C#\VM\Shard\Core.Interfaces\VisionPluginBase.cs(205,34): warning CS8618: 在退出构造函数时，不可为 null 的 字段 "_configProps" 必须包含非 null 值。请考虑添加 "required" 修饰符或将该 字段 声明为可为 null。 [D:\C#\VM\Shard\Core.Interfaces\Core.Interfaces.csproj]
D:\C#\VM\Shard\Core.Interfaces\Camera\CameraDeviceBase.cs(413,35): warning CS8622: “void CameraDeviceBase.OnWatchdog(object state)”的参数“state”类型中引用类型的为 Null 性与目标委托“TimerCallback”不匹配(可能是由于为 Null 性特性)。 [D:\C#\VM\Shard\Core.Interfaces\Core.Interfaces.csproj]
D:\C#\VM\Shard\Core.Interfaces\VisionPluginBase.cs(199,27): warning CS8618: 在退出构造函数时，不可为 null 的 字段 "Name" 必须包含非 null 值。请考虑添加 "required" 修饰符或将该 字段 声明为可为 null。 [D:\C#\VM\Shard\Core.Interfaces\Core.Interfaces.csproj]
D:\C#\VM\Shard\Core.Interfaces\VisionPluginBase.cs(200,25): warning CS8618: 在退出构造函数时，不可为 null 的 字段 "Type" 必须包含非 null 值。请考虑添加 "required" 修饰符或将该 字段 声明为可为 null。 [D:\C#\VM\Shard\Core.Interfaces\Core.Interfaces.csproj]
D:\C#\VM\Shard\Core.Interfaces\VisionPluginBase.cs(201,33): warning CS8618: 在退出构造函数时，不可为 null 的 字段 "Get" 必须包含非 null 值。请考虑添加 "required" 修饰符或将该 字段 声明为可为 null。 [D:\C#\VM\Shard\Core.Interfaces\Core.Interfaces.csproj]
D:\C#\VM\Shard\Core.Interfaces\VisionPluginBase.cs(202,35): warning CS8618: 在退出构造函数时，不可为 null 的 字段 "Set" 必须包含非 null 值。请考虑添加 "required" 修饰符或将该 字段 声明为可为 null。 [D:\C#\VM\Shard\Core.Interfaces\Core.Interfaces.csproj]
D:\C#\VM\Shard\Core.Interfaces\DataPort\PortExtensions.cs(31,30): warning CS8601: 可能的 null 引用赋值。 [D:\C#\VM\Shard\Core.Interfaces\Core.Interfaces.csproj]
D:\C#\VM\Shard\Core.Interfaces\ImageHub\HubImageItem.cs(30,23): warning CS8618: 在退出构造函数时，不可为 null 的 属性 "PixelData" 必须包含非 null 值。请考虑添加 "required" 修饰符或将该 属性 声明为可为 null。 [D:\C#\VM\Shard\Core.Interfaces\Core.Interfaces.csproj]
D:\C#\VM\Shard\Core.Interfaces\ValueConverter.cs(19,24): warning CS8603: 可能返回 null 引用。 [D:\C#\VM\Shard\Core.Interfaces\Core.Interfaces.csproj]
D:\C#\VM\Shard\Core.Interfaces\ValueConverter.cs(22,30): warning CS8600: 将 null 文本或可能的 null 值转换为不可为 null 类型。 [D:\C#\VM\Shard\Core.Interfaces\Core.Interfaces.csproj]
D:\C#\VM\Shard\Core.Interfaces\ValueConverter.cs(28,28): warning CS8603: 可能返回 null 引用。 [D:\C#\VM\Shard\Core.Interfaces\Core.Interfaces.csproj]
D:\C#\VM\Shard\Core.Interfaces\ValueConverter.cs(31,21): warning CS8602: 解引用可能出现空引用。 [D:\C#\VM\Shard\Core.Interfaces\Core.Interfaces.csproj]
D:\C#\VM\Shard\Core.Interfaces\ValueConverter.cs(42,32): warning CS8603: 可能返回 null 引用。 [D:\C#\VM\Shard\Core.Interfaces\Core.Interfaces.csproj]
D:\C#\VM\Shard\Core.Interfaces\ValueConverter.cs(47,32): warning CS8603: 可能返回 null 引用。 [D:\C#\VM\Shard\Core.Interfaces\Core.Interfaces.csproj]
D:\C#\VM\Shard\Core.Interfaces\ValueConverter.cs(53,17): warning CS8602: 解引用可能出现空引用。 [D:\C#\VM\Shard\Core.Interfaces\Core.Interfaces.csproj]
D:\C#\VM\Shard\Core.Interfaces\IPluginCustomViewProvider.cs(98,23): warning CS8618: 在退出构造函数时，不可为 null 的 属性 "Name" 必须包含非 null 值。请考虑添加 "required" 修饰符或将该 属性 声明为可为 null。 [D:\C#\VM\Shard\Core.Interfaces\Core.Interfaces.csproj]
D:\C#\VM\Shard\Core.Interfaces\IPluginCustomViewProvider.cs(101,23): warning CS8618: 在退出构造函数时，不可为 null 的 属性 "DataTypeName" 必须包含非 null 值。请考虑添加 "required" 修饰符或将该 属性 声明为可为 null。 [D:\C#\VM\Shard\Core.Interfaces\Core.Interfaces.csproj]
D:\C#\VM\Shard\Core.Interfaces\IPluginCustomViewProvider.cs(104,23): warning CS8618: 在退出构造函数时，不可为 null 的 属性 "Description" 必须包含非 null 值。请考虑添加 "required" 修饰符或将该 属性 声明为可为 null。 [D:\C#\VM\Shard\Core.Interfaces\Core.Interfaces.csproj]
D:\C#\VM\Shard\Core.Interfaces\Camera\CameraDeviceBase.cs(429,21): warning CS8625: 无法将 null 字面量转换为非 null 的引用类型。 [D:\C#\VM\Shard\Core.Interfaces\Core.Interfaces.csproj]
D:\C#\VM\Shard\Core.Interfaces\LinkPathEvent.cs(16,23): warning CS8618: 在退出构造函数时，不可为 null 的 属性 "InputPortName" 必须包含非 null 值。请考虑添加 "required" 修饰符或将该 属性 声明为可为 null。 [D:\C#\VM\Shard\Core.Interfaces\Core.Interfaces.csproj]
D:\C#\VM\Shard\Core.Interfaces\LinkPathEvent.cs(21,21): warning CS8618: 在退出构造函数时，不可为 null 的 属性 "TargetType" 必须包含非 null 值。请考虑添加 "required" 修饰符或将该 属性 声明为可为 null。 [D:\C#\VM\Shard\Core.Interfaces\Core.Interfaces.csproj]
D:\C#\VM\Shard\Core.Interfaces\LinkPathEvent.cs(27,38): warning CS8618: 在退出构造函数时，不可为 null 的 属性 "OnBound" 必须包含非 null 值。请考虑添加 "required" 修饰符或将该 属性 声明为可为 null。 [D:\C#\VM\Shard\Core.Interfaces\Core.Interfaces.csproj]
D:\C#\VM\Shard\Core.Interfaces\LinkReference.cs(90,16): warning CS8618: 在退出构造函数时，不可为 null 的 属性 "TargetPortName" 必须包含非 null 值。请考虑添加 "required" 修饰符或将该 属性 声明为可为 null。 [D:\C#\VM\Shard\Core.Interfaces\Core.Interfaces.csproj]
D:\C#\VM\Shard\Core.Interfaces\LinkReference.cs(90,16): warning CS8618: 在退出构造函数时，不可为 null 的 属性 "DisplayAddress" 必须包含非 null 值。请考虑添加 "required" 修饰符或将该 属性 声明为可为 null。 [D:\C#\VM\Shard\Core.Interfaces\Core.Interfaces.csproj]
D:\C#\VM\Shard\Core.Interfaces\Result\Result.cs(32,18): warning CS8618: 在退出构造函数时，不可为 null 的 属性 "Data" 必须包含非 null 值。请考虑添加 "required" 修饰符或将该 属性 声明为可为 null。 [D:\C#\VM\Shard\Core.Interfaces\Core.Interfaces.csproj]
D:\C#\VM\Shard\Core.Interfaces\ImageHub\ImageHub.cs(89,20): warning CS8625: 无法将 null 字面量转换为非 null 的引用类型。 [D:\C#\VM\Shard\Core.Interfaces\Core.Interfaces.csproj]
D:\C#\VM\Shard\Core.Interfaces\ImageHub\ImageHub.cs(93,35): warning CS8600: 将 null 文本或可能的 null 值转换为不可为 null 类型。 [D:\C#\VM\Shard\Core.Interfaces\Core.Interfaces.csproj]
D:\C#\VM\Shard\Core.Interfaces\Result\Result.cs(15,23): warning CS8618: 在退出构造函数时，不可为 null 的 属性 "Message" 必须包含非 null 值。请考虑添加 "required" 修饰符或将该 属性 声明为可为 null。 [D:\C#\VM\Shard\Core.Interfaces\Core.Interfaces.csproj]
D:\C#\VM\Shard\Core.Interfaces\Camera\CameraDeviceBase.cs(530,39): warning CS8601: 可能的 null 引用赋值。 [D:\C#\VM\Shard\Core.Interfaces\Core.Interfaces.csproj]
D:\C#\VM\Shard\Core.Interfaces\ObservableObject.cs(15,50): warning CS8618: 在退出构造函数时，不可为 null 的 事件 "PropertyChanged" 必须包含非 null 值。请考虑添加 "required" 修饰符或将该 事件 声明为可为 null。 [D:\C#\VM\Shard\Core.Interfaces\Core.Interfaces.csproj]
D:\C#\VM\Shard\Core.Interfaces\ImageHub\ImageHub.cs(124,20): warning CS8625: 无法将 null 字面量转换为非 null 的引用类型。 [D:\C#\VM\Shard\Core.Interfaces\Core.Interfaces.csproj]
D:\C#\VM\Shard\Core.Interfaces\Camera\CameraDeviceBase.cs(536,21): warning CS8625: 无法将 null 字面量转换为非 null 的引用类型。 [D:\C#\VM\Shard\Core.Interfaces\Core.Interfaces.csproj]
D:\C#\VM\Shard\Core.Interfaces\Camera\CameraDeviceBase.cs(544,43): warning CS8601: 可能的 null 引用赋值。 [D:\C#\VM\Shard\Core.Interfaces\Core.Interfaces.csproj]
D:\C#\VM\Shard\Core.Interfaces\DataPort\OutputPort.cs(50,59): warning CS0067: 从不使用事件“OutputPort<T>.CollectionChanged” [D:\C#\VM\Shard\Core.Interfaces\Core.Interfaces.csproj]
D:\C#\VM\Scada\Models\ScadaModelBase.cs(41,33): warning CS8765: 参数“propertyName”类型的为 Null 性与重写成员不匹配(可能是由于为 Null 性特性)。 [D:\C#\VM\Scada\VM.Scada.csproj]
D:\C#\VM\Scada\Models\ScadaModelBase.cs(61,33): warning CS8765: 参数“onChanged”类型的为 Null 性与重写成员不匹配(可能是由于为 Null 性特性)。 [D:\C#\VM\Scada\VM.Scada.csproj]
D:\C#\VM\Scada\Models\ScadaModelBase.cs(61,33): warning CS8765: 参数“propertyName”类型的为 Null 性与重写成员不匹配(可能是由于为 Null 性特性)。 [D:\C#\VM\Scada\VM.Scada.csproj]
D:\C#\VM\Services\Core.Halcon\Models\DrawingObjectInfo.cs(23,86): warning CS8625: 无法将 null 字面量转换为非 null 的引用类型。 [D:\C#\VM\Services\Core.Halcon\Core.Halcon_kn3olwxc_wpftmp.csproj::TargetFramework=net9.0-windows]
D:\C#\VM\Services\Core.Halcon\Models\MeasureAnnotation.cs(31,25): warning CS8618: 在退出构造函数时，不可为 null 的 属性 "Points" 必须包含非 null 值。请考虑添加 "required" 修饰符或将该 属性 声明为可为 null。 [D:\C#\VM\Services\Core.Halcon\Core.Halcon_kn3olwxc_wpftmp.csproj::TargetFramework=net9.0-windows]
D:\C#\VM\Services\Core.Halcon\Models\MeasureAnnotation.cs(34,23): warning CS8618: 在退出构造函数时，不可为 null 的 属性 "Text" 必须包含非 null 值。请考虑添加 "required" 修饰符或将该 属性 声明为可为 null。 [D:\C#\VM\Services\Core.Halcon\Core.Halcon_kn3olwxc_wpftmp.csproj::TargetFramework=net9.0-windows]
D:\C#\VM\Services\Core.Halcon\Models\DrawingObjectInfo.cs(23,16): warning CS8618: 在退出构造函数时，不可为 null 的 字段 "roiName" 必须包含非 null 值。请考虑添加 "required" 修饰符或将该 字段 声明为可为 null。 [D:\C#\VM\Services\Core.Halcon\Core.Halcon_kn3olwxc_wpftmp.csproj::TargetFramework=net9.0-windows]
D:\C#\VM\Services\Core.Halcon\Models\DrawingObjectInfo.cs(23,16): warning CS8618: 在退出构造函数时，不可为 null 的 字段 "hTuples" 必须包含非 null 值。请考虑添加 "required" 修饰符或将该 字段 声明为可为 null。 [D:\C#\VM\Services\Core.Halcon\Core.Halcon_kn3olwxc_wpftmp.csproj::TargetFramework=net9.0-windows]
D:\C#\VM\Services\Core.Halcon\Models\DrawingObjectInfo.cs(23,16): warning CS8618: 在退出构造函数时，不可为 null 的 属性 "DrawObject" 必须包含非 null 值。请考虑添加 "required" 修饰符或将该 属性 声明为可为 null。 [D:\C#\VM\Services\Core.Halcon\Core.Halcon_kn3olwxc_wpftmp.csproj::TargetFramework=net9.0-windows]
D:\C#\VM\Services\Core.Halcon\Models\DrawingObjectInfo.cs(23,16): warning CS8618: 在退出构造函数时，不可为 null 的 属性 "DragCallback" 必须包含非 null 值。请考虑添加 "required" 修饰符或将该 属性 声明为可为 null。 [D:\C#\VM\Services\Core.Halcon\Core.Halcon_kn3olwxc_wpftmp.csproj::TargetFramework=net9.0-windows]
D:\C#\VM\Services\Core.Halcon\Models\DrawingObjectInfo.cs(23,16): warning CS8618: 在退出构造函数时，不可为 null 的 属性 "ResizeCallback" 必须包含非 null 值。请考虑添加 "required" 修饰符或将该 属性 声明为可为 null。 [D:\C#\VM\Services\Core.Halcon\Core.Halcon_kn3olwxc_wpftmp.csproj::TargetFramework=net9.0-windows]
D:\C#\VM\Services\Core.Halcon\Models\ImageInfo.cs(38,24): warning CS8618: 在退出构造函数时，不可为 null 的 字段 "rgb1" 必须包含非 null 值。请考虑添加 "required" 修饰符或将该 字段 声明为可为 null。 [D:\C#\VM\Services\Core.Halcon\Core.Halcon_kn3olwxc_wpftmp.csproj::TargetFramework=net9.0-windows]
D:\C#\VM\Services\Core.Halcon\Models\ImageInfo.cs(45,24): warning CS8618: 在退出构造函数时，不可为 null 的 字段 "rgb2" 必须包含非 null 值。请考虑添加 "required" 修饰符或将该 字段 声明为可为 null。 [D:\C#\VM\Services\Core.Halcon\Core.Halcon_kn3olwxc_wpftmp.csproj::TargetFramework=net9.0-windows]
D:\C#\VM\Services\Core.Halcon\Models\ImageInfo.cs(52,24): warning CS8618: 在退出构造函数时，不可为 null 的 字段 "rgb3" 必须包含非 null 值。请考虑添加 "required" 修饰符或将该 字段 声明为可为 null。 [D:\C#\VM\Services\Core.Halcon\Core.Halcon_kn3olwxc_wpftmp.csproj::TargetFramework=net9.0-windows]
D:\C#\VM\Services\Core.Halcon\Models\ImageInfo.cs(66,24): warning CS8618: 在退出构造函数时，不可为 null 的 字段 "image" 必须包含非 null 值。请考虑添加 "required" 修饰符或将该 字段 声明为可为 null。 [D:\C#\VM\Services\Core.Halcon\Core.Halcon_kn3olwxc_wpftmp.csproj::TargetFramework=net9.0-windows]
D:\C#\VM\Services\Core.Halcon\Models\DrawingObjectInfo.cs(83,30): warning CS8625: 无法将 null 字面量转换为非 null 的引用类型。 [D:\C#\VM\Services\Core.Halcon\Core.Halcon_kn3olwxc_wpftmp.csproj::TargetFramework=net9.0-windows]
D:\C#\VM\Services\Core.Halcon\Models\DrawingObjectInfo.cs(85,28): warning CS8625: 无法将 null 字面量转换为非 null 的引用类型。 [D:\C#\VM\Services\Core.Halcon\Core.Halcon_kn3olwxc_wpftmp.csproj::TargetFramework=net9.0-windows]
D:\C#\VM\Services\Core.Halcon\Models\DrawingObjectInfo.cs(86,30): warning CS8625: 无法将 null 字面量转换为非 null 的引用类型。 [D:\C#\VM\Services\Core.Halcon\Core.Halcon_kn3olwxc_wpftmp.csproj::TargetFramework=net9.0-windows]
D:\C#\VM\Services\Core.Halcon\Extensions\HDrawingObjectExtensions.cs(11,32): warning CS8600: 将 null 文本或可能的 null 值转换为不可为 null 类型。 [D:\C#\VM\Services\Core.Halcon\Core.Halcon_kn3olwxc_wpftmp.csproj::TargetFramework=net9.0-windows]
D:\C#\VM\Services\Core.Halcon\Extensions\HDrawingObjectExtensions.cs(45,20): warning CS8603: 可能返回 null 引用。 [D:\C#\VM\Services\Core.Halcon\Core.Halcon_kn3olwxc_wpftmp.csproj::TargetFramework=net9.0-windows]
D:\C#\VM\Services\Core.Halcon\Base\HalconBase.cs(41,16): warning CS8618: 在退出构造函数时，不可为 null 的 字段 "hSmart" 必须包含非 null 值。请考虑添加 "required" 修饰符或将该 字段 声明为可为 null。 [D:\C#\VM\Services\Core.Halcon\Core.Halcon_kn3olwxc_wpftmp.csproj::TargetFramework=net9.0-windows]
D:\C#\VM\Services\Core.Halcon\Base\HalconBase.cs(41,16): warning CS8618: 在退出构造函数时，不可为 null 的 字段 "hWindow" 必须包含非 null 值。请考虑添加 "required" 修饰符或将该 字段 声明为可为 null。 [D:\C#\VM\Services\Core.Halcon\Core.Halcon_kn3olwxc_wpftmp.csproj::TargetFramework=net9.0-windows]
D:\C#\VM\Services\Core.Halcon\Base\HalconBase.cs(41,16): warning CS8618: 在退出构造函数时，不可为 null 的 字段 "_boundList" 必须包含非 null 值。请考虑添加 "required" 修饰符或将该 字段 声明为可为 null。 [D:\C#\VM\Services\Core.Halcon\Core.Halcon_kn3olwxc_wpftmp.csproj::TargetFramework=net9.0-windows]
D:\C#\VM\Services\Core.Halcon\Base\HalconBase.cs(41,16): warning CS8618: 在退出构造函数时，不可为 null 的 字段 "_cacheSource" 必须包含非 null 值。请考虑添加 "required" 修饰符或将该 字段 声明为可为 null。 [D:\C#\VM\Services\Core.Halcon\Core.Halcon_kn3olwxc_wpftmp.csproj::TargetFramework=net9.0-windows]
D:\C#\VM\Services\Core.Halcon\Base\HalconBase.cs(41,16): warning CS8618: 在退出构造函数时，不可为 null 的 字段 "_sampleRed" 必须包含非 null 值。请考虑添加 "required" 修饰符或将该 字段 声明为可为 null。 [D:\C#\VM\Services\Core.Halcon\Core.Halcon_kn3olwxc_wpftmp.csproj::TargetFramework=net9.0-windows]
D:\C#\VM\Services\Core.Halcon\Base\HalconBase.cs(41,16): warning CS8618: 在退出构造函数时，不可为 null 的 字段 "_sampleGreen" 必须包含非 null 值。请考虑添加 "required" 修饰符或将该 字段 声明为可为 null。 [D:\C#\VM\Services\Core.Halcon\Core.Halcon_kn3olwxc_wpftmp.csproj::TargetFramework=net9.0-windows]
D:\C#\VM\Services\Core.Halcon\Base\HalconBase.cs(41,16): warning CS8618: 在退出构造函数时，不可为 null 的 字段 "_sampleBlue" 必须包含非 null 值。请考虑添加 "required" 修饰符或将该 字段 声明为可为 null。 [D:\C#\VM\Services\Core.Halcon\Core.Halcon_kn3olwxc_wpftmp.csproj::TargetFramework=net9.0-windows]
D:\C#\VM\Services\Core.Halcon\Base\HalconBase.cs(41,16): warning CS8618: 在退出构造函数时，不可为 null 的 字段 "strokeDraw" 必须包含非 null 值。请考虑添加 "required" 修饰符或将该 字段 声明为可为 null。 [D:\C#\VM\Services\Core.Halcon\Core.Halcon_kn3olwxc_wpftmp.csproj::TargetFramework=net9.0-windows]
D:\C#\VM\Services\Core.Halcon\Base\HalconBase.cs(41,16): warning CS8618: 在退出构造函数时，不可为 null 的 字段 "strokeErase" 必须包含非 null 值。请考虑添加 "required" 修饰符或将该 字段 声明为可为 null。 [D:\C#\VM\Services\Core.Halcon\Core.Halcon_kn3olwxc_wpftmp.csproj::TargetFramework=net9.0-windows]
D:\C#\VM\Services\Core.Halcon\Base\HalconBase.cs(74,26): warning CS8625: 无法将 null 字面量转换为非 null 的引用类型。 [D:\C#\VM\Services\Core.Halcon\Core.Halcon_kn3olwxc_wpftmp.csproj::TargetFramework=net9.0-windows]
D:\C#\VM\Services\Core.Halcon\Base\HalconBase.cs(75,28): warning CS8625: 无法将 null 字面量转换为非 null 的引用类型。 [D:\C#\VM\Services\Core.Halcon\Core.Halcon_kn3olwxc_wpftmp.csproj::TargetFramework=net9.0-windows]
D:\C#\VM\Services\Core.Halcon\Base\HalconBase.cs(76,27): warning CS8625: 无法将 null 字面量转换为非 null 的引用类型。 [D:\C#\VM\Services\Core.Halcon\Core.Halcon_kn3olwxc_wpftmp.csproj::TargetFramework=net9.0-windows]
D:\C#\VM\Services\Core.Halcon\Base\HalconBase.cs(77,28): warning CS8625: 无法将 null 字面量转换为非 null 的引用类型。 [D:\C#\VM\Services\Core.Halcon\Core.Halcon_kn3olwxc_wpftmp.csproj::TargetFramework=net9.0-windows]
D:\C#\VM\Services\Core.Halcon\Base\HalconBase.cs(203,17): warning CS8604: “void HalconBase.SwapDrawObjectList(ObservableCollection<DrawingObjectInfo> oldList, ObservableCollection<DrawingObjectInfo> newList)”中的形参“oldList”可能传入 null 引用实参。 [D:\C#\VM\Services\Core.Halcon\Core.Halcon_kn3olwxc_wpftmp.csproj::TargetFramework=net9.0-windows]
D:\C#\VM\Services\Core.Halcon\Base\HalconBase.cs(204,17): warning CS8604: “void HalconBase.SwapDrawObjectList(ObservableCollection<DrawingObjectInfo> oldList, ObservableCollection<DrawingObjectInfo> newList)”中的形参“newList”可能传入 null 引用实参。 [D:\C#\VM\Services\Core.Halcon\Core.Halcon_kn3olwxc_wpftmp.csproj::TargetFramework=net9.0-windows]
D:\C#\VM\Services\Core.Halcon\Base\HalconBase.cs(221,46): warning CS8622: “void HalconBase.OnDrawObjectListChanged(object sender, NotifyCollectionChangedEventArgs e)”的参数“sender”类型中引用类型的为 Null 性与目标委托“NotifyCollectionChangedEventHandler”不匹配(可能是由于为 Null 性特性)。 [D:\C#\VM\Services\Core.Halcon\Core.Halcon_kn3olwxc_wpftmp.csproj::TargetFramework=net9.0-windows]
D:\C#\VM\Services\Core.Halcon\Base\HalconBase.cs(224,46): warning CS8622: “void HalconBase.OnDrawObjectListChanged(object sender, NotifyCollectionChangedEventArgs e)”的参数“sender”类型中引用类型的为 Null 性与目标委托“NotifyCollectionChangedEventHandler”不匹配(可能是由于为 Null 性特性)。 [D:\C#\VM\Services\Core.Halcon\Core.Halcon_kn3olwxc_wpftmp.csproj::TargetFramework=net9.0-windows]
D:\C#\VM\Services\Core.Halcon\Base\HalconBase.cs(479,34): warning CS8625: 无法将 null 字面量转换为非 null 的引用类型。 [D:\C#\VM\Services\Core.Halcon\Core.Halcon_kn3olwxc_wpftmp.csproj::TargetFramework=net9.0-windows]
D:\C#\VM\Services\Core.Halcon\Base\HalconBase.cs(479,27): warning CS8601: 可能的 null 引用赋值。 [D:\C#\VM\Services\Core.Halcon\Core.Halcon_kn3olwxc_wpftmp.csproj::TargetFramework=net9.0-windows]
D:\C#\VM\Services\Core.Halcon\Base\HalconBase.cs(479,19): warning CS8601: 可能的 null 引用赋值。 [D:\C#\VM\Services\Core.Halcon\Core.Halcon_kn3olwxc_wpftmp.csproj::TargetFramework=net9.0-windows]
D:\C#\VM\Services\Core.Halcon\Base\HalconBase.cs(480,26): warning CS8600: 将 null 文本或可能的 null 值转换为不可为 null 类型。 [D:\C#\VM\Services\Core.Halcon\Core.Halcon_kn3olwxc_wpftmp.csproj::TargetFramework=net9.0-windows]
D:\C#\VM\Services\Core.Halcon\Base\HalconBase.cs(663,37): warning CS8622: “void HalconBase.OnActiveRoiTuplesChanged(object sender, PropertyChangedEventArgs e)”的参数“sender”类型中引用类型的为 Null 性与目标委托“PropertyChangedEventHandler”不匹配(可能是由于为 Null 性特性)。 [D:\C#\VM\Services\Core.Halcon\Core.Halcon_kn3olwxc_wpftmp.csproj::TargetFramework=net9.0-windows]
D:\C#\VM\Services\Core.Halcon\Base\HalconBase.cs(675,37): warning CS8622: “void HalconBase.OnActiveRoiTuplesChanged(object sender, PropertyChangedEventArgs e)”的参数“sender”类型中引用类型的为 Null 性与目标委托“PropertyChangedEventHandler”不匹配(可能是由于为 Null 性特性)。 [D:\C#\VM\Services\Core.Halcon\Core.Halcon_kn3olwxc_wpftmp.csproj::TargetFramework=net9.0-windows]
D:\C#\VM\Services\Core.Halcon\Base\HalconBase.cs(739,13): warning CS8603: 可能返回 null 引用。 [D:\C#\VM\Services\Core.Halcon\Core.Halcon_kn3olwxc_wpftmp.csproj::TargetFramework=net9.0-windows]
D:\C#\VM\Services\Core.Halcon\Base\HalconBase.cs(810,24): warning CS8603: 可能返回 null 引用。 [D:\C#\VM\Services\Core.Halcon\Core.Halcon_kn3olwxc_wpftmp.csproj::TargetFramework=net9.0-windows]
D:\C#\VM\Services\Core.Halcon\Base\HalconBase.cs(826,32): warning CS8603: 可能返回 null 引用。 [D:\C#\VM\Services\Core.Halcon\Core.Halcon_kn3olwxc_wpftmp.csproj::TargetFramework=net9.0-windows]
D:\C#\VM\Services\Core.Halcon\Base\HalconBase.cs(831,24): warning CS8603: 可能返回 null 引用。 [D:\C#\VM\Services\Core.Halcon\Core.Halcon_kn3olwxc_wpftmp.csproj::TargetFramework=net9.0-windows]
D:\C#\VM\Services\Core.Halcon\Base\HalconBase.cs(844,13): warning CS8602: 解引用可能出现空引用。 [D:\C#\VM\Services\Core.Halcon\Core.Halcon_kn3olwxc_wpftmp.csproj::TargetFramework=net9.0-windows]
D:\C#\VM\Services\Core.Halcon\Base\HalconBase.cs(988,24): warning CS8603: 可能返回 null 引用。 [D:\C#\VM\Services\Core.Halcon\Core.Halcon_kn3olwxc_wpftmp.csproj::TargetFramework=net9.0-windows]
D:\C#\VM\Services\Core.Halcon\Base\HalconBase.cs(992,25): warning CS8602: 解引用可能出现空引用。 [D:\C#\VM\Services\Core.Halcon\Core.Halcon_kn3olwxc_wpftmp.csproj::TargetFramework=net9.0-windows]
D:\C#\VM\Services\Core.Halcon\Base\HalconBase.cs(1005,32): warning CS8603: 可能返回 null 引用。 [D:\C#\VM\Services\Core.Halcon\Core.Halcon_kn3olwxc_wpftmp.csproj::TargetFramework=net9.0-windows]
D:\C#\VM\Services\Core.Halcon\Base\HalconBase.cs(1010,24): warning CS8603: 可能返回 null 引用。 [D:\C#\VM\Services\Core.Halcon\Core.Halcon_kn3olwxc_wpftmp.csproj::TargetFramework=net9.0-windows]
D:\C#\VM\Services\Core.Halcon\Base\HalconBase.cs(1260,26): warning CS8625: 无法将 null 字面量转换为非 null 的引用类型。 [D:\C#\VM\Services\Core.Halcon\Core.Halcon_kn3olwxc_wpftmp.csproj::TargetFramework=net9.0-windows]
D:\C#\VM\Services\Core.Halcon\Base\HalconBase.cs(1261,27): warning CS8625: 无法将 null 字面量转换为非 null 的引用类型。 [D:\C#\VM\Services\Core.Halcon\Core.Halcon_kn3olwxc_wpftmp.csproj::TargetFramework=net9.0-windows]
D:\C#\VM\Services\Core.Halcon\Models\DrawingObjectInfo.cs(23,86): warning CS8625: 无法将 null 字面量转换为非 null 的引用类型。 [D:\C#\VM\Services\Core.Halcon\Core.Halcon.csproj::TargetFramework=net9.0-windows]
D:\C#\VM\Services\Core.Halcon\Models\MeasureAnnotation.cs(31,25): warning CS8618: 在退出构造函数时，不可为 null 的 属性 "Points" 必须包含非 null 值。请考虑添加 "required" 修饰符或将该 属性 声明为可为 null。 [D:\C#\VM\Services\Core.Halcon\Core.Halcon.csproj::TargetFramework=net9.0-windows]
D:\C#\VM\Services\Core.Halcon\Models\MeasureAnnotation.cs(34,23): warning CS8618: 在退出构造函数时，不可为 null 的 属性 "Text" 必须包含非 null 值。请考虑添加 "required" 修饰符或将该 属性 声明为可为 null。 [D:\C#\VM\Services\Core.Halcon\Core.Halcon.csproj::TargetFramework=net9.0-windows]
D:\C#\VM\Services\Core.Halcon\Base\HalconBase.cs(41,16): warning CS8618: 在退出构造函数时，不可为 null 的 字段 "hSmart" 必须包含非 null 值。请考虑添加 "required" 修饰符或将该 字段 声明为可为 null。 [D:\C#\VM\Services\Core.Halcon\Core.Halcon.csproj::TargetFramework=net9.0-windows]
D:\C#\VM\Services\Core.Halcon\Base\HalconBase.cs(41,16): warning CS8618: 在退出构造函数时，不可为 null 的 字段 "hWindow" 必须包含非 null 值。请考虑添加 "required" 修饰符或将该 字段 声明为可为 null。 [D:\C#\VM\Services\Core.Halcon\Core.Halcon.csproj::TargetFramework=net9.0-windows]
D:\C#\VM\Services\Core.Halcon\Base\HalconBase.cs(41,16): warning CS8618: 在退出构造函数时，不可为 null 的 字段 "_boundList" 必须包含非 null 值。请考虑添加 "required" 修饰符或将该 字段 声明为可为 null。 [D:\C#\VM\Services\Core.Halcon\Core.Halcon.csproj::TargetFramework=net9.0-windows]
D:\C#\VM\Services\Core.Halcon\Base\HalconBase.cs(41,16): warning CS8618: 在退出构造函数时，不可为 null 的 字段 "_cacheSource" 必须包含非 null 值。请考虑添加 "required" 修饰符或将该 字段 声明为可为 null。 [D:\C#\VM\Services\Core.Halcon\Core.Halcon.csproj::TargetFramework=net9.0-windows]
D:\C#\VM\Services\Core.Halcon\Base\HalconBase.cs(41,16): warning CS8618: 在退出构造函数时，不可为 null 的 字段 "_sampleRed" 必须包含非 null 值。请考虑添加 "required" 修饰符或将该 字段 声明为可为 null。 [D:\C#\VM\Services\Core.Halcon\Core.Halcon.csproj::TargetFramework=net9.0-windows]
D:\C#\VM\Services\Core.Halcon\Base\HalconBase.cs(41,16): warning CS8618: 在退出构造函数时，不可为 null 的 字段 "_sampleGreen" 必须包含非 null 值。请考虑添加 "required" 修饰符或将该 字段 声明为可为 null。 [D:\C#\VM\Services\Core.Halcon\Core.Halcon.csproj::TargetFramework=net9.0-windows]
D:\C#\VM\Services\Core.Halcon\Base\HalconBase.cs(41,16): warning CS8618: 在退出构造函数时，不可为 null 的 字段 "_sampleBlue" 必须包含非 null 值。请考虑添加 "required" 修饰符或将该 字段 声明为可为 null。 [D:\C#\VM\Services\Core.Halcon\Core.Halcon.csproj::TargetFramework=net9.0-windows]
D:\C#\VM\Services\Core.Halcon\Base\HalconBase.cs(41,16): warning CS8618: 在退出构造函数时，不可为 null 的 字段 "strokeDraw" 必须包含非 null 值。请考虑添加 "required" 修饰符或将该 字段 声明为可为 null。 [D:\C#\VM\Services\Core.Halcon\Core.Halcon.csproj::TargetFramework=net9.0-windows]
D:\C#\VM\Services\Core.Halcon\Base\HalconBase.cs(41,16): warning CS8618: 在退出构造函数时，不可为 null 的 字段 "strokeErase" 必须包含非 null 值。请考虑添加 "required" 修饰符或将该 字段 声明为可为 null。 [D:\C#\VM\Services\Core.Halcon\Core.Halcon.csproj::TargetFramework=net9.0-windows]
D:\C#\VM\Services\Core.Halcon\Base\HalconBase.cs(74,26): warning CS8625: 无法将 null 字面量转换为非 null 的引用类型。 [D:\C#\VM\Services\Core.Halcon\Core.Halcon.csproj::TargetFramework=net9.0-windows]
D:\C#\VM\Services\Core.Halcon\Base\HalconBase.cs(75,28): warning CS8625: 无法将 null 字面量转换为非 null 的引用类型。 [D:\C#\VM\Services\Core.Halcon\Core.Halcon.csproj::TargetFramework=net9.0-windows]
D:\C#\VM\Services\Core.Halcon\Base\HalconBase.cs(76,27): warning CS8625: 无法将 null 字面量转换为非 null 的引用类型。 [D:\C#\VM\Services\Core.Halcon\Core.Halcon.csproj::TargetFramework=net9.0-windows]
D:\C#\VM\Services\Core.Halcon\Base\HalconBase.cs(77,28): warning CS8625: 无法将 null 字面量转换为非 null 的引用类型。 [D:\C#\VM\Services\Core.Halcon\Core.Halcon.csproj::TargetFramework=net9.0-windows]
D:\C#\VM\Services\Core.Halcon\Models\DrawingObjectInfo.cs(23,16): warning CS8618: 在退出构造函数时，不可为 null 的 字段 "roiName" 必须包含非 null 值。请考虑添加 "required" 修饰符或将该 字段 声明为可为 null。 [D:\C#\VM\Services\Core.Halcon\Core.Halcon.csproj::TargetFramework=net9.0-windows]
D:\C#\VM\Services\Core.Halcon\Models\DrawingObjectInfo.cs(23,16): warning CS8618: 在退出构造函数时，不可为 null 的 字段 "hTuples" 必须包含非 null 值。请考虑添加 "required" 修饰符或将该 字段 声明为可为 null。 [D:\C#\VM\Services\Core.Halcon\Core.Halcon.csproj::TargetFramework=net9.0-windows]
D:\C#\VM\Services\Core.Halcon\Models\DrawingObjectInfo.cs(23,16): warning CS8618: 在退出构造函数时，不可为 null 的 属性 "DrawObject" 必须包含非 null 值。请考虑添加 "required" 修饰符或将该 属性 声明为可为 null。 [D:\C#\VM\Services\Core.Halcon\Core.Halcon.csproj::TargetFramework=net9.0-windows]
D:\C#\VM\Services\Core.Halcon\Models\DrawingObjectInfo.cs(23,16): warning CS8618: 在退出构造函数时，不可为 null 的 属性 "DragCallback" 必须包含非 null 值。请考虑添加 "required" 修饰符或将该 属性 声明为可为 null。 [D:\C#\VM\Services\Core.Halcon\Core.Halcon.csproj::TargetFramework=net9.0-windows]
D:\C#\VM\Services\Core.Halcon\Models\DrawingObjectInfo.cs(23,16): warning CS8618: 在退出构造函数时，不可为 null 的 属性 "ResizeCallback" 必须包含非 null 值。请考虑添加 "required" 修饰符或将该 属性 声明为可为 null。 [D:\C#\VM\Services\Core.Halcon\Core.Halcon.csproj::TargetFramework=net9.0-windows]
D:\C#\VM\Services\Core.Halcon\Base\HalconBase.cs(203,17): warning CS8604: “void HalconBase.SwapDrawObjectList(ObservableCollection<DrawingObjectInfo> oldList, ObservableCollection<DrawingObjectInfo> newList)”中的形参“oldList”可能传入 null 引用实参。 [D:\C#\VM\Services\Core.Halcon\Core.Halcon.csproj::TargetFramework=net9.0-windows]
D:\C#\VM\Services\Core.Halcon\Base\HalconBase.cs(204,17): warning CS8604: “void HalconBase.SwapDrawObjectList(ObservableCollection<DrawingObjectInfo> oldList, ObservableCollection<DrawingObjectInfo> newList)”中的形参“newList”可能传入 null 引用实参。 [D:\C#\VM\Services\Core.Halcon\Core.Halcon.csproj::TargetFramework=net9.0-windows]
D:\C#\VM\Services\Core.Halcon\Models\DrawingObjectInfo.cs(83,30): warning CS8625: 无法将 null 字面量转换为非 null 的引用类型。 [D:\C#\VM\Services\Core.Halcon\Core.Halcon.csproj::TargetFramework=net9.0-windows]
D:\C#\VM\Services\Core.Halcon\Models\DrawingObjectInfo.cs(85,28): warning CS8625: 无法将 null 字面量转换为非 null 的引用类型。 [D:\C#\VM\Services\Core.Halcon\Core.Halcon.csproj::TargetFramework=net9.0-windows]
D:\C#\VM\Services\Core.Halcon\Models\DrawingObjectInfo.cs(86,30): warning CS8625: 无法将 null 字面量转换为非 null 的引用类型。 [D:\C#\VM\Services\Core.Halcon\Core.Halcon.csproj::TargetFramework=net9.0-windows]
D:\C#\VM\Services\Core.Halcon\Models\ImageInfo.cs(38,24): warning CS8618: 在退出构造函数时，不可为 null 的 字段 "rgb1" 必须包含非 null 值。请考虑添加 "required" 修饰符或将该 字段 声明为可为 null。 [D:\C#\VM\Services\Core.Halcon\Core.Halcon.csproj::TargetFramework=net9.0-windows]
D:\C#\VM\Services\Core.Halcon\Models\ImageInfo.cs(45,24): warning CS8618: 在退出构造函数时，不可为 null 的 字段 "rgb2" 必须包含非 null 值。请考虑添加 "required" 修饰符或将该 字段 声明为可为 null。 [D:\C#\VM\Services\Core.Halcon\Core.Halcon.csproj::TargetFramework=net9.0-windows]
D:\C#\VM\Services\Core.Halcon\Models\ImageInfo.cs(52,24): warning CS8618: 在退出构造函数时，不可为 null 的 字段 "rgb3" 必须包含非 null 值。请考虑添加 "required" 修饰符或将该 字段 声明为可为 null。 [D:\C#\VM\Services\Core.Halcon\Core.Halcon.csproj::TargetFramework=net9.0-windows]
D:\C#\VM\Services\Core.Halcon\Models\ImageInfo.cs(66,24): warning CS8618: 在退出构造函数时，不可为 null 的 字段 "image" 必须包含非 null 值。请考虑添加 "required" 修饰符或将该 字段 声明为可为 null。 [D:\C#\VM\Services\Core.Halcon\Core.Halcon.csproj::TargetFramework=net9.0-windows]
D:\C#\VM\Services\Core.Halcon\Base\HalconBase.cs(221,46): warning CS8622: “void HalconBase.OnDrawObjectListChanged(object sender, NotifyCollectionChangedEventArgs e)”的参数“sender”类型中引用类型的为 Null 性与目标委托“NotifyCollectionChangedEventHandler”不匹配(可能是由于为 Null 性特性)。 [D:\C#\VM\Services\Core.Halcon\Core.Halcon.csproj::TargetFramework=net9.0-windows]
D:\C#\VM\Services\Core.Halcon\Base\HalconBase.cs(224,46): warning CS8622: “void HalconBase.OnDrawObjectListChanged(object sender, NotifyCollectionChangedEventArgs e)”的参数“sender”类型中引用类型的为 Null 性与目标委托“NotifyCollectionChangedEventHandler”不匹配(可能是由于为 Null 性特性)。 [D:\C#\VM\Services\Core.Halcon\Core.Halcon.csproj::TargetFramework=net9.0-windows]
D:\C#\VM\Services\Core.Halcon\Extensions\HDrawingObjectExtensions.cs(11,32): warning CS8600: 将 null 文本或可能的 null 值转换为不可为 null 类型。 [D:\C#\VM\Services\Core.Halcon\Core.Halcon.csproj::TargetFramework=net9.0-windows]
D:\C#\VM\Services\Core.Halcon\Extensions\HDrawingObjectExtensions.cs(45,20): warning CS8603: 可能返回 null 引用。 [D:\C#\VM\Services\Core.Halcon\Core.Halcon.csproj::TargetFramework=net9.0-windows]
D:\C#\VM\Services\Core.Halcon\Base\HalconBase.cs(479,34): warning CS8625: 无法将 null 字面量转换为非 null 的引用类型。 [D:\C#\VM\Services\Core.Halcon\Core.Halcon.csproj::TargetFramework=net9.0-windows]
D:\C#\VM\Services\Core.Halcon\Base\HalconBase.cs(479,27): warning CS8601: 可能的 null 引用赋值。 [D:\C#\VM\Services\Core.Halcon\Core.Halcon.csproj::TargetFramework=net9.0-windows]
D:\C#\VM\Services\Core.Halcon\Base\HalconBase.cs(479,19): warning CS8601: 可能的 null 引用赋值。 [D:\C#\VM\Services\Core.Halcon\Core.Halcon.csproj::TargetFramework=net9.0-windows]
D:\C#\VM\Services\Core.Halcon\Base\HalconBase.cs(480,26): warning CS8600: 将 null 文本或可能的 null 值转换为不可为 null 类型。 [D:\C#\VM\Services\Core.Halcon\Core.Halcon.csproj::TargetFramework=net9.0-windows]
D:\C#\VM\Services\Core.Halcon\Base\HalconBase.cs(663,37): warning CS8622: “void HalconBase.OnActiveRoiTuplesChanged(object sender, PropertyChangedEventArgs e)”的参数“sender”类型中引用类型的为 Null 性与目标委托“PropertyChangedEventHandler”不匹配(可能是由于为 Null 性特性)。 [D:\C#\VM\Services\Core.Halcon\Core.Halcon.csproj::TargetFramework=net9.0-windows]
D:\C#\VM\Services\Core.Halcon\Base\HalconBase.cs(675,37): warning CS8622: “void HalconBase.OnActiveRoiTuplesChanged(object sender, PropertyChangedEventArgs e)”的参数“sender”类型中引用类型的为 Null 性与目标委托“PropertyChangedEventHandler”不匹配(可能是由于为 Null 性特性)。 [D:\C#\VM\Services\Core.Halcon\Core.Halcon.csproj::TargetFramework=net9.0-windows]
D:\C#\VM\Services\Core.Halcon\Base\HalconBase.cs(739,13): warning CS8603: 可能返回 null 引用。 [D:\C#\VM\Services\Core.Halcon\Core.Halcon.csproj::TargetFramework=net9.0-windows]
D:\C#\VM\Services\Core.Halcon\Base\HalconBase.cs(810,24): warning CS8603: 可能返回 null 引用。 [D:\C#\VM\Services\Core.Halcon\Core.Halcon.csproj::TargetFramework=net9.0-windows]
D:\C#\VM\Services\Core.Halcon\Base\HalconBase.cs(826,32): warning CS8603: 可能返回 null 引用。 [D:\C#\VM\Services\Core.Halcon\Core.Halcon.csproj::TargetFramework=net9.0-windows]
D:\C#\VM\Services\Core.Halcon\Base\HalconBase.cs(831,24): warning CS8603: 可能返回 null 引用。 [D:\C#\VM\Services\Core.Halcon\Core.Halcon.csproj::TargetFramework=net9.0-windows]
D:\C#\VM\Services\Core.Halcon\Base\HalconBase.cs(844,13): warning CS8602: 解引用可能出现空引用。 [D:\C#\VM\Services\Core.Halcon\Core.Halcon.csproj::TargetFramework=net9.0-windows]
D:\C#\VM\Services\Core.Halcon\Base\HalconBase.cs(988,24): warning CS8603: 可能返回 null 引用。 [D:\C#\VM\Services\Core.Halcon\Core.Halcon.csproj::TargetFramework=net9.0-windows]
D:\C#\VM\Services\Core.Halcon\Base\HalconBase.cs(992,25): warning CS8602: 解引用可能出现空引用。 [D:\C#\VM\Services\Core.Halcon\Core.Halcon.csproj::TargetFramework=net9.0-windows]
D:\C#\VM\Services\Core.Halcon\Base\HalconBase.cs(1005,32): warning CS8603: 可能返回 null 引用。 [D:\C#\VM\Services\Core.Halcon\Core.Halcon.csproj::TargetFramework=net9.0-windows]
D:\C#\VM\Services\Core.Halcon\Base\HalconBase.cs(1010,24): warning CS8603: 可能返回 null 引用。 [D:\C#\VM\Services\Core.Halcon\Core.Halcon.csproj::TargetFramework=net9.0-windows]
D:\C#\VM\Services\Core.Halcon\Base\HalconBase.cs(1260,26): warning CS8625: 无法将 null 字面量转换为非 null 的引用类型。 [D:\C#\VM\Services\Core.Halcon\Core.Halcon.csproj::TargetFramework=net9.0-windows]
D:\C#\VM\Services\Core.Halcon\Base\HalconBase.cs(1261,27): warning CS8625: 无法将 null 字面量转换为非 null 的引用类型。 [D:\C#\VM\Services\Core.Halcon\Core.Halcon.csproj::TargetFramework=net9.0-windows]
D:\C#\VM\Shard\Core.Controls\Events\ImageDisplayEvent.cs(26,18): warning CS8618: 在退出构造函数时，不可为 null 的 属性 "Image" 必须包含非 null 值。请考虑添加 "required" 修饰符或将该 属性 声明为可为 null。 [D:\C#\VM\Shard\Core.Controls\Core.Controls.csproj]
D:\C#\VM\Shard\Core.Controls\Events\ImageDisplayEvent.cs(31,40): warning CS8618: 在退出构造函数时，不可为 null 的 属性 "Annotations" 必须包含非 null 值。请考虑添加 "required" 修饰符或将该 属性 声明为可为 null。 [D:\C#\VM\Shard\Core.Controls\Core.Controls.csproj]
D:\C#\VM\Shard\Core.Controls\Events\PluginPreviewExtensions.cs(75,31): warning CS8601: 可能的 null 引用赋值。 [D:\C#\VM\Shard\Core.Controls\Core.Controls.csproj]
D:\C#\VM\Shard\Core.Controls\LinkableValueEditor.xaml.cs(240,34): warning CS8622: “void LinkableValueEditor.OnPortValueChanged(object sender, EventArgs e)”的参数“sender”类型中引用类型的为 Null 性与目标委托“EventHandler”不匹配(可能是由于为 Null 性特性)。 [D:\C#\VM\Shard\Core.Controls\Core.Controls.csproj]
D:\C#\VM\Shard\Core.Controls\LinkableValueEditor.xaml.cs(241,34): warning CS8622: “void LinkableValueEditor.OnPortValueChanged(object sender, EventArgs e)”的参数“sender”类型中引用类型的为 Null 性与目标委托“EventHandler”不匹配(可能是由于为 Null 性特性)。 [D:\C#\VM\Shard\Core.Controls\Core.Controls.csproj]
D:\C#\VM\Shard\Core.Controls\LinkableValueEditor.xaml.cs(355,20): warning CS8603: 可能返回 null 引用。 [D:\C#\VM\Shard\Core.Controls\Core.Controls.csproj]
D:\C#\VM\Core\IResourceLockService.cs(20,89): warning CS8625: 无法将 null 字面量转换为非 null 的引用类型。 [D:\C#\VM\Core\VM.Core.csproj]
D:\C#\VM\Core\IResourceLockService.cs(31,104): warning CS8625: 无法将 null 字面量转换为非 null 的引用类型。 [D:\C#\VM\Core\VM.Core.csproj]
D:\C#\VM\Core\IResourceLockService.cs(40,105): warning CS8625: 无法将 null 字面量转换为非 null 的引用类型。 [D:\C#\VM\Core\VM.Core.csproj]
D:\C#\VM\Core\LogService.cs(80,73): warning CS8625: 无法将 null 字面量转换为非 null 的引用类型。 [D:\C#\VM\Core\VM.Core.csproj]
D:\C#\VM\Core\LogService.cs(81,64): warning CS8625: 无法将 null 字面量转换为非 null 的引用类型。 [D:\C#\VM\Core\VM.Core.csproj]
D:\C#\VM\Core\LogService.cs(106,81): warning CS8625: 无法将 null 字面量转换为非 null 的引用类型。 [D:\C#\VM\Core\VM.Core.csproj]
D:\C#\VM\Core\EventModel\SessionStateChangedEventArgs.cs(52,30): warning CS8625: 无法将 null 字面量转换为非 null 的引用类型。 [D:\C#\VM\Core\VM.Core.csproj]
D:\C#\VM\Core\Models\Compileds\CompilationResult.cs(48,45): warning CS0109: 成员“CompilationResult.Ok(CompiledFlow)”不会隐藏可访问成员。不需要关键字 new。 [D:\C#\VM\Core\VM.Core.csproj]
D:\C#\VM\Core\Models\Compileds\CompilationResult.cs(56,45): warning CS0109: 成员“CompilationResult.NG(string)”不会隐藏可访问成员。不需要关键字 new。 [D:\C#\VM\Core\VM.Core.csproj]
D:\C#\VM\Core\Models\ProcessStep\BreakStep.cs(15,93): warning CS8625: 无法将 null 字面量转换为非 null 的引用类型。 [D:\C#\VM\Core\VM.Core.csproj]
D:\C#\VM\Core\Models\ProcessStep\WhileStep.cs(18,99): warning CS8625: 无法将 null 字面量转换为非 null 的引用类型。 [D:\C#\VM\Core\VM.Core.csproj]
D:\C#\VM\Core\Models\ProcessStep\BreakStep.cs(25,96): warning CS8625: 无法将 null 字面量转换为非 null 的引用类型。 [D:\C#\VM\Core\VM.Core.csproj]
D:\C#\VM\Core\Models\ProcessStep\BreakStep.cs(35,94): warning CS8625: 无法将 null 字面量转换为非 null 的引用类型。 [D:\C#\VM\Core\VM.Core.csproj]
D:\C#\VM\Core\Models\Variable\IVariable.cs(29,23): warning CS0108: “IVariable.Description”隐藏继承的成员“IPort.Description”。如果是有意隐藏，请使用关键字 new。 [D:\C#\VM\Core\VM.Core.csproj]
D:\C#\VM\Core\Models\ProcessStep\StepModel.cs(168,106): warning CS8625: 无法将 null 字面量转换为非 null 的引用类型。 [D:\C#\VM\Core\VM.Core.csproj]
D:\C#\VM\Core\Models\ProcessStep\StepModel.cs(341,97): warning CS8625: 无法将 null 字面量转换为非 null 的引用类型。 [D:\C#\VM\Core\VM.Core.csproj]
D:\C#\VM\Core\Models\ProcessStep\ConditionStep.cs(66,31): warning CS8625: 无法将 null 字面量转换为非 null 的引用类型。 [D:\C#\VM\Core\VM.Core.csproj]
D:\C#\VM\Core\Models\ProcessStep\ForStep.cs(39,97): warning CS8625: 无法将 null 字面量转换为非 null 的引用类型。 [D:\C#\VM\Core\VM.Core.csproj]
D:\C#\VM\Core\Models\Variable\ArrayIndexProxyPort.cs(58,34): warning CS8766: “Type? ArrayIndexProxyPort.DataType.get”的返回类型中引用类型的为 Null 性与隐式实现的成员“Type IPort.DataType.get”不匹配(可能是由于为 Null 性特性)。 [D:\C#\VM\Core\VM.Core.csproj]
D:\C#\VM\Core\Models\ProcessStep\StepModel.cs(376,100): warning CS8625: 无法将 null 字面量转换为非 null 的引用类型。 [D:\C#\VM\Core\VM.Core.csproj]
D:\C#\VM\Core\Models\Variable\LocalVariableModel.cs(87,13): warning CS8766: “object? LocalVariableModel.Value.get”的返回类型中引用类型的为 Null 性与隐式实现的成员“object IPort.Value.get”不匹配(可能是由于为 Null 性特性)。 [D:\C#\VM\Core\VM.Core.csproj]
D:\C#\VM\Core\Models\Variable\NetworkVariableModel.cs(104,13): warning CS8766: “object? NetworkVariableModel.Value.get”的返回类型中引用类型的为 Null 性与隐式实现的成员“object IPort.Value.get”不匹配(可能是由于为 Null 性特性)。 [D:\C#\VM\Core\VM.Core.csproj]
D:\C#\VM\Core\Toolkit\AuditLogger.cs(86,71): warning CS8625: 无法将 null 字面量转换为非 null 的引用类型。 [D:\C#\VM\Core\VM.Core.csproj]
D:\C#\VM\Core\Toolkit\ObjectPool.cs(31,68): warning CS8625: 无法将 null 字面量转换为非 null 的引用类型。 [D:\C#\VM\Core\VM.Core.csproj]
D:\C#\VM\Core\Toolkit\RetryPolicy.cs(24,88): warning CS8625: 无法将 null 字面量转换为非 null 的引用类型。 [D:\C#\VM\Core\VM.Core.csproj]
D:\C#\VM\Core\Toolkit\RetryPolicy.cs(55,88): warning CS8625: 无法将 null 字面量转换为非 null 的引用类型。 [D:\C#\VM\Core\VM.Core.csproj]
D:\C#\VM\Core\Toolkit\CloneHelper.cs(20,37): warning CS8603: 可能返回 null 引用。 [D:\C#\VM\Core\VM.Core.csproj]
D:\C#\VM\Core\Toolkit\CloneHelper.cs(29,38): warning CS8600: 将 null 文本或可能的 null 值转换为不可为 null 类型。 [D:\C#\VM\Core\VM.Core.csproj]
D:\C#\VM\Core\Toolkit\CloneHelper.cs(31,20): warning CS8600: 将 null 文本或可能的 null 值转换为不可为 null 类型。 [D:\C#\VM\Core\VM.Core.csproj]
D:\C#\VM\Core\Toolkit\CloneHelper.cs(31,20): warning CS8603: 可能返回 null 引用。 [D:\C#\VM\Core\VM.Core.csproj]
D:\C#\VM\Core\Toolkit\PerformanceProfiler.cs(56,39): warning CS8625: 无法将 null 字面量转换为非 null 的引用类型。 [D:\C#\VM\Core\VM.Core.csproj]
D:\C#\VM\Core\ExecutionContext.cs(41,42): warning CS8603: 可能返回 null 引用。 [D:\C#\VM\Core\VM.Core.csproj]
D:\C#\VM\Core\ExecutionContext.cs(96,16): warning CS8618: 在退出构造函数时，不可为 null 的 属性 "CurrentSession" 必须包含非 null 值。请考虑添加 "required" 修饰符或将该 属性 声明为可为 null。 [D:\C#\VM\Core\VM.Core.csproj]
D:\C#\VM\Core\ExecutionContext.cs(96,16): warning CS8618: 在退出构造函数时，不可为 null 的 属性 "Workspace" 必须包含非 null 值。请考虑添加 "required" 修饰符或将该 属性 声明为可为 null。 [D:\C#\VM\Core\VM.Core.csproj]
D:\C#\VM\Core\Toolkit\CloneHelper.cs(41,37): warning CS8603: 可能返回 null 引用。 [D:\C#\VM\Core\VM.Core.csproj]
D:\C#\VM\Core\Toolkit\CloneHelper.cs(50,20): warning CS8603: 可能返回 null 引用。 [D:\C#\VM\Core\VM.Core.csproj]
D:\C#\VM\Core\LogService.cs(33,16): warning CS8618: 在退出构造函数时，不可为 null 的 事件 "OnLogReceived" 必须包含非 null 值。请考虑添加 "required" 修饰符或将该 事件 声明为可为 null。 [D:\C#\VM\Core\VM.Core.csproj]
D:\C#\VM\Core\IReadOnlyWorkspaceContext.cs(138,67): warning CS8603: 可能返回 null 引用。 [D:\C#\VM\Core\VM.Core.csproj]
D:\C#\VM\Core\IReadOnlyWorkspaceContext.cs(143,16): warning CS8618: 在退出构造函数时，不可为 null 的 字段 "_currentSolution" 必须包含非 null 值。请考虑添加 "required" 修饰符或将该 字段 声明为可为 null。 [D:\C#\VM\Core\VM.Core.csproj]
D:\C#\VM\Core\IReadOnlyWorkspaceContext.cs(143,16): warning CS8618: 在退出构造函数时，不可为 null 的 字段 "_currentFlow" 必须包含非 null 值。请考虑添加 "required" 修饰符或将该 字段 声明为可为 null。 [D:\C#\VM\Core\VM.Core.csproj]
D:\C#\VM\Core\IReadOnlyWorkspaceContext.cs(143,16): warning CS8618: 在退出构造函数时，不可为 null 的 字段 "_currentStep" 必须包含非 null 值。请考虑添加 "required" 修饰符或将该 字段 声明为可为 null。 [D:\C#\VM\Core\VM.Core.csproj]
D:\C#\VM\Core\IReadOnlyWorkspaceContext.cs(164,24): warning CS8625: 无法将 null 字面量转换为非 null 的引用类型。 [D:\C#\VM\Core\VM.Core.csproj]
D:\C#\VM\Core\IReadOnlyWorkspaceContext.cs(180,29): warning CS8601: 可能的 null 引用赋值。 [D:\C#\VM\Core\VM.Core.csproj]
D:\C#\VM\Core\IReadOnlyWorkspaceContext.cs(181,24): warning CS8625: 无法将 null 字面量转换为非 null 的引用类型。 [D:\C#\VM\Core\VM.Core.csproj]
D:\C#\VM\Core\IReadOnlyWorkspaceContext.cs(198,29): warning CS8601: 可能的 null 引用赋值。 [D:\C#\VM\Core\VM.Core.csproj]
D:\C#\VM\Core\Toolkit\PerformanceMonitor.cs(298,43): warning CS8618: 在退出构造函数时，不可为 null 的 属性 "NodeStats" 必须包含非 null 值。请考虑添加 "required" 修饰符或将该 属性 声明为可为 null。 [D:\C#\VM\Core\VM.Core.csproj]
D:\C#\VM\Core\Toolkit\PerformanceMonitor.cs(303,46): warning CS8618: 在退出构造函数时，不可为 null 的 属性 "SessionStats" 必须包含非 null 值。请考虑添加 "required" 修饰符或将该 属性 声明为可为 null。 [D:\C#\VM\Core\VM.Core.csproj]
D:\C#\VM\Core\Toolkit\PerformanceMonitor.cs(257,23): warning CS8618: 在退出构造函数时，不可为 null 的 属性 "SessionId" 必须包含非 null 值。请考虑添加 "required" 修饰符或将该 属性 声明为可为 null。 [D:\C#\VM\Core\VM.Core.csproj]
D:\C#\VM\Core\Toolkit\PerformanceMonitor.cs(262,23): warning CS8618: 在退出构造函数时，不可为 null 的 属性 "FlowName" 必须包含非 null 值。请考虑添加 "required" 修饰符或将该 属性 声明为可为 null。 [D:\C#\VM\Core\VM.Core.csproj]
D:\C#\VM\Core\Toolkit\PerformanceMonitor.cs(221,23): warning CS8618: 在退出构造函数时，不可为 null 的 属性 "NodeName" 必须包含非 null 值。请考虑添加 "required" 修饰符或将该 属性 声明为可为 null。 [D:\C#\VM\Core\VM.Core.csproj]
D:\C#\VM\Core\Helpers\WatchPortWrapper.cs(150,40): warning CS8603: 可能返回 null 引用。 [D:\C#\VM\Core\VM.Core.csproj]
D:\C#\VM\Core\Helpers\TypeCache.cs(38,16): warning CS8618: 在退出构造函数时，不可为 null 的 字段 "_cleanupTimer" 必须包含非 null 值。请考虑添加 "required" 修饰符或将该 字段 声明为可为 null。 [D:\C#\VM\Core\VM.Core.csproj]
D:\C#\VM\Core\Helpers\SystemMonitor.cs(350,23): warning CS8618: 在退出构造函数时，不可为 null 的 属性 "ProcessName" 必须包含非 null 值。请考虑添加 "required" 修饰符或将该 属性 声明为可为 null。 [D:\C#\VM\Core\VM.Core.csproj]
D:\C#\VM\Core\Helpers\SystemMonitor.cs(34,17): warning CS8618: 在退出构造函数时，不可为 null 的 字段 "_diskReadCounter" 必须包含非 null 值。请考虑添加 "required" 修饰符或将该 字段 声明为可为 null。 [D:\C#\VM\Core\VM.Core.csproj]
D:\C#\VM\Core\Helpers\SystemMonitor.cs(34,17): warning CS8618: 在退出构造函数时，不可为 null 的 字段 "_diskWriteCounter" 必须包含非 null 值。请考虑添加 "required" 修饰符或将该 字段 声明为可为 null。 [D:\C#\VM\Core\VM.Core.csproj]
D:\C#\VM\Core\Helpers\SystemMonitor.cs(34,17): warning CS8618: 在退出构造函数时，不可为 null 的 字段 "_networkSentCounter" 必须包含非 null 值。请考虑添加 "required" 修饰符或将该 字段 声明为可为 null。 [D:\C#\VM\Core\VM.Core.csproj]
D:\C#\VM\Core\Helpers\SystemMonitor.cs(34,17): warning CS8618: 在退出构造函数时，不可为 null 的 字段 "_networkReceivedCounter" 必须包含非 null 值。请考虑添加 "required" 修饰符或将该 字段 声明为可为 null。 [D:\C#\VM\Core\VM.Core.csproj]
D:\C#\VM\Core\Models\WatchItemModel.cs(30,23): warning CS8618: 在退出构造函数时，不可为 null 的 属性 "StepName" 必须包含非 null 值。请考虑添加 "required" 修饰符或将该 属性 声明为可为 null。 [D:\C#\VM\Core\VM.Core.csproj]
D:\C#\VM\Core\Models\WatchItemModel.cs(35,23): warning CS8618: 在退出构造函数时，不可为 null 的 属性 "PortName" 必须包含非 null 值。请考虑添加 "required" 修饰符或将该 属性 声明为可为 null。 [D:\C#\VM\Core\VM.Core.csproj]
D:\C#\VM\Core\Models\WatchItemModel.cs(47,23): warning CS8618: 在退出构造函数时，不可为 null 的 属性 "GlobalVariableName" 必须包含非 null 值。请考虑添加 "required" 修饰符或将该 属性 声明为可为 null。 [D:\C#\VM\Core\VM.Core.csproj]
D:\C#\VM\Core\Helpers\TypeHelper.cs(94,16): warning CS8603: 可能返回 null 引用。 [D:\C#\VM\Core\VM.Core.csproj]
D:\C#\VM\Core\Helpers\WatchPortWrapper.cs(209,54): warning CS8622: “void WatchPortWrapper.OnPortValueChanged(object sender, EventArgs e)”的参数“sender”类型中引用类型的为 Null 性与目标委托“EventHandler”不匹配(可能是由于为 Null 性特性)。 [D:\C#\VM\Core\VM.Core.csproj]
D:\C#\VM\Core\Helpers\WatchPortWrapper.cs(200,16): warning CS8618: 在退出构造函数时，不可为 null 的 字段 "_port" 必须包含非 null 值。请考虑添加 "required" 修饰符或将该 字段 声明为可为 null。 [D:\C#\VM\Core\VM.Core.csproj]
D:\C#\VM\Core\Helpers\WatchPortWrapper.cs(200,16): warning CS8618: 在退出构造函数时，不可为 null 的 字段 "_globalVar" 必须包含非 null 值。请考虑添加 "required" 修饰符或将该 字段 声明为可为 null。 [D:\C#\VM\Core\VM.Core.csproj]
D:\C#\VM\Core\Helpers\WatchPortWrapper.cs(200,16): warning CS8618: 在退出构造函数时，不可为 null 的 字段 "_currentValue" 必须包含非 null 值。请考虑添加 "required" 修饰符或将该 字段 声明为可为 null。 [D:\C#\VM\Core\VM.Core.csproj]
D:\C#\VM\Core\Helpers\WatchPortWrapper.cs(224,64): warning CS8622: “void WatchPortWrapper.OnGlobalVarValueChanged(object sender, EventArgs e)”的参数“sender”类型中引用类型的为 Null 性与目标委托“EventHandler”不匹配(可能是由于为 Null 性特性)。 [D:\C#\VM\Core\VM.Core.csproj]
D:\C#\VM\Core\Helpers\WatchPortWrapper.cs(215,16): warning CS8618: 在退出构造函数时，不可为 null 的 字段 "_port" 必须包含非 null 值。请考虑添加 "required" 修饰符或将该 字段 声明为可为 null。 [D:\C#\VM\Core\VM.Core.csproj]
D:\C#\VM\Core\Helpers\WatchPortWrapper.cs(215,16): warning CS8618: 在退出构造函数时，不可为 null 的 字段 "_globalVar" 必须包含非 null 值。请考虑添加 "required" 修饰符或将该 字段 声明为可为 null。 [D:\C#\VM\Core\VM.Core.csproj]
D:\C#\VM\Core\Helpers\WatchPortWrapper.cs(215,16): warning CS8618: 在退出构造函数时，不可为 null 的 字段 "_currentValue" 必须包含非 null 值。请考虑添加 "required" 修饰符或将该 字段 声明为可为 null。 [D:\C#\VM\Core\VM.Core.csproj]
D:\C#\VM\Core\Helpers\WatchPortWrapper.cs(230,16): warning CS8618: 在退出构造函数时，不可为 null 的 字段 "_port" 必须包含非 null 值。请考虑添加 "required" 修饰符或将该 字段 声明为可为 null。 [D:\C#\VM\Core\VM.Core.csproj]
D:\C#\VM\Core\Helpers\WatchPortWrapper.cs(230,16): warning CS8618: 在退出构造函数时，不可为 null 的 字段 "_globalVar" 必须包含非 null 值。请考虑添加 "required" 修饰符或将该 字段 声明为可为 null。 [D:\C#\VM\Core\VM.Core.csproj]
D:\C#\VM\Core\Helpers\WatchPortWrapper.cs(230,16): warning CS8618: 在退出构造函数时，不可为 null 的 字段 "_currentValue" 必须包含非 null 值。请考虑添加 "required" 修饰符或将该 字段 声明为可为 null。 [D:\C#\VM\Core\VM.Core.csproj]
D:\C#\VM\Core\Models\AppConfigModel.cs(20,23): warning CS8618: 在退出构造函数时，不可为 null 的 属性 "Name" 必须包含非 null 值。请考虑添加 "required" 修饰符或将该 属性 声明为可为 null。 [D:\C#\VM\Core\VM.Core.csproj]
D:\C#\VM\Core\Models\AppConfigModel.cs(26,23): warning CS8618: 在退出构造函数时，不可为 null 的 属性 "Path" 必须包含非 null 值。请考虑添加 "required" 修饰符或将该 属性 声明为可为 null。 [D:\C#\VM\Core\VM.Core.csproj]
D:\C#\VM\Core\Helpers\TypeCache.cs(158,58): warning CS8600: 将 null 文本或可能的 null 值转换为不可为 null 类型。 [D:\C#\VM\Core\VM.Core.csproj]
D:\C#\VM\Core\Helpers\TypeCache.cs(167,20): warning CS8625: 无法将 null 字面量转换为非 null 的引用类型。 [D:\C#\VM\Core\VM.Core.csproj]
D:\C#\VM\Core\Helpers\TypeCache.cs(179,25): warning CS8600: 将 null 文本或可能的 null 值转换为不可为 null 类型。 [D:\C#\VM\Core\VM.Core.csproj]
D:\C#\VM\Core\Helpers\TypeCache.cs(186,24): warning CS8600: 将 null 文本或可能的 null 值转换为不可为 null 类型。 [D:\C#\VM\Core\VM.Core.csproj]
D:\C#\VM\Core\Helpers\TypeCache.cs(191,20): warning CS8603: 可能返回 null 引用。 [D:\C#\VM\Core\VM.Core.csproj]
D:\C#\VM\Core\Toolkit\PerformanceMonitor.cs(185,20): warning CS8603: 可能返回 null 引用。 [D:\C#\VM\Core\VM.Core.csproj]
D:\C#\VM\Core\Toolkit\PerformanceMonitor.cs(194,20): warning CS8603: 可能返回 null 引用。 [D:\C#\VM\Core\VM.Core.csproj]
D:\C#\VM\Core\Helpers\WatchPortWrapper.cs(262,54): warning CS8622: “void WatchPortWrapper.OnPortValueChanged(object sender, EventArgs e)”的参数“sender”类型中引用类型的为 Null 性与目标委托“EventHandler”不匹配(可能是由于为 Null 性特性)。 [D:\C#\VM\Core\VM.Core.csproj]
D:\C#\VM\Core\Helpers\WatchPortWrapper.cs(263,64): warning CS8622: “void WatchPortWrapper.OnGlobalVarValueChanged(object sender, EventArgs e)”的参数“sender”类型中引用类型的为 Null 性与目标委托“EventHandler”不匹配(可能是由于为 Null 性特性)。 [D:\C#\VM\Core\VM.Core.csproj]
D:\C#\VM\Core\Helpers\TypeCache.cs(33,25): warning CS8618: 在退出构造函数时，不可为 null 的 属性 "Type" 必须包含非 null 值。请考虑添加 "required" 修饰符或将该 属性 声明为可为 null。 [D:\C#\VM\Core\VM.Core.csproj]
D:\C#\VM\Core\CommunicationContracts\CommunicationVariable.cs(37,49): warning CS8601: 可能的 null 引用赋值。 [D:\C#\VM\Core\VM.Core.csproj]
D:\C#\VM\Core\Helpers\TypeCache.cs(218,44): warning CS8604: “string TypeCache.GetSimpleTypeKey(Type type)”中的形参“type”可能传入 null 引用实参。 [D:\C#\VM\Core\VM.Core.csproj]
D:\C#\VM\Core\Toolkit\AuditLogger.cs(242,23): warning CS8618: 在退出构造函数时，不可为 null 的 属性 "OperationName" 必须包含非 null 值。请考虑添加 "required" 修饰符或将该 属性 声明为可为 null。 [D:\C#\VM\Core\VM.Core.csproj]
D:\C#\VM\Core\Toolkit\AuditLogger.cs(243,23): warning CS8618: 在退出构造函数时，不可为 null 的 属性 "UserId" 必须包含非 null 值。请考虑添加 "required" 修饰符或将该 属性 声明为可为 null。 [D:\C#\VM\Core\VM.Core.csproj]
D:\C#\VM\Core\Toolkit\AuditLogger.cs(244,23): warning CS8618: 在退出构造函数时，不可为 null 的 属性 "UserName" 必须包含非 null 值。请考虑添加 "required" 修饰符或将该 属性 声明为可为 null。 [D:\C#\VM\Core\VM.Core.csproj]
D:\C#\VM\Core\Toolkit\AuditLogger.cs(245,23): warning CS8618: 在退出构造函数时，不可为 null 的 属性 "Details" 必须包含非 null 值。请考虑添加 "required" 修饰符或将该 属性 声明为可为 null。 [D:\C#\VM\Core\VM.Core.csproj]
D:\C#\VM\Core\Toolkit\AuditLogger.cs(247,23): warning CS8618: 在退出构造函数时，不可为 null 的 属性 "IpAddress" 必须包含非 null 值。请考虑添加 "required" 修饰符或将该 属性 声明为可为 null。 [D:\C#\VM\Core\VM.Core.csproj]
D:\C#\VM\Core\Helpers\WatchPortWrapper.cs(61,41): warning CS8604: “string ArrayWatchValueFormatter.FormatElement(object element)”中的形参“element”可能传入 null 引用实参。 [D:\C#\VM\Core\VM.Core.csproj]
D:\C#\VM\Core\Toolkit\BatchDataWriter.cs(43,16): warning CS8618: 在退出构造函数时，不可为 null 的 事件 "WriteCompleted" 必须包含非 null 值。请考虑添加 "required" 修饰符或将该 事件 声明为可为 null。 [D:\C#\VM\Core\VM.Core.csproj]
D:\C#\VM\Core\Toolkit\BatchDataWriter.cs(43,16): warning CS8618: 在退出构造函数时，不可为 null 的 事件 "WriteFailed" 必须包含非 null 值。请考虑添加 "required" 修饰符或将该 事件 声明为可为 null。 [D:\C#\VM\Core\VM.Core.csproj]
D:\C#\VM\Core\CommunicationContracts\CommunicationConfig.cs(249,26): warning CS8601: 可能的 null 引用赋值。 [D:\C#\VM\Core\VM.Core.csproj]
D:\C#\VM\Core\Toolkit\BlockingQueue.cs(64,24): warning CS8601: 可能的 null 引用赋值。 [D:\C#\VM\Core\VM.Core.csproj]
D:\C#\VM\Core\Toolkit\BlockingQueue.cs(67,48): warning CS8601: 可能的 null 引用赋值。 [D:\C#\VM\Core\VM.Core.csproj]
D:\C#\VM\Core\Models\Compileds\CompiledBranch.cs(20,23): warning CS8618: 在退出构造函数时，不可为 null 的 属性 "ConditionLambda" 必须包含非 null 值。请考虑添加 "required" 修饰符或将该 属性 声明为可为 null。 [D:\C#\VM\Core\VM.Core.csproj]
D:\C#\VM\Core\Models\Compileds\CompiledBreakNode.cs(24,20): warning CS8603: 可能返回 null 引用。 [D:\C#\VM\Core\VM.Core.csproj]
D:\C#\VM\Core\Models\Compileds\CompiledBreakNode.cs(41,20): warning CS8603: 可能返回 null 引用。 [D:\C#\VM\Core\VM.Core.csproj]
D:\C#\VM\Core\Helpers\WatchPortWrapper.cs(75,20): warning CS8603: 可能返回 null 引用。 [D:\C#\VM\Core\VM.Core.csproj]
D:\C#\VM\Core\Toolkit\BatchDataWriter.cs(139,34): warning CS0168: 声明了变量“ex”，但从未使用过 [D:\C#\VM\Core\VM.Core.csproj]
D:\C#\VM\Core\Models\Compileds\CompiledBreakNode.cs(59,20): warning CS8603: 可能返回 null 引用。 [D:\C#\VM\Core\VM.Core.csproj]
D:\C#\VM\Core\Models\Compileds\CompiledForNode.cs(61,20): warning CS8603: 可能返回 null 引用。 [D:\C#\VM\Core\VM.Core.csproj]
D:\C#\VM\Core\CommunicationContracts\CommunicationConfig.cs(271,22): warning CS8601: 可能的 null 引用赋值。 [D:\C#\VM\Core\VM.Core.csproj]
D:\C#\VM\Core\Models\Compileds\CompiledPluginNode.cs(34,24): warning CS8603: 可能返回 null 引用。 [D:\C#\VM\Core\VM.Core.csproj]
D:\C#\VM\Core\Models\Compileds\CompiledPluginNode.cs(50,28): warning CS8603: 可能返回 null 引用。 [D:\C#\VM\Core\VM.Core.csproj]
D:\C#\VM\Core\Models\Compileds\CompiledPluginNode.cs(61,20): warning CS8603: 可能返回 null 引用。 [D:\C#\VM\Core\VM.Core.csproj]
D:\C#\VM\Core\Models\Compileds\CompiledPluginNode.cs(19,30): warning CS8618: 在退出构造函数时，不可为 null 的 属性 "ExternalPlugin" 必须包含非 null 值。请考虑添加 "required" 修饰符或将该 属性 声明为可为 null。 [D:\C#\VM\Core\VM.Core.csproj]
D:\C#\VM\Core\Toolkit\BatchDataWriter.cs(198,30): warning CS0168: 声明了变量“ex”，但从未使用过 [D:\C#\VM\Core\VM.Core.csproj]
D:\C#\VM\Core\Models\Compileds\CompiledForNode.cs(22,28): warning CS8618: 在退出构造函数时，不可为 null 的 属性 "LoopCountLink" 必须包含非 null 值。请考虑添加 "required" 修饰符或将该 属性 声明为可为 null。 [D:\C#\VM\Core\VM.Core.csproj]
D:\C#\VM\Core\Models\Compileds\CompiledWhileNode.cs(62,20): warning CS8603: 可能返回 null 引用。 [D:\C#\VM\Core\VM.Core.csproj]
D:\C#\VM\Core\Models\Compileds\CompiledNode.cs(115,24): warning CS8603: 可能返回 null 引用。 [D:\C#\VM\Core\VM.Core.csproj]
D:\C#\VM\Core\Models\Compileds\CompiledNode.cs(120,24): warning CS8603: 可能返回 null 引用。 [D:\C#\VM\Core\VM.Core.csproj]
D:\C#\VM\Core\Models\Compileds\CompiledNode.cs(125,20): warning CS8603: 可能返回 null 引用。 [D:\C#\VM\Core\VM.Core.csproj]
D:\C#\VM\Core\Toolkit\AuditLogger.cs(104,33): warning CS8602: 解引用可能出现空引用。 [D:\C#\VM\Core\VM.Core.csproj]
D:\C#\VM\Core\Toolkit\AuditLogger.cs(118,34): warning CS0168: 声明了变量“ex”，但从未使用过 [D:\C#\VM\Core\VM.Core.csproj]
D:\C#\VM\Core\Models\Compileds\CompiledWhileNode.cs(18,31): warning CS8618: 在退出构造函数时，不可为 null 的 属性 "LoopBranch" 必须包含非 null 值。请考虑添加 "required" 修饰符或将该 属性 声明为可为 null。 [D:\C#\VM\Core\VM.Core.csproj]
D:\C#\VM\Core\Models\InputPortUIModel.cs(46,16): warning CS8618: 在退出构造函数时，不可为 null 的 字段 "_linkedAddress" 必须包含非 null 值。请考虑添加 "required" 修饰符或将该 字段 声明为可为 null。 [D:\C#\VM\Core\VM.Core.csproj]
D:\C#\VM\Core\Models\PortDefinition.cs(19,23): warning CS8618: 在退出构造函数时，不可为 null 的 属性 "Name" 必须包含非 null 值。请考虑添加 "required" 修饰符或将该 属性 声明为可为 null。 [D:\C#\VM\Core\VM.Core.csproj]
D:\C#\VM\Core\Models\PortDefinition.cs(24,23): warning CS8618: 在退出构造函数时，不可为 null 的 属性 "Description" 必须包含非 null 值。请考虑添加 "required" 修饰符或将该 属性 声明为可为 null。 [D:\C#\VM\Core\VM.Core.csproj]
D:\C#\VM\Core\Models\PortDefinition.cs(29,23): warning CS8618: 在退出构造函数时，不可为 null 的 属性 "DataTypeName" 必须包含非 null 值。请考虑添加 "required" 修饰符或将该 属性 声明为可为 null。 [D:\C#\VM\Core\VM.Core.csproj]
D:\C#\VM\Core\Models\LocalVariableItem.cs(23,23): warning CS9264: 在退出构造函数时，不可为 null 的 属性 'Name' 必须包含非 null 值。请考虑添加“required”修饰符，或将 属性 声明为可为 null，或安全地处理“get”访问器中“field”为 null 的情况。 [D:\C#\VM\Core\VM.Core.csproj]
D:\C#\VM\Core\Models\Compileds\CompiledIfNode.cs(45,24): warning CS8603: 可能返回 null 引用。 [D:\C#\VM\Core\VM.Core.csproj]
D:\C#\VM\Core\Models\Compileds\CompiledIfNode.cs(83,20): warning CS8603: 可能返回 null 引用。 [D:\C#\VM\Core\VM.Core.csproj]
D:\C#\VM\Core\Toolkit\DebounceThrottle.cs(22,43): warning CS8600: 将 null 文本或可能的 null 值转换为不可为 null 类型。 [D:\C#\VM\Core\VM.Core.csproj]
D:\C#\VM\Core\Toolkit\EventExtensions.cs(33,13): warning CS8602: 解引用可能出现空引用。 [D:\C#\VM\Core\VM.Core.csproj]
D:\C#\VM\Core\Models\Compileds\CompiledNode.cs(258,47): warning CS8625: 无法将 null 字面量转换为非 null 的引用类型。 [D:\C#\VM\Core\VM.Core.csproj]
D:\C#\VM\Core\Models\Compileds\CompiledNode.cs(23,23): warning CS8618: 在退出构造函数时，不可为 null 的 属性 "Name" 必须包含非 null 值。请考虑添加 "required" 修饰符或将该 属性 声明为可为 null。 [D:\C#\VM\Core\VM.Core.csproj]
D:\C#\VM\Core\Models\Compileds\CompiledNode.cs(28,23): warning CS8618: 在退出构造函数时，不可为 null 的 属性 "StepName" 必须包含非 null 值。请考虑添加 "required" 修饰符或将该 属性 声明为可为 null。 [D:\C#\VM\Core\VM.Core.csproj]
D:\C#\VM\Core\Models\Compileds\CompiledNode.cs(39,26): warning CS8618: 在退出构造函数时，不可为 null 的 属性 "Blueprint" 必须包含非 null 值。请考虑添加 "required" 修饰符或将该 属性 声明为可为 null。 [D:\C#\VM\Core\VM.Core.csproj]
D:\C#\VM\Core\Toolkit\GlobalExceptionHandler.cs(73,35): warning CS8602: 解引用可能出现空引用。 [D:\C#\VM\Core\VM.Core.csproj]
D:\C#\VM\Core\Toolkit\GlobalExceptionHandler.cs(20,71): warning CS8618: 在退出构造函数时，不可为 null 的 事件 "ExceptionOccurred" 必须包含非 null 值。请考虑添加 "required" 修饰符或将该 事件 声明为可为 null。 [D:\C#\VM\Core\VM.Core.csproj]
D:\C#\VM\Core\Models\SolutionConfig.cs(18,23): warning CS8618: 在退出构造函数时，不可为 null 的 属性 "DockLayoutXml" 必须包含非 null 值。请考虑添加 "required" 修饰符或将该 属性 声明为可为 null。 [D:\C#\VM\Core\VM.Core.csproj]
D:\C#\VM\Core\Models\ToolItemModel.cs(85,23): warning CS8618: 在退出构造函数时，不可为 null 的 属性 "Name" 必须包含非 null 值。请考虑添加 "required" 修饰符或将该 属性 声明为可为 null。 [D:\C#\VM\Core\VM.Core.csproj]
D:\C#\VM\Core\Toolkit\EventExtensions.cs(53,51): warning CS8601: 可能的 null 引用赋值。 [D:\C#\VM\Core\VM.Core.csproj]
D:\C#\VM\Core\Models\TreeNodeModel.cs(20,23): warning CS8618: 在退出构造函数时，不可为 null 的 属性 "NodeName" 必须包含非 null 值。请考虑添加 "required" 修饰符或将该 属性 声明为可为 null。 [D:\C#\VM\Core\VM.Core.csproj]
D:\C#\VM\Core\Models\TreeNodeModel.cs(25,23): warning CS8618: 在退出构造函数时，不可为 null 的 属性 "IconCode" 必须包含非 null 值。请考虑添加 "required" 修饰符或将该 属性 声明为可为 null。 [D:\C#\VM\Core\VM.Core.csproj]
D:\C#\VM\Core\Models\SolutionModel.cs(58,24): warning CS8618: 在退出构造函数时，不可为 null 的 字段 "solutionFilePath" 必须包含非 null 值。请考虑添加 "required" 修饰符或将该 字段 声明为可为 null。 [D:\C#\VM\Core\VM.Core.csproj]
D:\C#\VM\Core\Models\Variable\RuntimeVariableProxyPort.cs(66,16): warning CS8618: 在退出构造函数时，不可为 null 的 字段 "_context" 必须包含非 null 值。请考虑添加 "required" 修饰符或将该 字段 声明为可为 null。 [D:\C#\VM\Core\VM.Core.csproj]
D:\C#\VM\Core\Models\Variable\RuntimeVariableProxyPort.cs(66,16): warning CS8618: 在退出构造函数时，不可为 null 的 事件 "ValueChanged" 必须包含非 null 值。请考虑添加 "required" 修饰符或将该 事件 声明为可为 null。 [D:\C#\VM\Core\VM.Core.csproj]
D:\C#\VM\Core\Models\Variable\RuntimeVariableProxyPort.cs(86,28): warning CS8603: 可能返回 null 引用。 [D:\C#\VM\Core\VM.Core.csproj]
D:\C#\VM\Core\Models\Variable\RuntimeVariableProxyPort.cs(92,24): warning CS8603: 可能返回 null 引用。 [D:\C#\VM\Core\VM.Core.csproj]
D:\C#\VM\Core\Models\ProcessStep\StepCollection.cs(42,23): warning CS9264: 在退出构造函数时，不可为 null 的 属性 'StepName' 必须包含非 null 值。请考虑添加“required”修饰符，或将 属性 声明为可为 null，或安全地处理“get”访问器中“field”为 null 的情况。 [D:\C#\VM\Core\VM.Core.csproj]
D:\C#\VM\Core\Models\ProcessStep\StepCollection.cs(62,23): warning CS9264: 在退出构造函数时，不可为 null 的 属性 'Expression' 必须包含非 null 值。请考虑添加“required”修饰符，或将 属性 声明为可为 null，或安全地处理“get”访问器中“field”为 null 的情况。 [D:\C#\VM\Core\VM.Core.csproj]
D:\C#\VM\Core\Models\FlowSession.cs(275,43): warning CS8604: “void FlowSession.AddBlueprintsDeep(IEnumerable<StepModel> steps)”中的形参“steps”可能传入 null 引用实参。 [D:\C#\VM\Core\VM.Core.csproj]
D:\C#\VM\Core\Models\VariableNode.cs(215,37): warning CS8601: 可能的 null 引用赋值。 [D:\C#\VM\Core\VM.Core.csproj]
D:\C#\VM\Core\Models\ToolItemModel.cs(33,23): warning CS8618: 在退出构造函数时，不可为 null 的 属性 "Icon" 必须包含非 null 值。请考虑添加 "required" 修饰符或将该 属性 声明为可为 null。 [D:\C#\VM\Core\VM.Core.csproj]
D:\C#\VM\Core\Models\ToolItemModel.cs(38,23): warning CS8618: 在退出构造函数时，不可为 null 的 属性 "Category" 必须包含非 null 值。请考虑添加 "required" 修饰符或将该 属性 声明为可为 null。 [D:\C#\VM\Core\VM.Core.csproj]
D:\C#\VM\Core\Models\ToolItemModel.cs(43,23): warning CS8618: 在退出构造函数时，不可为 null 的 属性 "Name" 必须包含非 null 值。请考虑添加 "required" 修饰符或将该 属性 声明为可为 null。 [D:\C#\VM\Core\VM.Core.csproj]
D:\C#\VM\Core\Models\ToolItemModel.cs(48,23): warning CS8618: 在退出构造函数时，不可为 null 的 属性 "Description" 必须包含非 null 值。请考虑添加 "required" 修饰符或将该 属性 声明为可为 null。 [D:\C#\VM\Core\VM.Core.csproj]
D:\C#\VM\Core\Models\ToolItemModel.cs(63,23): warning CS8618: 在退出构造函数时，不可为 null 的 属性 "ModuleTypeName" 必须包含非 null 值。请考虑添加 "required" 修饰符或将该 属性 声明为可为 null。 [D:\C#\VM\Core\VM.Core.csproj]
D:\C#\VM\Core\Toolkit\HardwareHeartbeatMonitor.cs(30,38): warning CS8622: “void HardwareHeartbeatMonitor.OnGlobalHeartbeatTick(object state)”的参数“state”类型中引用类型的为 Null 性与目标委托“TimerCallback”不匹配(可能是由于为 Null 性特性)。 [D:\C#\VM\Core\VM.Core.csproj]
D:\C#\VM\Core\Toolkit\HardwareHeartbeatMonitor.cs(27,17): warning CS8618: 在退出构造函数时，不可为 null 的 事件 "HardwareStatusChanged" 必须包含非 null 值。请考虑添加 "required" 修饰符或将该 事件 声明为可为 null。 [D:\C#\VM\Core\VM.Core.csproj]
D:\C#\VM\Core\Toolkit\HighPrecisionTimer.cs(83,30): warning CS0168: 声明了变量“ex”，但从未使用过 [D:\C#\VM\Core\VM.Core.csproj]
D:\C#\VM\Core\Toolkit\HighPrecisionTimer.cs(95,27): warning CS8625: 无法将 null 字面量转换为非 null 的引用类型。 [D:\C#\VM\Core\VM.Core.csproj]
D:\C#\VM\Core\Models\VariableNode.cs(278,37): warning CS8601: 可能的 null 引用赋值。 [D:\C#\VM\Core\VM.Core.csproj]
D:\C#\VM\Core\Models\VariableNode.cs(279,30): warning CS8601: 可能的 null 引用赋值。 [D:\C#\VM\Core\VM.Core.csproj]
D:\C#\VM\Core\Models\FlowModel.cs(207,16): warning CS9264: 在退出构造函数时，不可为 null 的 属性 'FlowName' 必须包含非 null 值。请考虑添加“required”修饰符，或将 属性 声明为可为 null，或安全地处理“get”访问器中“field”为 null 的情况。 [D:\C#\VM\Core\VM.Core.csproj]
D:\C#\VM\Core\Models\FlowModel.cs(207,16): warning CS9264: 在退出构造函数时，不可为 null 的 属性 'Description' 必须包含非 null 值。请考虑添加“required”修饰符，或将 属性 声明为可为 null，或安全地处理“get”访问器中“field”为 null 的情况。 [D:\C#\VM\Core\VM.Core.csproj]
D:\C#\VM\Core\Models\FlowModel.cs(207,16): warning CS9264: 在退出构造函数时，不可为 null 的 属性 'TriggerVariable' 必须包含非 null 值。请考虑添加“required”修饰符，或将 属性 声明为可为 null，或安全地处理“get”访问器中“field”为 null 的情况。 [D:\C#\VM\Core\VM.Core.csproj]
D:\C#\VM\Core\Models\VariableNode.cs(20,26): warning CS8618: 在退出构造函数时，不可为 null 的 属性 "OriginalModel" 必须包含非 null 值。请考虑添加 "required" 修饰符或将该 属性 声明为可为 null。 [D:\C#\VM\Core\VM.Core.csproj]
D:\C#\VM\Core\Models\VariableNode.cs(97,23): warning CS8618: 在退出构造函数时，不可为 null 的 属性 "Name" 必须包含非 null 值。请考虑添加 "required" 修饰符或将该 属性 声明为可为 null。 [D:\C#\VM\Core\VM.Core.csproj]
D:\C#\VM\Core\Models\VariableNode.cs(102,21): warning CS8618: 在退出构造函数时，不可为 null 的 属性 "DataType" 必须包含非 null 值。请考虑添加 "required" 修饰符或将该 属性 声明为可为 null。 [D:\C#\VM\Core\VM.Core.csproj]
D:\C#\VM\Core\Models\VariableNode.cs(107,23): warning CS8618: 在退出构造函数时，不可为 null 的 属性 "TypeName" 必须包含非 null 值。请考虑添加 "required" 修饰符或将该 属性 声明为可为 null。 [D:\C#\VM\Core\VM.Core.csproj]
D:\C#\VM\Core\Models\VariableNode.cs(112,23): warning CS8618: 在退出构造函数时，不可为 null 的 属性 "Description" 必须包含非 null 值。请考虑添加 "required" 修饰符或将该 属性 声明为可为 null。 [D:\C#\VM\Core\VM.Core.csproj]
D:\C#\VM\Core\Models\VariableNode.cs(117,23): warning CS8618: 在退出构造函数时，不可为 null 的 属性 "RawValue" 必须包含非 null 值。请考虑添加 "required" 修饰符或将该 属性 声明为可为 null。 [D:\C#\VM\Core\VM.Core.csproj]
D:\C#\VM\Core\Models\VariableNode.cs(134,23): warning CS8618: 在退出构造函数时，不可为 null 的 属性 "ChildDefaultValue" 必须包含非 null 值。请考虑添加 "required" 修饰符或将该 属性 声明为可为 null。 [D:\C#\VM\Core\VM.Core.csproj]
D:\C#\VM\Core\Models\VariableNode.cs(139,23): warning CS8618: 在退出构造函数时，不可为 null 的 属性 "ChildValue" 必须包含非 null 值。请考虑添加 "required" 修饰符或将该 属性 声明为可为 null。 [D:\C#\VM\Core\VM.Core.csproj]
D:\C#\VM\Core\Toolkit\AuditLogger.cs(181,34): warning CS0168: 声明了变量“ex”，但从未使用过 [D:\C#\VM\Core\VM.Core.csproj]
D:\C#\VM\Core\CommunicationContracts\DeviceAddressBase.cs(309,27): warning CS8618: 在退出构造函数时，不可为 null 的 字段 "_area" 必须包含非 null 值。请考虑添加 "required" 修饰符或将该 字段 声明为可为 null。 [D:\C#\VM\Core\VM.Core.csproj]
D:\C#\VM\Core\Models\FlowSession.cs(45,24): warning CS8618: 在退出构造函数时，不可为 null 的 字段 "_flowName" 必须包含非 null 值。请考虑添加 "required" 修饰符或将该 字段 声明为可为 null。 [D:\C#\VM\Core\VM.Core.csproj]
D:\C#\VM\Core\Models\FlowSession.cs(175,42): warning CS8618: 在退出构造函数时，不可为 null 的 事件 "DebugStopped" 必须包含非 null 值。请考虑添加 "required" 修饰符或将该 事件 声明为可为 null。 [D:\C#\VM\Core\VM.Core.csproj]
D:\C#\VM\Core\Models\FlowSession.cs(295,26): warning CS8618: 在退出构造函数时，不可为 null 的 属性 "FocusedStep" 必须包含非 null 值。请考虑添加 "required" 修饰符或将该 属性 声明为可为 null。 [D:\C#\VM\Core\VM.Core.csproj]
D:\C#\VM\Core\Models\FlowSession.cs(300,29): warning CS8618: 在退出构造函数时，不可为 null 的 属性 "ExecutionEngine" 必须包含非 null 值。请考虑添加 "required" 修饰符或将该 属性 声明为可为 null。 [D:\C#\VM\Core\VM.Core.csproj]
D:\C#\VM\Core\Models\FlowSession.cs(305,40): warning CS8618: 在退出构造函数时，不可为 null 的 属性 "CancellationTokenSource" 必须包含非 null 值。请考虑添加 "required" 修饰符或将该 属性 声明为可为 null。 [D:\C#\VM\Core\VM.Core.csproj]
D:\C#\VM\Core\Toolkit\HardwareHeartbeatMonitor.cs(79,35): warning CS8625: 无法将 null 字面量转换为非 null 的引用类型。 [D:\C#\VM\Core\VM.Core.csproj]
D:\C#\VM\Core\Models\ProcessStep\StepModel.cs(313,16): warning CS8603: 可能返回 null 引用。 [D:\C#\VM\Core\VM.Core.csproj]
D:\C#\VM\Core\Models\ProcessStep\StepModel.cs(318,16): warning CS8603: 可能返回 null 引用。 [D:\C#\VM\Core\VM.Core.csproj]
D:\C#\VM\Core\Models\FlowModel.cs(252,41): warning CS8622: “void FlowModel.OnStepPropertyChanged(object sender, PropertyChangedEventArgs e)”的参数“sender”类型中引用类型的为 Null 性与目标委托“PropertyChangedEventHandler”不匹配(可能是由于为 Null 性特性)。 [D:\C#\VM\Core\VM.Core.csproj]
D:\C#\VM\Core\Models\FlowModel.cs(265,45): warning CS8622: “void FlowModel.OnStepPropertyChanged(object sender, PropertyChangedEventArgs e)”的参数“sender”类型中引用类型的为 Null 性与目标委托“PropertyChangedEventHandler”不匹配(可能是由于为 Null 性特性)。 [D:\C#\VM\Core\VM.Core.csproj]
D:\C#\VM\Core\Toolkit\MemoryManager.cs(108,17): warning CS8618: 在退出构造函数时，不可为 null 的 字段 "_timer" 必须包含非 null 值。请考虑添加 "required" 修饰符或将该 字段 声明为可为 null。 [D:\C#\VM\Core\VM.Core.csproj]
D:\C#\VM\Core\Toolkit\MemoryManager.cs(108,17): warning CS8618: 在退出构造函数时，不可为 null 的 事件 "TrimCompleted" 必须包含非 null 值。请考虑添加 "required" 修饰符或将该 事件 声明为可为 null。 [D:\C#\VM\Core\VM.Core.csproj]
D:\C#\VM\Core\Models\ProcessStep\StepModel.cs(341,16): warning CS8618: 在退出构造函数时，不可为 null 的 字段 "_pendingRuntimeNotify" 必须包含非 null 值。请考虑添加 "required" 修饰符或将该 字段 声明为可为 null。 [D:\C#\VM\Core\VM.Core.csproj]
D:\C#\VM\Core\Toolkit\LockFreeRingBuffer.cs(114,20): warning CS8625: 无法将 null 字面量转换为非 null 的引用类型。 [D:\C#\VM\Core\VM.Core.csproj]
D:\C#\VM\Core\Toolkit\HardwareHeartbeatMonitor.cs(92,34): warning CS0168: 声明了变量“ex”，但从未使用过 [D:\C#\VM\Core\VM.Core.csproj]
D:\C#\VM\Core\Toolkit\MemoryManager.cs(137,21): warning CS8622: “void MemoryManager.OnTimerTick(object state)”的参数“state”类型中引用类型的为 Null 性与目标委托“TimerCallback”不匹配(可能是由于为 Null 性特性)。 [D:\C#\VM\Core\VM.Core.csproj]
D:\C#\VM\Core\Models\Variable\LocalVariableModel.cs(18,24): warning CS8618: 在退出构造函数时，不可为 null 的 字段 "_dataTypeString" 必须包含非 null 值。请考虑添加 "required" 修饰符或将该 字段 声明为可为 null。 [D:\C#\VM\Core\VM.Core.csproj]
D:\C#\VM\Core\Models\Variable\LocalVariableModel.cs(19,22): warning CS8618: 在退出构造函数时，不可为 null 的 字段 "_dataType" 必须包含非 null 值。请考虑添加 "required" 修饰符或将该 字段 声明为可为 null。 [D:\C#\VM\Core\VM.Core.csproj]
D:\C#\VM\Core\Toolkit\MemoryManager.cs(158,26): warning CS8625: 无法将 null 字面量转换为非 null 的引用类型。 [D:\C#\VM\Core\VM.Core.csproj]
D:\C#\VM\Core\Toolkit\HardwareHeartbeatMonitor.cs(115,30): warning CS0168: 声明了变量“ex”，但从未使用过 [D:\C#\VM\Core\VM.Core.csproj]
D:\C#\VM\Core\Toolkit\HardwareHeartbeatMonitor.cs(163,38): warning CS0168: 声明了变量“ex”，但从未使用过 [D:\C#\VM\Core\VM.Core.csproj]
D:\C#\VM\Core\Toolkit\HardwareHeartbeatMonitor.cs(209,27): warning CS8618: 在退出构造函数时，不可为 null 的 属性 "DeviceId" 必须包含非 null 值。请考虑添加 "required" 修饰符或将该 属性 声明为可为 null。 [D:\C#\VM\Core\VM.Core.csproj]
D:\C#\VM\Core\Toolkit\HardwareHeartbeatMonitor.cs(210,27): warning CS8618: 在退出构造函数时，不可为 null 的 属性 "DeviceName" 必须包含非 null 值。请考虑添加 "required" 修饰符或将该 属性 声明为可为 null。 [D:\C#\VM\Core\VM.Core.csproj]
D:\C#\VM\Core\Toolkit\HardwareHeartbeatMonitor.cs(211,31): warning CS8618: 在退出构造函数时，不可为 null 的 属性 "HeartbeatFunc" 必须包含非 null 值。请考虑添加 "required" 修饰符或将该 属性 声明为可为 null。 [D:\C#\VM\Core\VM.Core.csproj]
D:\C#\VM\Core\Toolkit\HardwareHeartbeatMonitor.cs(212,31): warning CS8618: 在退出构造函数时，不可为 null 的 属性 "ReconnectFunc" 必须包含非 null 值。请考虑添加 "required" 修饰符或将该 属性 声明为可为 null。 [D:\C#\VM\Core\VM.Core.csproj]
D:\C#\VM\Core\Models\Variable\NetworkVariableModel.cs(183,65): warning CS8604: “ICommunicationConnection? ICommunicationManager.GetConnection(string connectionName)”中的形参“connectionName”可能传入 null 引用实参。 [D:\C#\VM\Core\VM.Core.csproj]
D:\C#\VM\Core\Toolkit\MemoryManager.cs(188,30): warning CS0168: 声明了变量“ex”，但从未使用过 [D:\C#\VM\Core\VM.Core.csproj]
D:\C#\VM\Core\Toolkit\MemoryManager.cs(225,30): warning CS0168: 声明了变量“ex”，但从未使用过 [D:\C#\VM\Core\VM.Core.csproj]
D:\C#\VM\Core\Models\Variable\NetworkVariableModel.cs(13,24): warning CS8618: 在退出构造函数时，不可为 null 的 字段 "_dataTypeString" 必须包含非 null 值。请考虑添加 "required" 修饰符或将该 字段 声明为可为 null。 [D:\C#\VM\Core\VM.Core.csproj]
D:\C#\VM\Core\Models\Variable\NetworkVariableModel.cs(14,22): warning CS8618: 在退出构造函数时，不可为 null 的 字段 "_dataType" 必须包含非 null 值。请考虑添加 "required" 修饰符或将该 字段 声明为可为 null。 [D:\C#\VM\Core\VM.Core.csproj]
D:\C#\VM\Core\Models\ProcessStep\StepModel.cs(217,26): warning CS8625: 无法将 null 字面量转换为非 null 的引用类型。 [D:\C#\VM\Core\VM.Core.csproj]
D:\C#\VM\Core\Models\ProcessStep\StepModel.cs(223,47): warning CS8625: 无法将 null 字面量转换为非 null 的引用类型。 [D:\C#\VM\Core\VM.Core.csproj]
D:\C#\VM\Core\Toolkit\MemoryManager.cs(285,30): warning CS0168: 声明了变量“ex”，但从未使用过 [D:\C#\VM\Core\VM.Core.csproj]
D:\C#\VM\Core\LogService.cs(31,21): warning CS0169: 从不使用字段“LogService._droppedCount” [D:\C#\VM\Core\VM.Core.csproj]
D:\C#\VM\UI\Controls\Core\ObservableObject.cs(11,50): warning CS8612: “event PropertyChangedEventHandler ObservableObject.PropertyChanged”的类型中引用类型的为 Null 性与隐式实现的成员“event PropertyChangedEventHandler? INotifyPropertyChanged.PropertyChanged”不匹配。 [D:\C#\VM\UI\Controls\UI_rmldqqz1_wpftmp.csproj]
D:\C#\VM\UI\Controls\Models\PropertyItem.cs(83,50): warning CS8612: “event PropertyChangedEventHandler PropertyItem.PropertyChanged”的类型中引用类型的为 Null 性与隐式实现的成员“event PropertyChangedEventHandler? INotifyPropertyChanged.PropertyChanged”不匹配。 [D:\C#\VM\UI\Controls\UI_rmldqqz1_wpftmp.csproj]
D:\C#\VM\UI\Controls\Core\ObservableObject.cs(17,91): warning CS8625: 无法将 null 字面量转换为非 null 的引用类型。 [D:\C#\VM\UI\Controls\UI_rmldqqz1_wpftmp.csproj]
D:\C#\VM\UI\Controls\Core\ObservableObject.cs(30,112): warning CS8625: 无法将 null 字面量转换为非 null 的引用类型。 [D:\C#\VM\UI\Controls\UI_rmldqqz1_wpftmp.csproj]
D:\C#\VM\UI\Controls\Core\MarkupCommandBase.cs(28,29): warning CS8767: “bool MarkupCommandBase.CanExecute(object parameter)”的参数“parameter”类型中引用类型的为 Null 性与隐式实现的成员“bool ICommand.CanExecute(object? parameter)”不匹配(可能是由于为 Null 性特性)。 [D:\C#\VM\UI\Controls\UI_rmldqqz1_wpftmp.csproj]
D:\C#\VM\UI\Controls\Core\MarkupCommandBase.cs(32,30): warning CS8767: “void MarkupCommandBase.Execute(object parameter)”的参数“parameter”类型中引用类型的为 Null 性与隐式实现的成员“void ICommand.Execute(object? parameter)”不匹配(可能是由于为 Null 性特性)。 [D:\C#\VM\UI\Controls\UI_rmldqqz1_wpftmp.csproj]
D:\C#\VM\UI\Controls\Core\MarkupCommandBase.cs(17,35): warning CS8612: “event EventHandler MarkupCommandBase.CanExecuteChanged”的类型中引用类型的为 Null 性与隐式实现的成员“event EventHandler? ICommand.CanExecuteChanged”不匹配。 [D:\C#\VM\UI\Controls\UI_rmldqqz1_wpftmp.csproj]
D:\C#\VM\UI\Controls\Core\MarkupCommandBase.cs(72,50): warning CS8612: “event PropertyChangedEventHandler MarkupCommandBase.PropertyChanged”的类型中引用类型的为 Null 性与隐式实现的成员“event PropertyChangedEventHandler? INotifyPropertyChanged.PropertyChanged”不匹配。 [D:\C#\VM\UI\Controls\UI_rmldqqz1_wpftmp.csproj]
D:\C#\VM\UI\Controls\Core\ElementExtention.cs(80,93): warning CS8625: 无法将 null 字面量转换为非 null 的引用类型。 [D:\C#\VM\UI\Controls\UI_rmldqqz1_wpftmp.csproj]
D:\C#\VM\UI\Controls\Core\ElementExtention.cs(102,109): warning CS8625: 无法将 null 字面量转换为非 null 的引用类型。 [D:\C#\VM\UI\Controls\UI_rmldqqz1_wpftmp.csproj]
D:\C#\VM\UI\Controls\Core\ElementExtention.cs(405,111): warning CS8625: 无法将 null 字面量转换为非 null 的引用类型。 [D:\C#\VM\UI\Controls\UI_rmldqqz1_wpftmp.csproj]
D:\C#\VM\UI\Controls\Core\ElementExtention.cs(413,97): warning CS8625: 无法将 null 字面量转换为非 null 的引用类型。 [D:\C#\VM\UI\Controls\UI_rmldqqz1_wpftmp.csproj]
D:\C#\VM\UI\Controls\Core\ElementExtention.cs(428,96): warning CS8625: 无法将 null 字面量转换为非 null 的引用类型。 [D:\C#\VM\UI\Controls\UI_rmldqqz1_wpftmp.csproj]
D:\C#\VM\UI\Controls\Core\ElementExtention.cs(451,98): warning CS8625: 无法将 null 字面量转换为非 null 的引用类型。 [D:\C#\VM\UI\Controls\UI_rmldqqz1_wpftmp.csproj]
D:\C#\VM\UI\Controls\Core\ElementExtention.cs(491,104): warning CS8625: 无法将 null 字面量转换为非 null 的引用类型。 [D:\C#\VM\UI\Controls\UI_rmldqqz1_wpftmp.csproj]
D:\C#\VM\UI\Controls\Models\PropertyItem.cs(41,27): warning CS8601: 可能的 null 引用赋值。 [D:\C#\VM\UI\Controls\UI_rmldqqz1_wpftmp.csproj]
D:\C#\VM\UI\Controls\Models\PropertyItem.cs(46,31): warning CS8601: 可能的 null 引用赋值。 [D:\C#\VM\UI\Controls\UI_rmldqqz1_wpftmp.csproj]
D:\C#\VM\UI\Controls\Models\PropertyItem.cs(49,24): warning CS8601: 可能的 null 引用赋值。 [D:\C#\VM\UI\Controls\UI_rmldqqz1_wpftmp.csproj]
D:\C#\VM\UI\Controls\Models\PropertyItem.cs(33,16): warning CS8618: 在退出构造函数时，不可为 null 的 属性 "Description" 必须包含非 null 值。请考虑添加 "required" 修饰符或将该 属性 声明为可为 null。 [D:\C#\VM\UI\Controls\UI_rmldqqz1_wpftmp.csproj]
D:\C#\VM\UI\Controls\Models\PropertyItem.cs(33,16): warning CS8618: 在退出构造函数时，不可为 null 的 属性 "BrowseAttribute" 必须包含非 null 值。请考虑添加 "required" 修饰符或将该 属性 声明为可为 null。 [D:\C#\VM\UI\Controls\UI_rmldqqz1_wpftmp.csproj]
D:\C#\VM\UI\Controls\Models\PropertyItem.cs(33,16): warning CS8618: 在退出构造函数时，不可为 null 的 属性 "IconCode" 必须包含非 null 值。请考虑添加 "required" 修饰符或将该 属性 声明为可为 null。 [D:\C#\VM\UI\Controls\UI_rmldqqz1_wpftmp.csproj]
D:\C#\VM\UI\Controls\Models\PropertyItem.cs(33,16): warning CS8618: 在退出构造函数时，不可为 null 的 属性 "EditorKey" 必须包含非 null 值。请考虑添加 "required" 修饰符或将该 属性 声明为可为 null。 [D:\C#\VM\UI\Controls\UI_rmldqqz1_wpftmp.csproj]
D:\C#\VM\UI\Controls\Models\PropertyItem.cs(33,16): warning CS8618: 在退出构造函数时，不可为 null 的 事件 "PropertyChanged" 必须包含非 null 值。请考虑添加 "required" 修饰符或将该 事件 声明为可为 null。 [D:\C#\VM\UI\Controls\UI_rmldqqz1_wpftmp.csproj]
D:\C#\VM\UI\Controls\Models\PropertyItem.cs(66,20): warning CS8603: 可能返回 null 引用。 [D:\C#\VM\UI\Controls\UI_rmldqqz1_wpftmp.csproj]
D:\C#\VM\UI\Controls\Core\ObservableObject.cs(11,50): warning CS8618: 在退出构造函数时，不可为 null 的 事件 "PropertyChanged" 必须包含非 null 值。请考虑添加 "required" 修饰符或将该 事件 声明为可为 null。 [D:\C#\VM\UI\Controls\UI_rmldqqz1_wpftmp.csproj]
D:\C#\VM\UI\Controls\Core\MarkupCommandBase.cs(38,20): warning CS8603: 可能返回 null 引用。 [D:\C#\VM\UI\Controls\UI_rmldqqz1_wpftmp.csproj]
D:\C#\VM\UI\Controls\Core\MarkupCommandBase.cs(45,24): warning CS8603: 可能返回 null 引用。 [D:\C#\VM\UI\Controls\UI_rmldqqz1_wpftmp.csproj]
D:\C#\VM\UI\Controls\Core\MarkupCommandBase.cs(39,13): warning CS0162: 检测到无法访问的代码 [D:\C#\VM\UI\Controls\UI_rmldqqz1_wpftmp.csproj]
D:\C#\VM\UI\Controls\Core\MarkupCommandBase.cs(62,49): warning CS8603: 可能返回 null 引用。 [D:\C#\VM\UI\Controls\UI_rmldqqz1_wpftmp.csproj]
D:\C#\VM\UI\Controls\AttachedProperties\PasswordBoxHelper.cs(67,39): warning CS8600: 将 null 文本或可能的 null 值转换为不可为 null 类型。 [D:\C#\VM\UI\Controls\UI_rmldqqz1_wpftmp.csproj]
D:\C#\VM\UI\Controls\AttachedProperties\PasswordBoxHelper.cs(68,27): warning CS8604: “void PasswordBoxHelper.SetIsUpdating(DependencyObject dp, bool value)”中的形参“dp”可能传入 null 引用实参。 [D:\C#\VM\UI\Controls\UI_rmldqqz1_wpftmp.csproj]
D:\C#\VM\UI\Controls\Core\MarkupCommandBase.cs(61,34): warning CS8618: 在退出构造函数时，不可为 null 的 字段 "_serviceProvider" 必须包含非 null 值。请考虑添加 "required" 修饰符或将该 字段 声明为可为 null。 [D:\C#\VM\UI\Controls\UI_rmldqqz1_wpftmp.csproj]
D:\C#\VM\UI\Controls\Core\MarkupCommandBase.cs(72,50): warning CS8618: 在退出构造函数时，不可为 null 的 事件 "PropertyChanged" 必须包含非 null 值。请考虑添加 "required" 修饰符或将该 事件 声明为可为 null。 [D:\C#\VM\UI\Controls\UI_rmldqqz1_wpftmp.csproj]
D:\C#\VM\UI\Controls\Converters\UniversalValueConverter.cs(30,20): warning CS8603: 可能返回 null 引用。 [D:\C#\VM\UI\Controls\UI_rmldqqz1_wpftmp.csproj]
D:\C#\VM\UI\Controls\AttachedProperties\IconHelper.cs(81,20): warning CS8603: 可能返回 null 引用。 [D:\C#\VM\UI\Controls\UI_rmldqqz1_wpftmp.csproj]
D:\C#\VM\UI\Controls\Core\ElementExtention.cs(84,35): warning CS8600: 将 null 文本或可能的 null 值转换为不可为 null 类型。 [D:\C#\VM\UI\Controls\UI_rmldqqz1_wpftmp.csproj]
D:\C#\VM\UI\Controls\Core\ElementExtention.cs(96,20): warning CS8603: 可能返回 null 引用。 [D:\C#\VM\UI\Controls\UI_rmldqqz1_wpftmp.csproj]
D:\C#\VM\UI\Controls\Helper\ControlBindHelper.cs(28,43): warning CS8604: “FieldInfo? Type.GetField(string name)”中的形参“name”可能传入 null 引用实参。 [D:\C#\VM\UI\Controls\UI_rmldqqz1_wpftmp.csproj]
D:\C#\VM\UI\Controls\Helper\ControlBindHelper.cs(30,46): warning CS8604: “Attribute? Attribute.GetCustomAttribute(MemberInfo element, Type attributeType)”中的形参“element”可能传入 null 引用实参。 [D:\C#\VM\UI\Controls\UI_rmldqqz1_wpftmp.csproj]
D:\C#\VM\UI\Controls\Helper\ControlBindHelper.cs(29,31): warning CS8600: 将 null 文本或可能的 null 值转换为不可为 null 类型。 [D:\C#\VM\UI\Controls\UI_rmldqqz1_wpftmp.csproj]
D:\C#\VM\UI\Controls\Helper\ControlBindHelper.cs(31,20): warning CS8603: 可能返回 null 引用。 [D:\C#\VM\UI\Controls\UI_rmldqqz1_wpftmp.csproj]
D:\C#\VM\UI\Controls\Converters\TypeNameToFriendlyNameConverter.cs(22,35): warning CS8600: 将 null 文本或可能的 null 值转换为不可为 null 类型。 [D:\C#\VM\UI\Controls\UI_rmldqqz1_wpftmp.csproj]
D:\C#\VM\UI\Controls\CustomControl\AlarmBar.cs(61,26): warning CS8601: 可能的 null 引用赋值。 [D:\C#\VM\UI\Controls\UI_rmldqqz1_wpftmp.csproj]
D:\C#\VM\UI\Controls\CustomControl\AlarmBar.cs(62,26): warning CS8601: 可能的 null 引用赋值。 [D:\C#\VM\UI\Controls\UI_rmldqqz1_wpftmp.csproj]
D:\C#\VM\UI\Controls\CustomControl\AlarmBar.cs(65,44): warning CS8622: “void AlarmBar.OnRendering(object sender, EventArgs e)”的参数“sender”类型中引用类型的为 Null 性与目标委托“EventHandler”不匹配(可能是由于为 Null 性特性)。 [D:\C#\VM\UI\Controls\UI_rmldqqz1_wpftmp.csproj]
D:\C#\VM\UI\Controls\CustomControl\AlarmBar.cs(66,44): warning CS8622: “void AlarmBar.OnRendering(object sender, EventArgs e)”的参数“sender”类型中引用类型的为 Null 性与目标委托“EventHandler”不匹配(可能是由于为 Null 性特性)。 [D:\C#\VM\UI\Controls\UI_rmldqqz1_wpftmp.csproj]
D:\C#\VM\UI\Controls\CustomControl\Message\Notifier.cs(17,23): warning CS8618: 在退出构造函数时，不可为 null 的 属性 "Message" 必须包含非 null 值。请考虑添加 "required" 修饰符或将该 属性 声明为可为 null。 [D:\C#\VM\UI\Controls\UI_rmldqqz1_wpftmp.csproj]
D:\C#\VM\UI\Controls\CustomControl\Message\Notifier.cs(19,23): warning CS8618: 在退出构造函数时，不可为 null 的 属性 "IconPath" 必须包含非 null 值。请考虑添加 "required" 修饰符或将该 属性 声明为可为 null。 [D:\C#\VM\UI\Controls\UI_rmldqqz1_wpftmp.csproj]
D:\C#\VM\UI\Controls\CustomControl\Message\Notifier.cs(20,22): warning CS8618: 在退出构造函数时，不可为 null 的 属性 "IconColor" 必须包含非 null 值。请考虑添加 "required" 修饰符或将该 属性 声明为可为 null。 [D:\C#\VM\UI\Controls\UI_rmldqqz1_wpftmp.csproj]
D:\C#\VM\UI\Controls\Converters\TypeNameToFriendlyNameConverter.cs(40,31): warning CS8600: 将 null 文本或可能的 null 值转换为不可为 null 类型。 [D:\C#\VM\UI\Controls\UI_rmldqqz1_wpftmp.csproj]
D:\C#\VM\UI\Controls\Converters\TypeNameToFriendlyNameConverter.cs(49,32): warning CS8602: 解引用可能出现空引用。 [D:\C#\VM\UI\Controls\UI_rmldqqz1_wpftmp.csproj]
D:\C#\VM\UI\Controls\Core\ElementExtention.cs(106,35): warning CS8600: 将 null 文本或可能的 null 值转换为不可为 null 类型。 [D:\C#\VM\UI\Controls\UI_rmldqqz1_wpftmp.csproj]
D:\C#\VM\UI\Controls\Core\ElementExtention.cs(112,55): warning CS8604: “IEnumerable<T> ElementExtention.GetChildren<T>(DependencyObject p_element, Func<T, bool> p_func = null, bool filterContain = false)”中的形参“p_func”可能传入 null 引用实参。 [D:\C#\VM\UI\Controls\UI_rmldqqz1_wpftmp.csproj]
D:\C#\VM\UI\Controls\Core\ElementExtention.cs(125,55): warning CS8604: “IEnumerable<T> ElementExtention.GetChildren<T>(DependencyObject p_element, Func<T, bool> p_func = null, bool filterContain = false)”中的形参“p_func”可能传入 null 引用实参。 [D:\C#\VM\UI\Controls\UI_rmldqqz1_wpftmp.csproj]
D:\C#\VM\UI\Controls\Behaviors\TreeViewBehavior.cs(203,20): warning CS8603: 可能返回 null 引用。 [D:\C#\VM\UI\Controls\UI_rmldqqz1_wpftmp.csproj]
D:\C#\VM\UI\Controls\Core\ElementExtention.cs(136,41): warning CS8603: 可能返回 null 引用。 [D:\C#\VM\UI\Controls\UI_rmldqqz1_wpftmp.csproj]
D:\C#\VM\UI\Controls\Core\ElementExtention.cs(153,20): warning CS8603: 可能返回 null 引用。 [D:\C#\VM\UI\Controls\UI_rmldqqz1_wpftmp.csproj]
D:\C#\VM\UI\Controls\CustomControl\AlarmBar.cs(22,36): warning CS8618: 在退出构造函数时，不可为 null 的 字段 "_translate" 必须包含非 null 值。请考虑添加 "required" 修饰符或将该 字段 声明为可为 null。 [D:\C#\VM\UI\Controls\UI_rmldqqz1_wpftmp.csproj]
D:\C#\VM\UI\Controls\CustomControl\AlarmBar.cs(23,34): warning CS8618: 在退出构造函数时，不可为 null 的 字段 "_itemsHost" 必须包含非 null 值。请考虑添加 "required" 修饰符或将该 字段 声明为可为 null。 [D:\C#\VM\UI\Controls\UI_rmldqqz1_wpftmp.csproj]
D:\C#\VM\UI\Controls\CustomControl\Message\OverlayHost.xaml.cs(23,37): warning CS8618: 在退出构造函数时，不可为 null 的 属性 "Instance" 必须包含非 null 值。请考虑添加 "required" 修饰符或将该 属性 声明为可为 null。 [D:\C#\VM\UI\Controls\UI_rmldqqz1_wpftmp.csproj]
D:\C#\VM\UI\Controls\Core\ElementExtention.cs(161,41): warning CS8603: 可能返回 null 引用。 [D:\C#\VM\UI\Controls\UI_rmldqqz1_wpftmp.csproj]
D:\C#\VM\UI\Controls\Core\ElementExtention.cs(163,65): warning CS8604: “bool Func<T, bool>.Invoke(T arg)”中的形参“arg”可能传入 null 引用实参。 [D:\C#\VM\UI\Controls\UI_rmldqqz1_wpftmp.csproj]
D:\C#\VM\UI\Controls\Core\ElementExtention.cs(177,20): warning CS8603: 可能返回 null 引用。 [D:\C#\VM\UI\Controls\UI_rmldqqz1_wpftmp.csproj]
D:\C#\VM\UI\Controls\Core\ElementExtention.cs(188,24): warning CS8603: 可能返回 null 引用。 [D:\C#\VM\UI\Controls\UI_rmldqqz1_wpftmp.csproj]
D:\C#\VM\UI\Controls\Core\ElementExtention.cs(189,20): warning CS8603: 可能返回 null 引用。 [D:\C#\VM\UI\Controls\UI_rmldqqz1_wpftmp.csproj]
D:\C#\VM\UI\Controls\CustomControl\DialogArrayEditor.xaml.cs(106,20): warning CS8601: 可能的 null 引用赋值。 [D:\C#\VM\UI\Controls\UI_rmldqqz1_wpftmp.csproj]
D:\C#\VM\UI\Controls\Core\ElementExtention.cs(209,32): warning CS8604: “T ElementExtention.GetElement<T>(DependencyObject element)”中的形参“element”可能传入 null 引用实参。 [D:\C#\VM\UI\Controls\UI_rmldqqz1_wpftmp.csproj]
D:\C#\VM\UI\Controls\Core\ElementExtention.cs(215,29): warning CS8604: “T ElementExtention.GetElement<T>(DependencyObject element)”中的形参“element”可能传入 null 引用实参。 [D:\C#\VM\UI\Controls\UI_rmldqqz1_wpftmp.csproj]
D:\C#\VM\UI\Controls\Core\ElementExtention.cs(217,20): warning CS8603: 可能返回 null 引用。 [D:\C#\VM\UI\Controls\UI_rmldqqz1_wpftmp.csproj]
D:\C#\VM\UI\Controls\CustomControl\LogConsole.cs(117,29): warning CS8601: 可能的 null 引用赋值。 [D:\C#\VM\UI\Controls\UI_rmldqqz1_wpftmp.csproj]
D:\C#\VM\UI\Controls\Core\ElementExtention.cs(230,41): warning CS8604: “IEnumerable<T> ElementExtention.GetElements<T>(DependencyObject element)”中的形参“element”可能传入 null 引用实参。 [D:\C#\VM\UI\Controls\UI_rmldqqz1_wpftmp.csproj]
D:\C#\VM\UI\Controls\Core\ElementExtention.cs(238,41): warning CS8604: “IEnumerable<T> ElementExtention.GetElements<T>(DependencyObject element)”中的形参“element”可能传入 null 引用实参。 [D:\C#\VM\UI\Controls\UI_rmldqqz1_wpftmp.csproj]
D:\C#\VM\UI\Controls\Core\ElementExtention.cs(253,38): warning CS8603: 可能返回 null 引用。 [D:\C#\VM\UI\Controls\UI_rmldqqz1_wpftmp.csproj]
D:\C#\VM\UI\Controls\Core\ElementExtention.cs(255,20): warning CS8603: 可能返回 null 引用。 [D:\C#\VM\UI\Controls\UI_rmldqqz1_wpftmp.csproj]
D:\C#\VM\UI\Controls\Core\ElementExtention.cs(263,20): warning CS8603: 可能返回 null 引用。 [D:\C#\VM\UI\Controls\UI_rmldqqz1_wpftmp.csproj]
D:\C#\VM\UI\Controls\CustomControl\LogConsole.cs(20,30): warning CS8618: 在退出构造函数时，不可为 null 的 字段 "_scrollViewer" 必须包含非 null 值。请考虑添加 "required" 修饰符或将该 字段 声明为可为 null。 [D:\C#\VM\UI\Controls\UI_rmldqqz1_wpftmp.csproj]
D:\C#\VM\UI\Controls\CustomControl\LogConsole.cs(21,33): warning CS8618: 在退出构造函数时，不可为 null 的 字段 "_collectionView" 必须包含非 null 值。请考虑添加 "required" 修饰符或将该 字段 声明为可为 null。 [D:\C#\VM\UI\Controls\UI_rmldqqz1_wpftmp.csproj]
D:\C#\VM\UI\Controls\Core\ElementExtention.cs(308,39): warning CS8604: “IEnumerable<T> ElementExtention.FindAllVisualChild<T>(DependencyObject obj, Predicate<T> match)”中的形参“obj”可能传入 null 引用实参。 [D:\C#\VM\UI\Controls\UI_rmldqqz1_wpftmp.csproj]
D:\C#\VM\UI\Controls\Core\ElementExtention.cs(352,24): warning CS8603: 可能返回 null 引用。 [D:\C#\VM\UI\Controls\UI_rmldqqz1_wpftmp.csproj]
D:\C#\VM\UI\Controls\Core\ElementExtention.cs(366,20): warning CS8603: 可能返回 null 引用。 [D:\C#\VM\UI\Controls\UI_rmldqqz1_wpftmp.csproj]
D:\C#\VM\UI\Controls\Core\ElementExtention.cs(408,39): warning CS8603: 可能返回 null 引用。 [D:\C#\VM\UI\Controls\UI_rmldqqz1_wpftmp.csproj]
D:\C#\VM\UI\Controls\Core\ElementExtention.cs(409,20): warning CS8603: 可能返回 null 引用。 [D:\C#\VM\UI\Controls\UI_rmldqqz1_wpftmp.csproj]
D:\C#\VM\UI\Controls\Core\ElementExtention.cs(415,20): warning CS8603: 可能返回 null 引用。 [D:\C#\VM\UI\Controls\UI_rmldqqz1_wpftmp.csproj]
D:\C#\VM\UI\Controls\Core\ElementExtention.cs(453,24): warning CS8600: 将 null 文本或可能的 null 值转换为不可为 null 类型。 [D:\C#\VM\UI\Controls\UI_rmldqqz1_wpftmp.csproj]
D:\C#\VM\UI\Controls\Core\ElementExtention.cs(480,20): warning CS8603: 可能返回 null 引用。 [D:\C#\VM\UI\Controls\UI_rmldqqz1_wpftmp.csproj]
D:\C#\VM\UI\Controls\Core\ElementExtention.cs(487,20): warning CS8603: 可能返回 null 引用。 [D:\C#\VM\UI\Controls\UI_rmldqqz1_wpftmp.csproj]
D:\C#\VM\UI\Controls\Core\ElementExtention.cs(493,24): warning CS8600: 将 null 文本或可能的 null 值转换为不可为 null 类型。 [D:\C#\VM\UI\Controls\UI_rmldqqz1_wpftmp.csproj]
D:\C#\VM\UI\Controls\Core\ElementExtention.cs(519,20): warning CS8603: 可能返回 null 引用。 [D:\C#\VM\UI\Controls\UI_rmldqqz1_wpftmp.csproj]
D:\C#\VM\UI\Controls\Core\ElementExtention.cs(529,20): warning CS8603: 可能返回 null 引用。 [D:\C#\VM\UI\Controls\UI_rmldqqz1_wpftmp.csproj]
D:\C#\VM\UI\Controls\Core\ElementExtention.cs(538,20): warning CS8603: 可能返回 null 引用。 [D:\C#\VM\UI\Controls\UI_rmldqqz1_wpftmp.csproj]
D:\C#\VM\UI\Controls\Core\ElementExtention.cs(545,20): warning CS8603: 可能返回 null 引用。 [D:\C#\VM\UI\Controls\UI_rmldqqz1_wpftmp.csproj]
D:\C#\VM\UI\Controls\Core\ElementExtention.cs(561,28): warning CS8603: 可能返回 null 引用。 [D:\C#\VM\UI\Controls\UI_rmldqqz1_wpftmp.csproj]
D:\C#\VM\UI\Controls\Core\MarkupCommandBase.cs(28,29): warning CS8767: “bool MarkupCommandBase.CanExecute(object parameter)”的参数“parameter”类型中引用类型的为 Null 性与隐式实现的成员“bool ICommand.CanExecute(object? parameter)”不匹配(可能是由于为 Null 性特性)。 [D:\C#\VM\UI\Controls\UI.csproj]
D:\C#\VM\UI\Controls\Core\MarkupCommandBase.cs(32,30): warning CS8767: “void MarkupCommandBase.Execute(object parameter)”的参数“parameter”类型中引用类型的为 Null 性与隐式实现的成员“void ICommand.Execute(object? parameter)”不匹配(可能是由于为 Null 性特性)。 [D:\C#\VM\UI\Controls\UI.csproj]
D:\C#\VM\UI\Controls\Core\MarkupCommandBase.cs(17,35): warning CS8612: “event EventHandler MarkupCommandBase.CanExecuteChanged”的类型中引用类型的为 Null 性与隐式实现的成员“event EventHandler? ICommand.CanExecuteChanged”不匹配。 [D:\C#\VM\UI\Controls\UI.csproj]
D:\C#\VM\UI\Controls\Core\MarkupCommandBase.cs(72,50): warning CS8612: “event PropertyChangedEventHandler MarkupCommandBase.PropertyChanged”的类型中引用类型的为 Null 性与隐式实现的成员“event PropertyChangedEventHandler? INotifyPropertyChanged.PropertyChanged”不匹配。 [D:\C#\VM\UI\Controls\UI.csproj]
D:\C#\VM\UI\Controls\Core\ObservableObject.cs(11,50): warning CS8612: “event PropertyChangedEventHandler ObservableObject.PropertyChanged”的类型中引用类型的为 Null 性与隐式实现的成员“event PropertyChangedEventHandler? INotifyPropertyChanged.PropertyChanged”不匹配。 [D:\C#\VM\UI\Controls\UI.csproj]
D:\C#\VM\UI\Controls\Core\ElementExtention.cs(80,93): warning CS8625: 无法将 null 字面量转换为非 null 的引用类型。 [D:\C#\VM\UI\Controls\UI.csproj]
D:\C#\VM\UI\Controls\Core\ElementExtention.cs(102,109): warning CS8625: 无法将 null 字面量转换为非 null 的引用类型。 [D:\C#\VM\UI\Controls\UI.csproj]
D:\C#\VM\UI\Controls\Core\ElementExtention.cs(405,111): warning CS8625: 无法将 null 字面量转换为非 null 的引用类型。 [D:\C#\VM\UI\Controls\UI.csproj]
D:\C#\VM\UI\Controls\Core\ElementExtention.cs(413,97): warning CS8625: 无法将 null 字面量转换为非 null 的引用类型。 [D:\C#\VM\UI\Controls\UI.csproj]
D:\C#\VM\UI\Controls\Core\ElementExtention.cs(428,96): warning CS8625: 无法将 null 字面量转换为非 null 的引用类型。 [D:\C#\VM\UI\Controls\UI.csproj]
D:\C#\VM\UI\Controls\Core\ElementExtention.cs(451,98): warning CS8625: 无法将 null 字面量转换为非 null 的引用类型。 [D:\C#\VM\UI\Controls\UI.csproj]
D:\C#\VM\UI\Controls\Core\ElementExtention.cs(491,104): warning CS8625: 无法将 null 字面量转换为非 null 的引用类型。 [D:\C#\VM\UI\Controls\UI.csproj]
D:\C#\VM\UI\Controls\Core\ObservableObject.cs(17,91): warning CS8625: 无法将 null 字面量转换为非 null 的引用类型。 [D:\C#\VM\UI\Controls\UI.csproj]
D:\C#\VM\UI\Controls\Core\ObservableObject.cs(30,112): warning CS8625: 无法将 null 字面量转换为非 null 的引用类型。 [D:\C#\VM\UI\Controls\UI.csproj]
D:\C#\VM\UI\Controls\Models\PropertyItem.cs(83,50): warning CS8612: “event PropertyChangedEventHandler PropertyItem.PropertyChanged”的类型中引用类型的为 Null 性与隐式实现的成员“event PropertyChangedEventHandler? INotifyPropertyChanged.PropertyChanged”不匹配。 [D:\C#\VM\UI\Controls\UI.csproj]
D:\C#\VM\UI\Controls\Core\ObservableObject.cs(11,50): warning CS8618: 在退出构造函数时，不可为 null 的 事件 "PropertyChanged" 必须包含非 null 值。请考虑添加 "required" 修饰符或将该 事件 声明为可为 null。 [D:\C#\VM\UI\Controls\UI.csproj]
D:\C#\VM\UI\Controls\Converters\UniversalValueConverter.cs(30,20): warning CS8603: 可能返回 null 引用。 [D:\C#\VM\UI\Controls\UI.csproj]
D:\C#\VM\UI\Controls\Models\PropertyItem.cs(41,27): warning CS8601: 可能的 null 引用赋值。 [D:\C#\VM\UI\Controls\UI.csproj]
D:\C#\VM\UI\Controls\Models\PropertyItem.cs(46,31): warning CS8601: 可能的 null 引用赋值。 [D:\C#\VM\UI\Controls\UI.csproj]
D:\C#\VM\UI\Controls\Models\PropertyItem.cs(49,24): warning CS8601: 可能的 null 引用赋值。 [D:\C#\VM\UI\Controls\UI.csproj]
D:\C#\VM\UI\Controls\Models\PropertyItem.cs(33,16): warning CS8618: 在退出构造函数时，不可为 null 的 属性 "Description" 必须包含非 null 值。请考虑添加 "required" 修饰符或将该 属性 声明为可为 null。 [D:\C#\VM\UI\Controls\UI.csproj]
D:\C#\VM\UI\Controls\Models\PropertyItem.cs(33,16): warning CS8618: 在退出构造函数时，不可为 null 的 属性 "BrowseAttribute" 必须包含非 null 值。请考虑添加 "required" 修饰符或将该 属性 声明为可为 null。 [D:\C#\VM\UI\Controls\UI.csproj]
D:\C#\VM\UI\Controls\Models\PropertyItem.cs(33,16): warning CS8618: 在退出构造函数时，不可为 null 的 属性 "IconCode" 必须包含非 null 值。请考虑添加 "required" 修饰符或将该 属性 声明为可为 null。 [D:\C#\VM\UI\Controls\UI.csproj]
D:\C#\VM\UI\Controls\Models\PropertyItem.cs(33,16): warning CS8618: 在退出构造函数时，不可为 null 的 属性 "EditorKey" 必须包含非 null 值。请考虑添加 "required" 修饰符或将该 属性 声明为可为 null。 [D:\C#\VM\UI\Controls\UI.csproj]
D:\C#\VM\UI\Controls\Models\PropertyItem.cs(33,16): warning CS8618: 在退出构造函数时，不可为 null 的 事件 "PropertyChanged" 必须包含非 null 值。请考虑添加 "required" 修饰符或将该 事件 声明为可为 null。 [D:\C#\VM\UI\Controls\UI.csproj]
D:\C#\VM\UI\Controls\Converters\TypeNameToFriendlyNameConverter.cs(22,35): warning CS8600: 将 null 文本或可能的 null 值转换为不可为 null 类型。 [D:\C#\VM\UI\Controls\UI.csproj]
D:\C#\VM\UI\Controls\AttachedProperties\PasswordBoxHelper.cs(67,39): warning CS8600: 将 null 文本或可能的 null 值转换为不可为 null 类型。 [D:\C#\VM\UI\Controls\UI.csproj]
D:\C#\VM\UI\Controls\AttachedProperties\PasswordBoxHelper.cs(68,27): warning CS8604: “void PasswordBoxHelper.SetIsUpdating(DependencyObject dp, bool value)”中的形参“dp”可能传入 null 引用实参。 [D:\C#\VM\UI\Controls\UI.csproj]
D:\C#\VM\UI\Controls\Helper\ControlBindHelper.cs(28,43): warning CS8604: “FieldInfo? Type.GetField(string name)”中的形参“name”可能传入 null 引用实参。 [D:\C#\VM\UI\Controls\UI.csproj]
D:\C#\VM\UI\Controls\Helper\ControlBindHelper.cs(30,46): warning CS8604: “Attribute? Attribute.GetCustomAttribute(MemberInfo element, Type attributeType)”中的形参“element”可能传入 null 引用实参。 [D:\C#\VM\UI\Controls\UI.csproj]
D:\C#\VM\UI\Controls\Helper\ControlBindHelper.cs(29,31): warning CS8600: 将 null 文本或可能的 null 值转换为不可为 null 类型。 [D:\C#\VM\UI\Controls\UI.csproj]
D:\C#\VM\UI\Controls\Helper\ControlBindHelper.cs(31,20): warning CS8603: 可能返回 null 引用。 [D:\C#\VM\UI\Controls\UI.csproj]
D:\C#\VM\UI\Controls\Converters\TypeNameToFriendlyNameConverter.cs(40,31): warning CS8600: 将 null 文本或可能的 null 值转换为不可为 null 类型。 [D:\C#\VM\UI\Controls\UI.csproj]
D:\C#\VM\UI\Controls\Converters\TypeNameToFriendlyNameConverter.cs(49,32): warning CS8602: 解引用可能出现空引用。 [D:\C#\VM\UI\Controls\UI.csproj]
D:\C#\VM\UI\Controls\Core\MarkupCommandBase.cs(38,20): warning CS8603: 可能返回 null 引用。 [D:\C#\VM\UI\Controls\UI.csproj]
D:\C#\VM\UI\Controls\Core\MarkupCommandBase.cs(45,24): warning CS8603: 可能返回 null 引用。 [D:\C#\VM\UI\Controls\UI.csproj]
D:\C#\VM\UI\Controls\Core\MarkupCommandBase.cs(39,13): warning CS0162: 检测到无法访问的代码 [D:\C#\VM\UI\Controls\UI.csproj]
D:\C#\VM\UI\Controls\Core\MarkupCommandBase.cs(62,49): warning CS8603: 可能返回 null 引用。 [D:\C#\VM\UI\Controls\UI.csproj]
D:\C#\VM\UI\Controls\Models\PropertyItem.cs(66,20): warning CS8603: 可能返回 null 引用。 [D:\C#\VM\UI\Controls\UI.csproj]
D:\C#\VM\UI\Controls\Core\MarkupCommandBase.cs(61,34): warning CS8618: 在退出构造函数时，不可为 null 的 字段 "_serviceProvider" 必须包含非 null 值。请考虑添加 "required" 修饰符或将该 字段 声明为可为 null。 [D:\C#\VM\UI\Controls\UI.csproj]
D:\C#\VM\UI\Controls\Core\MarkupCommandBase.cs(72,50): warning CS8618: 在退出构造函数时，不可为 null 的 事件 "PropertyChanged" 必须包含非 null 值。请考虑添加 "required" 修饰符或将该 事件 声明为可为 null。 [D:\C#\VM\UI\Controls\UI.csproj]
D:\C#\VM\UI\Controls\AttachedProperties\IconHelper.cs(81,20): warning CS8603: 可能返回 null 引用。 [D:\C#\VM\UI\Controls\UI.csproj]
D:\C#\VM\UI\Controls\Core\ElementExtention.cs(84,35): warning CS8600: 将 null 文本或可能的 null 值转换为不可为 null 类型。 [D:\C#\VM\UI\Controls\UI.csproj]
D:\C#\VM\UI\Controls\Core\ElementExtention.cs(96,20): warning CS8603: 可能返回 null 引用。 [D:\C#\VM\UI\Controls\UI.csproj]
D:\C#\VM\UI\Controls\CustomControl\AlarmBar.cs(61,26): warning CS8601: 可能的 null 引用赋值。 [D:\C#\VM\UI\Controls\UI.csproj]
D:\C#\VM\UI\Controls\CustomControl\AlarmBar.cs(62,26): warning CS8601: 可能的 null 引用赋值。 [D:\C#\VM\UI\Controls\UI.csproj]
D:\C#\VM\UI\Controls\CustomControl\AlarmBar.cs(65,44): warning CS8622: “void AlarmBar.OnRendering(object sender, EventArgs e)”的参数“sender”类型中引用类型的为 Null 性与目标委托“EventHandler”不匹配(可能是由于为 Null 性特性)。 [D:\C#\VM\UI\Controls\UI.csproj]
D:\C#\VM\UI\Controls\CustomControl\AlarmBar.cs(66,44): warning CS8622: “void AlarmBar.OnRendering(object sender, EventArgs e)”的参数“sender”类型中引用类型的为 Null 性与目标委托“EventHandler”不匹配(可能是由于为 Null 性特性)。 [D:\C#\VM\UI\Controls\UI.csproj]
D:\C#\VM\UI\Controls\CustomControl\Message\Notifier.cs(17,23): warning CS8618: 在退出构造函数时，不可为 null 的 属性 "Message" 必须包含非 null 值。请考虑添加 "required" 修饰符或将该 属性 声明为可为 null。 [D:\C#\VM\UI\Controls\UI.csproj]
D:\C#\VM\UI\Controls\CustomControl\Message\Notifier.cs(19,23): warning CS8618: 在退出构造函数时，不可为 null 的 属性 "IconPath" 必须包含非 null 值。请考虑添加 "required" 修饰符或将该 属性 声明为可为 null。 [D:\C#\VM\UI\Controls\UI.csproj]
D:\C#\VM\UI\Controls\CustomControl\Message\Notifier.cs(20,22): warning CS8618: 在退出构造函数时，不可为 null 的 属性 "IconColor" 必须包含非 null 值。请考虑添加 "required" 修饰符或将该 属性 声明为可为 null。 [D:\C#\VM\UI\Controls\UI.csproj]
D:\C#\VM\UI\Controls\CustomControl\DialogArrayEditor.xaml.cs(106,20): warning CS8601: 可能的 null 引用赋值。 [D:\C#\VM\UI\Controls\UI.csproj]
D:\C#\VM\UI\Controls\Core\ElementExtention.cs(106,35): warning CS8600: 将 null 文本或可能的 null 值转换为不可为 null 类型。 [D:\C#\VM\UI\Controls\UI.csproj]
D:\C#\VM\UI\Controls\Core\ElementExtention.cs(112,55): warning CS8604: “IEnumerable<T> ElementExtention.GetChildren<T>(DependencyObject p_element, Func<T, bool> p_func = null, bool filterContain = false)”中的形参“p_func”可能传入 null 引用实参。 [D:\C#\VM\UI\Controls\UI.csproj]
D:\C#\VM\UI\Controls\Core\ElementExtention.cs(125,55): warning CS8604: “IEnumerable<T> ElementExtention.GetChildren<T>(DependencyObject p_element, Func<T, bool> p_func = null, bool filterContain = false)”中的形参“p_func”可能传入 null 引用实参。 [D:\C#\VM\UI\Controls\UI.csproj]
D:\C#\VM\UI\Controls\CustomControl\AlarmBar.cs(22,36): warning CS8618: 在退出构造函数时，不可为 null 的 字段 "_translate" 必须包含非 null 值。请考虑添加 "required" 修饰符或将该 字段 声明为可为 null。 [D:\C#\VM\UI\Controls\UI.csproj]
D:\C#\VM\UI\Controls\CustomControl\AlarmBar.cs(23,34): warning CS8618: 在退出构造函数时，不可为 null 的 字段 "_itemsHost" 必须包含非 null 值。请考虑添加 "required" 修饰符或将该 字段 声明为可为 null。 [D:\C#\VM\UI\Controls\UI.csproj]
D:\C#\VM\UI\Controls\Core\ElementExtention.cs(136,41): warning CS8603: 可能返回 null 引用。 [D:\C#\VM\UI\Controls\UI.csproj]
D:\C#\VM\UI\Controls\Core\ElementExtention.cs(153,20): warning CS8603: 可能返回 null 引用。 [D:\C#\VM\UI\Controls\UI.csproj]
D:\C#\VM\UI\Controls\CustomControl\LogConsole.cs(117,29): warning CS8601: 可能的 null 引用赋值。 [D:\C#\VM\UI\Controls\UI.csproj]
D:\C#\VM\UI\Controls\CustomControl\LogConsole.cs(20,30): warning CS8618: 在退出构造函数时，不可为 null 的 字段 "_scrollViewer" 必须包含非 null 值。请考虑添加 "required" 修饰符或将该 字段 声明为可为 null。 [D:\C#\VM\UI\Controls\UI.csproj]
D:\C#\VM\UI\Controls\CustomControl\LogConsole.cs(21,33): warning CS8618: 在退出构造函数时，不可为 null 的 字段 "_collectionView" 必须包含非 null 值。请考虑添加 "required" 修饰符或将该 字段 声明为可为 null。 [D:\C#\VM\UI\Controls\UI.csproj]
D:\C#\VM\UI\Controls\Core\ElementExtention.cs(161,41): warning CS8603: 可能返回 null 引用。 [D:\C#\VM\UI\Controls\UI.csproj]
D:\C#\VM\UI\Controls\Core\ElementExtention.cs(163,65): warning CS8604: “bool Func<T, bool>.Invoke(T arg)”中的形参“arg”可能传入 null 引用实参。 [D:\C#\VM\UI\Controls\UI.csproj]
D:\C#\VM\UI\Controls\Core\ElementExtention.cs(177,20): warning CS8603: 可能返回 null 引用。 [D:\C#\VM\UI\Controls\UI.csproj]
D:\C#\VM\UI\Controls\Core\ElementExtention.cs(188,24): warning CS8603: 可能返回 null 引用。 [D:\C#\VM\UI\Controls\UI.csproj]
D:\C#\VM\UI\Controls\Core\ElementExtention.cs(189,20): warning CS8603: 可能返回 null 引用。 [D:\C#\VM\UI\Controls\UI.csproj]
D:\C#\VM\UI\Controls\CustomControl\Message\OverlayHost.xaml.cs(23,37): warning CS8618: 在退出构造函数时，不可为 null 的 属性 "Instance" 必须包含非 null 值。请考虑添加 "required" 修饰符或将该 属性 声明为可为 null。 [D:\C#\VM\UI\Controls\UI.csproj]
D:\C#\VM\UI\Controls\Core\ElementExtention.cs(209,32): warning CS8604: “T ElementExtention.GetElement<T>(DependencyObject element)”中的形参“element”可能传入 null 引用实参。 [D:\C#\VM\UI\Controls\UI.csproj]
D:\C#\VM\UI\Controls\Core\ElementExtention.cs(215,29): warning CS8604: “T ElementExtention.GetElement<T>(DependencyObject element)”中的形参“element”可能传入 null 引用实参。 [D:\C#\VM\UI\Controls\UI.csproj]
D:\C#\VM\UI\Controls\Core\ElementExtention.cs(217,20): warning CS8603: 可能返回 null 引用。 [D:\C#\VM\UI\Controls\UI.csproj]
D:\C#\VM\UI\Controls\Core\ElementExtention.cs(230,41): warning CS8604: “IEnumerable<T> ElementExtention.GetElements<T>(DependencyObject element)”中的形参“element”可能传入 null 引用实参。 [D:\C#\VM\UI\Controls\UI.csproj]
D:\C#\VM\UI\Controls\Core\ElementExtention.cs(238,41): warning CS8604: “IEnumerable<T> ElementExtention.GetElements<T>(DependencyObject element)”中的形参“element”可能传入 null 引用实参。 [D:\C#\VM\UI\Controls\UI.csproj]
D:\C#\VM\UI\Controls\Core\ElementExtention.cs(253,38): warning CS8603: 可能返回 null 引用。 [D:\C#\VM\UI\Controls\UI.csproj]
D:\C#\VM\UI\Controls\Core\ElementExtention.cs(255,20): warning CS8603: 可能返回 null 引用。 [D:\C#\VM\UI\Controls\UI.csproj]
D:\C#\VM\UI\Controls\Core\ElementExtention.cs(263,20): warning CS8603: 可能返回 null 引用。 [D:\C#\VM\UI\Controls\UI.csproj]
D:\C#\VM\UI\Controls\Behaviors\TreeViewBehavior.cs(203,20): warning CS8603: 可能返回 null 引用。 [D:\C#\VM\UI\Controls\UI.csproj]
D:\C#\VM\UI\Controls\Core\ElementExtention.cs(308,39): warning CS8604: “IEnumerable<T> ElementExtention.FindAllVisualChild<T>(DependencyObject obj, Predicate<T> match)”中的形参“obj”可能传入 null 引用实参。 [D:\C#\VM\UI\Controls\UI.csproj]
D:\C#\VM\UI\Controls\Core\ElementExtention.cs(352,24): warning CS8603: 可能返回 null 引用。 [D:\C#\VM\UI\Controls\UI.csproj]
D:\C#\VM\UI\Controls\Core\ElementExtention.cs(366,20): warning CS8603: 可能返回 null 引用。 [D:\C#\VM\UI\Controls\UI.csproj]
D:\C#\VM\UI\Controls\Core\ElementExtention.cs(408,39): warning CS8603: 可能返回 null 引用。 [D:\C#\VM\UI\Controls\UI.csproj]
D:\C#\VM\UI\Controls\Core\ElementExtention.cs(409,20): warning CS8603: 可能返回 null 引用。 [D:\C#\VM\UI\Controls\UI.csproj]
D:\C#\VM\UI\Controls\Core\ElementExtention.cs(415,20): warning CS8603: 可能返回 null 引用。 [D:\C#\VM\UI\Controls\UI.csproj]
D:\C#\VM\UI\Controls\Core\ElementExtention.cs(453,24): warning CS8600: 将 null 文本或可能的 null 值转换为不可为 null 类型。 [D:\C#\VM\UI\Controls\UI.csproj]
D:\C#\VM\UI\Controls\Core\ElementExtention.cs(480,20): warning CS8603: 可能返回 null 引用。 [D:\C#\VM\UI\Controls\UI.csproj]
D:\C#\VM\UI\Controls\Core\ElementExtention.cs(487,20): warning CS8603: 可能返回 null 引用。 [D:\C#\VM\UI\Controls\UI.csproj]
D:\C#\VM\UI\Controls\Core\ElementExtention.cs(493,24): warning CS8600: 将 null 文本或可能的 null 值转换为不可为 null 类型。 [D:\C#\VM\UI\Controls\UI.csproj]
D:\C#\VM\UI\Controls\Core\ElementExtention.cs(519,20): warning CS8603: 可能返回 null 引用。 [D:\C#\VM\UI\Controls\UI.csproj]
D:\C#\VM\UI\Controls\Core\ElementExtention.cs(529,20): warning CS8603: 可能返回 null 引用。 [D:\C#\VM\UI\Controls\UI.csproj]
D:\C#\VM\UI\Controls\Core\ElementExtention.cs(538,20): warning CS8603: 可能返回 null 引用。 [D:\C#\VM\UI\Controls\UI.csproj]
D:\C#\VM\UI\Controls\Core\ElementExtention.cs(545,20): warning CS8603: 可能返回 null 引用。 [D:\C#\VM\UI\Controls\UI.csproj]
D:\C#\VM\UI\Controls\Core\ElementExtention.cs(561,28): warning CS8603: 可能返回 null 引用。 [D:\C#\VM\UI\Controls\UI.csproj]
    588 个警告
    0 个错误

已用时间 00:00:11.07
