  正在确定要还原的项目…
  所有项目均是最新的，无法还原。
C:\Program Files\dotnet\sdk\9.0.318\Microsoft.Common.CurrentVersion.targets(2433,5): warning MSB3245: 未能解析此引用。未能找到程序集“System.Resources.Extensions”。请检查磁盘上是否存在该程序集。 如果您的代码需要此引用，则可能出现编译错误。 [D:\C#\VM\DLL\HslCommunication\HslCommunication.csproj]
  HslCommunication -> D:\C#\VM\DLL\HslCommunication\bin\Debug\HslCommunication.dll
  Core.Interfaces -> D:\C#\VM\Shard\Core.Interfaces\bin\Debug\net9.0\Core.Interfaces.dll
  VM.Scada -> D:\C#\VM\Scada\bin\Debug\net9.0\VM.Scada.dll
  VM.Scada.Controls -> D:\C#\VM\Scada.Controls\bin\Debug\net9.0-windows\VM.Scada.Controls.dll
  Core.Halcon -> D:\C#\VM\Services\Core.Halcon\bin\Debug\net9.0-windows\Core.Halcon.dll
  Core.Controls -> D:\C#\VM\Shard\Core.Controls\bin\Debug\net9.0-windows\Core.Controls.dll
  VM.Core -> D:\C#\VM\Core\bin\Debug\net9.0-windows\VM.Core.dll
  VM.FlowEngine -> D:\C#\VM\Engine\bin\Debug\net9.0-windows\VM.FlowEngine.dll
  VM.Communication -> D:\C#\VM\Communication\bin\Debug\net9.0-windows\VM.Communication.dll
  UI -> D:\C#\VM\UI\Controls\bin\Debug\net9.0-windows\UI.dll
D:\C#\VM\VisionMaster\ViewModels\DialogViewModels\VariableBindingViewModel.cs(512,62): warning CS8625: 无法将 null 字面量转换为非 null 的引用类型。 [D:\C#\VM\VisionMaster\VisionMaster_ewt4mnr5_wpftmp.csproj]
D:\C#\VM\VisionMaster\ShellViewModel.cs(77,43): warning CS8603: 可能返回 null 引用。 [D:\C#\VM\VisionMaster\VisionMaster_ewt4mnr5_wpftmp.csproj]
D:\C#\VM\VisionMaster\Services\Camera\CameraProvider.cs(27,21): warning CS8618: 在退出构造函数时，不可为 null 的 属性 "DriverType" 必须包含非 null 值。请考虑添加 "required" 修饰符或将该 属性 声明为可为 null。 [D:\C#\VM\VisionMaster\VisionMaster_ewt4mnr5_wpftmp.csproj]
D:\C#\VM\VisionMaster\Services\Camera\CameraProvider.cs(75,16): warning CS8618: 在退出构造函数时，不可为 null 的 字段 "_lastSyncedSolution" 必须包含非 null 值。请考虑添加 "required" 修饰符或将该 字段 声明为可为 null。 [D:\C#\VM\VisionMaster\VisionMaster_ewt4mnr5_wpftmp.csproj]
D:\C#\VM\VisionMaster\Services\Camera\CameraProvider.cs(75,16): warning CS8618: 在退出构造函数时，不可为 null 的 事件 "DevicesChanged" 必须包含非 null 值。请考虑添加 "required" 修饰符或将该 事件 声明为可为 null。 [D:\C#\VM\VisionMaster\VisionMaster_ewt4mnr5_wpftmp.csproj]
D:\C#\VM\VisionMaster\ViewModels\ToolViewModel.cs(48,16): warning CS8618: 在退出构造函数时，不可为 null 的 字段 "searchText" 必须包含非 null 值。请考虑添加 "required" 修饰符或将该 字段 声明为可为 null。 [D:\C#\VM\VisionMaster\VisionMaster_ewt4mnr5_wpftmp.csproj]
D:\C#\VM\VisionMaster\Services\Camera\CameraProvider.cs(196,20): warning CS8603: 可能返回 null 引用。 [D:\C#\VM\VisionMaster\VisionMaster_ewt4mnr5_wpftmp.csproj]
D:\C#\VM\VisionMaster\Services\Camera\CameraProvider.cs(210,59): warning CS8601: 可能的 null 引用赋值。 [D:\C#\VM\VisionMaster\VisionMaster_ewt4mnr5_wpftmp.csproj]
D:\C#\VM\VisionMaster\Services\Camera\CameraProvider.cs(219,22): warning CS8625: 无法将 null 字面量转换为非 null 的引用类型。 [D:\C#\VM\VisionMaster\VisionMaster_ewt4mnr5_wpftmp.csproj]
D:\C#\VM\VisionMaster\Services\Camera\CameraProvider.cs(227,53): warning CS8601: 可能的 null 引用赋值。 [D:\C#\VM\VisionMaster\VisionMaster_ewt4mnr5_wpftmp.csproj]
D:\C#\VM\VisionMaster\Views\ScadaRuntimeWindow.xaml.cs(41,23): warning CS8622: “void ScadaRuntimeWindow.OnWindowClosed(object sender, EventArgs e)”的参数“sender”类型中引用类型的为 Null 性与目标委托“EventHandler”不匹配(可能是由于为 Null 性特性)。 [D:\C#\VM\VisionMaster\VisionMaster_ewt4mnr5_wpftmp.csproj]
D:\C#\VM\VisionMaster\ShellViewModel.cs(334,55): warning CS8622: “void ShellViewModel.OnSessionStateChanged(object sender, SessionStateChangedEventArgs e)”的参数“sender”类型中引用类型的为 Null 性与目标委托“EventHandler<SessionStateChangedEventArgs>”不匹配(可能是由于为 Null 性特性)。 [D:\C#\VM\VisionMaster\VisionMaster_ewt4mnr5_wpftmp.csproj]
D:\C#\VM\VisionMaster\ShellViewModel.cs(296,16): warning CS8618: 在退出构造函数时，不可为 null 的 字段 "_hitWindow" 必须包含非 null 值。请考虑添加 "required" 修饰符或将该 字段 声明为可为 null。 [D:\C#\VM\VisionMaster\VisionMaster_ewt4mnr5_wpftmp.csproj]
D:\C#\VM\VisionMaster\ShellViewModel.cs(296,16): warning CS8618: 在退出构造函数时，不可为 null 的 字段 "_debugHitVm" 必须包含非 null 值。请考虑添加 "required" 修饰符或将该 字段 声明为可为 null。 [D:\C#\VM\VisionMaster\VisionMaster_ewt4mnr5_wpftmp.csproj]
D:\C#\VM\VisionMaster\ShellViewModel.cs(296,16): warning CS8618: 在退出构造函数时，不可为 null 的 字段 "_hitTargetStep" 必须包含非 null 值。请考虑添加 "required" 修饰符或将该 字段 声明为可为 null。 [D:\C#\VM\VisionMaster\VisionMaster_ewt4mnr5_wpftmp.csproj]
D:\C#\VM\VisionMaster\ShellViewModel.cs(296,16): warning CS8618: 在退出构造函数时，不可为 null 的 字段 "_cts" 必须包含非 null 值。请考虑添加 "required" 修饰符或将该 字段 声明为可为 null。 [D:\C#\VM\VisionMaster\VisionMaster_ewt4mnr5_wpftmp.csproj]
D:\C#\VM\VisionMaster\ShellViewModel.cs(296,16): warning CS8618: 在退出构造函数时，不可为 null 的 字段 "_monitorTask" 必须包含非 null 值。请考虑添加 "required" 修饰符或将该 字段 声明为可为 null。 [D:\C#\VM\VisionMaster\VisionMaster_ewt4mnr5_wpftmp.csproj]
D:\C#\VM\VisionMaster\ShellViewModel.cs(296,16): warning CS9264: 在退出构造函数时，不可为 null 的 属性 'HandleCountStr' 必须包含非 null 值。请考虑添加“required”修饰符，或将 属性 声明为可为 null，或安全地处理“get”访问器中“field”为 null 的情况。 [D:\C#\VM\VisionMaster\VisionMaster_ewt4mnr5_wpftmp.csproj]
D:\C#\VM\VisionMaster\ShellViewModel.cs(296,16): warning CS9264: 在退出构造函数时，不可为 null 的 属性 'ThreadCountStr' 必须包含非 null 值。请考虑添加“required”修饰符，或将 属性 声明为可为 null，或安全地处理“get”访问器中“field”为 null 的情况。 [D:\C#\VM\VisionMaster\VisionMaster_ewt4mnr5_wpftmp.csproj]
D:\C#\VM\VisionMaster\ShellViewModel.cs(296,16): warning CS9264: 在退出构造函数时，不可为 null 的 属性 'CpuUsageStr' 必须包含非 null 值。请考虑添加“required”修饰符，或将 属性 声明为可为 null，或安全地处理“get”访问器中“field”为 null 的情况。 [D:\C#\VM\VisionMaster\VisionMaster_ewt4mnr5_wpftmp.csproj]
D:\C#\VM\VisionMaster\ShellViewModel.cs(296,16): warning CS9264: 在退出构造函数时，不可为 null 的 属性 'MemoryUsageStr' 必须包含非 null 值。请考虑添加“required”修饰符，或将 属性 声明为可为 null，或安全地处理“get”访问器中“field”为 null 的情况。 [D:\C#\VM\VisionMaster\VisionMaster_ewt4mnr5_wpftmp.csproj]
D:\C#\VM\VisionMaster\ShellViewModel.cs(296,16): warning CS9264: 在退出构造函数时，不可为 null 的 属性 'CurrentTimeText' 必须包含非 null 值。请考虑添加“required”修饰符，或将 属性 声明为可为 null，或安全地处理“get”访问器中“field”为 null 的情况。 [D:\C#\VM\VisionMaster\VisionMaster_ewt4mnr5_wpftmp.csproj]
D:\C#\VM\VisionMaster\ShellViewModel.cs(296,16): warning CS8618: 在退出构造函数时，不可为 null 的 字段 "_currentSession" 必须包含非 null 值。请考虑添加 "required" 修饰符或将该 字段 声明为可为 null。 [D:\C#\VM\VisionMaster\VisionMaster_ewt4mnr5_wpftmp.csproj]
D:\C#\VM\VisionMaster\Services\StepParameterDialog.cs(53,41): warning CS8600: 将 null 文本或可能的 null 值转换为不可为 null 类型。 [D:\C#\VM\VisionMaster\VisionMaster_ewt4mnr5_wpftmp.csproj]
D:\C#\VM\VisionMaster\Services\StepParameterDialog.cs(64,51): warning CS8604: “AutoPortConfigView.AutoPortConfigView(IVisionPlugin plugin)”中的形参“plugin”可能传入 null 引用实参。 [D:\C#\VM\VisionMaster\VisionMaster_ewt4mnr5_wpftmp.csproj]
D:\C#\VM\VisionMaster\ViewModels\CanvasLinkViewModel.cs(21,16): warning CS8618: 在退出构造函数时，不可为 null 的 属性 "UnbindCommand" 必须包含非 null 值。请考虑添加 "required" 修饰符或将该 属性 声明为可为 null。 [D:\C#\VM\VisionMaster\VisionMaster_ewt4mnr5_wpftmp.csproj]
D:\C#\VM\VisionMaster\Services\StepParameterDialog.cs(88,24): warning CS8603: 可能返回 null 引用。 [D:\C#\VM\VisionMaster\VisionMaster_ewt4mnr5_wpftmp.csproj]
D:\C#\VM\VisionMaster\Services\StepParameterDialog.cs(94,28): warning CS8603: 可能返回 null 引用。 [D:\C#\VM\VisionMaster\VisionMaster_ewt4mnr5_wpftmp.csproj]
D:\C#\VM\VisionMaster\Services\StepParameterDialog.cs(101,24): warning CS8603: 可能返回 null 引用。 [D:\C#\VM\VisionMaster\VisionMaster_ewt4mnr5_wpftmp.csproj]
D:\C#\VM\VisionMaster\Services\StepParameterDialog.cs(105,24): warning CS8603: 可能返回 null 引用。 [D:\C#\VM\VisionMaster\VisionMaster_ewt4mnr5_wpftmp.csproj]
D:\C#\VM\VisionMaster\Services\Camera\CameraProvider.cs(304,32): warning CS8625: 无法将 null 字面量转换为非 null 的引用类型。 [D:\C#\VM\VisionMaster\VisionMaster_ewt4mnr5_wpftmp.csproj]
D:\C#\VM\VisionMaster\Services\Camera\CameraProvider.cs(360,28): warning CS8604: “void CameraProvider.RememberSynced(SolutionModel solution, int count)”中的形参“solution”可能传入 null 引用实参。 [D:\C#\VM\VisionMaster\VisionMaster_ewt4mnr5_wpftmp.csproj]
D:\C#\VM\VisionMaster\Services\ScadaVariablePicker.cs(40,35): warning CS8604: “void ParametersBase.Add(string key, object value)”中的形参“value”可能传入 null 引用实参。 [D:\C#\VM\VisionMaster\VisionMaster_ewt4mnr5_wpftmp.csproj]
D:\C#\VM\VisionMaster\Services\Camera\CameraProvider.cs(433,24): warning CS8603: 可能返回 null 引用。 [D:\C#\VM\VisionMaster\VisionMaster_ewt4mnr5_wpftmp.csproj]
D:\C#\VM\VisionMaster\Services\Camera\CameraProvider.cs(444,28): warning CS8603: 可能返回 null 引用。 [D:\C#\VM\VisionMaster\VisionMaster_ewt4mnr5_wpftmp.csproj]
D:\C#\VM\VisionMaster\Services\Camera\CameraProvider.cs(457,24): warning CS8603: 可能返回 null 引用。 [D:\C#\VM\VisionMaster\VisionMaster_ewt4mnr5_wpftmp.csproj]
D:\C#\VM\VisionMaster\Services\Camera\NetworkCameraServer.cs(60,16): warning CS8618: 在退出构造函数时，不可为 null 的 字段 "_server" 必须包含非 null 值。请考虑添加 "required" 修饰符或将该 字段 声明为可为 null。 [D:\C#\VM\VisionMaster\VisionMaster_ewt4mnr5_wpftmp.csproj]
D:\C#\VM\VisionMaster\Services\Camera\NetworkCameraServer.cs(60,16): warning CS8618: 在退出构造函数时，不可为 null 的 字段 "_config" 必须包含非 null 值。请考虑添加 "required" 修饰符或将该 字段 声明为可为 null。 [D:\C#\VM\VisionMaster\VisionMaster_ewt4mnr5_wpftmp.csproj]
D:\C#\VM\VisionMaster\Services\HttpImageServer.cs(57,16): warning CS8618: 在退出构造函数时，不可为 null 的 字段 "_server" 必须包含非 null 值。请考虑添加 "required" 修饰符或将该 字段 声明为可为 null。 [D:\C#\VM\VisionMaster\VisionMaster_ewt4mnr5_wpftmp.csproj]
D:\C#\VM\VisionMaster\Services\HttpImageServer.cs(57,16): warning CS8618: 在退出构造函数时，不可为 null 的 字段 "_config" 必须包含非 null 值。请考虑添加 "required" 修饰符或将该 字段 声明为可为 null。 [D:\C#\VM\VisionMaster\VisionMaster_ewt4mnr5_wpftmp.csproj]
D:\C#\VM\VisionMaster\Services\Camera\NetworkCameraServer.cs(131,23): warning CS8625: 无法将 null 字面量转换为非 null 的引用类型。 [D:\C#\VM\VisionMaster\VisionMaster_ewt4mnr5_wpftmp.csproj]
D:\C#\VM\VisionMaster\Services\FlowOutputCollector.cs(48,51): warning CS8604: “Dictionary<string, Guid> FlowOutputCollector.BuildStepNameIndex(FlowSession session)”中的形参“session”可能传入 null 引用实参。 [D:\C#\VM\VisionMaster\VisionMaster_ewt4mnr5_wpftmp.csproj]
D:\C#\VM\VisionMaster\Services\HttpImageServer.cs(140,23): warning CS8625: 无法将 null 字面量转换为非 null 的引用类型。 [D:\C#\VM\VisionMaster\VisionMaster_ewt4mnr5_wpftmp.csproj]
D:\C#\VM\VisionMaster\Services\FlowOutputCollector.cs(114,77): warning CS8603: 可能返回 null 引用。 [D:\C#\VM\VisionMaster\VisionMaster_ewt4mnr5_wpftmp.csproj]
D:\C#\VM\VisionMaster\Services\FlowOutputCollector.cs(115,20): warning CS8603: 可能返回 null 引用。 [D:\C#\VM\VisionMaster\VisionMaster_ewt4mnr5_wpftmp.csproj]
D:\C#\VM\VisionMaster\Services\FlowOutputCollector.cs(127,31): warning CS8600: 将 null 文本或可能的 null 值转换为不可为 null 类型。 [D:\C#\VM\VisionMaster\VisionMaster_ewt4mnr5_wpftmp.csproj]
D:\C#\VM\VisionMaster\Services\FlowOutputCollector.cs(137,62): warning CS8604: “object FlowOutputCollector.ToJsonValue(object value)”中的形参“value”可能传入 null 引用实参。 [D:\C#\VM\VisionMaster\VisionMaster_ewt4mnr5_wpftmp.csproj]
D:\C#\VM\VisionMaster\Services\Camera\NetworkCameraServer.cs(261,22): warning CS8625: 无法将 null 字面量转换为非 null 的引用类型。 [D:\C#\VM\VisionMaster\VisionMaster_ewt4mnr5_wpftmp.csproj]
D:\C#\VM\VisionMaster\Services\Camera\NetworkCameraServer.cs(262,20): warning CS8625: 无法将 null 字面量转换为非 null 的引用类型。 [D:\C#\VM\VisionMaster\VisionMaster_ewt4mnr5_wpftmp.csproj]
D:\C#\VM\VisionMaster\Services\HttpImageServer.cs(241,42): warning CS8604: “object HttpImageServer.Fail(ApiRequest req, int statusCode, string message)”中的形参“message”可能传入 null 引用实参。 [D:\C#\VM\VisionMaster\VisionMaster_ewt4mnr5_wpftmp.csproj]
D:\C#\VM\VisionMaster\ShellViewModel.cs(915,42): warning CS8602: 解引用可能出现空引用。 [D:\C#\VM\VisionMaster\VisionMaster_ewt4mnr5_wpftmp.csproj]
D:\C#\VM\VisionMaster\Services\FlowOutputCollector.cs(165,28): warning CS8603: 可能返回 null 引用。 [D:\C#\VM\VisionMaster\VisionMaster_ewt4mnr5_wpftmp.csproj]
D:\C#\VM\VisionMaster\Services\FlowOutputCollector.cs(230,28): warning CS8603: 可能返回 null 引用。 [D:\C#\VM\VisionMaster\VisionMaster_ewt4mnr5_wpftmp.csproj]
D:\C#\VM\VisionMaster\Services\HttpImageServer.cs(329,39): warning CS8603: 可能返回 null 引用。 [D:\C#\VM\VisionMaster\VisionMaster_ewt4mnr5_wpftmp.csproj]
D:\C#\VM\VisionMaster\Services\HttpImageServer.cs(333,20): warning CS8603: 可能返回 null 引用。 [D:\C#\VM\VisionMaster\VisionMaster_ewt4mnr5_wpftmp.csproj]
D:\C#\VM\VisionMaster\Views\ProcessView.xaml.cs(72,28): warning CS8603: 可能返回 null 引用。 [D:\C#\VM\VisionMaster\VisionMaster_ewt4mnr5_wpftmp.csproj]
D:\C#\VM\VisionMaster\Views\ProcessView.xaml.cs(77,20): warning CS8603: 可能返回 null 引用。 [D:\C#\VM\VisionMaster\VisionMaster_ewt4mnr5_wpftmp.csproj]
D:\C#\VM\VisionMaster\Services\ImageCollectionService.cs(304,17): warning CS8602: 解引用可能出现空引用。 [D:\C#\VM\VisionMaster\VisionMaster_ewt4mnr5_wpftmp.csproj]
D:\C#\VM\VisionMaster\ShellViewModel.cs(1359,39): warning CS8603: 可能返回 null 引用。 [D:\C#\VM\VisionMaster\VisionMaster_ewt4mnr5_wpftmp.csproj]
D:\C#\VM\VisionMaster\ShellViewModel.cs(1367,20): warning CS8603: 可能返回 null 引用。 [D:\C#\VM\VisionMaster\VisionMaster_ewt4mnr5_wpftmp.csproj]
D:\C#\VM\VisionMaster\ShellViewModel.cs(1372,39): warning CS8603: 可能返回 null 引用。 [D:\C#\VM\VisionMaster\VisionMaster_ewt4mnr5_wpftmp.csproj]
D:\C#\VM\VisionMaster\ShellViewModel.cs(1383,56): warning CS8604: “StepModel ShellViewModel.FindDebugStoppedStep(IEnumerable<StepModel> steps)”中的形参“steps”可能传入 null 引用实参。 [D:\C#\VM\VisionMaster\VisionMaster_ewt4mnr5_wpftmp.csproj]
D:\C#\VM\VisionMaster\ShellViewModel.cs(1389,20): warning CS8603: 可能返回 null 引用。 [D:\C#\VM\VisionMaster\VisionMaster_ewt4mnr5_wpftmp.csproj]
D:\C#\VM\VisionMaster\Views\DialogViews\ConditionEditorView.xaml.cs(52,41): warning CS8622: “void ConditionEditorView.Vm_BranchChanged(object sender, StepCollection e)”的参数“sender”类型中引用类型的为 Null 性与目标委托“EventHandler<StepCollection>”不匹配(可能是由于为 Null 性特性)。 [D:\C#\VM\VisionMaster\VisionMaster_ewt4mnr5_wpftmp.csproj]
D:\C#\VM\VisionMaster\Views\DialogViews\ConditionEditorView.xaml.cs(53,41): warning CS8622: “void ConditionEditorView.Vm_BranchChanged(object sender, StepCollection e)”的参数“sender”类型中引用类型的为 Null 性与目标委托“EventHandler<StepCollection>”不匹配(可能是由于为 Null 性特性)。 [D:\C#\VM\VisionMaster\VisionMaster_ewt4mnr5_wpftmp.csproj]
D:\C#\VM\VisionMaster\Views\DialogViews\ConditionEditorView.xaml.cs(55,55): warning CS8622: “void ConditionEditorView.Variables_CollectionChanged(object sender, NotifyCollectionChangedEventArgs e)”的参数“sender”类型中引用类型的为 Null 性与目标委托“NotifyCollectionChangedEventHandler”不匹配(可能是由于为 Null 性特性)。 [D:\C#\VM\VisionMaster\VisionMaster_ewt4mnr5_wpftmp.csproj]
D:\C#\VM\VisionMaster\Views\DialogViews\ConditionEditorView.xaml.cs(56,55): warning CS8622: “void ConditionEditorView.Variables_CollectionChanged(object sender, NotifyCollectionChangedEventArgs e)”的参数“sender”类型中引用类型的为 Null 性与目标委托“NotifyCollectionChangedEventHandler”不匹配(可能是由于为 Null 性特性)。 [D:\C#\VM\VisionMaster\VisionMaster_ewt4mnr5_wpftmp.csproj]
D:\C#\VM\VisionMaster\Views\DialogViews\ConditionEditorView.xaml.cs(36,16): warning CS8618: 在退出构造函数时，不可为 null 的 字段 "_completionWindow" 必须包含非 null 值。请考虑添加 "required" 修饰符或将该 字段 声明为可为 null。 [D:\C#\VM\VisionMaster\VisionMaster_ewt4mnr5_wpftmp.csproj]
D:\C#\VM\VisionMaster\ViewModels\DebugHitViewModel.cs(70,16): warning CS9264: 在退出构造函数时，不可为 null 的 属性 'Header' 必须包含非 null 值。请考虑添加“required”修饰符，或将 属性 声明为可为 null，或安全地处理“get”访问器中“field”为 null 的情况。 [D:\C#\VM\VisionMaster\VisionMaster_ewt4mnr5_wpftmp.csproj]
D:\C#\VM\VisionMaster\ViewModels\DebugHitViewModel.cs(70,16): warning CS9264: 在退出构造函数时，不可为 null 的 属性 'FlowName' 必须包含非 null 值。请考虑添加“required”修饰符，或将 属性 声明为可为 null，或安全地处理“get”访问器中“field”为 null 的情况。 [D:\C#\VM\VisionMaster\VisionMaster_ewt4mnr5_wpftmp.csproj]
D:\C#\VM\VisionMaster\ViewModels\DebugHitViewModel.cs(70,16): warning CS9264: 在退出构造函数时，不可为 null 的 属性 'StepName' 必须包含非 null 值。请考虑添加“required”修饰符，或将 属性 声明为可为 null，或安全地处理“get”访问器中“field”为 null 的情况。 [D:\C#\VM\VisionMaster\VisionMaster_ewt4mnr5_wpftmp.csproj]
D:\C#\VM\VisionMaster\Views\DialogViews\ConditionEditorView.xaml.cs(178,76): warning CS8625: 无法将 null 字面量转换为非 null 的引用类型。 [D:\C#\VM\VisionMaster\VisionMaster_ewt4mnr5_wpftmp.csproj]
D:\C#\VM\VisionMaster\Views\DialogViews\ConditionEditorView.xaml.cs(182,37): warning CS8625: 无法将 null 字面量转换为非 null 的引用类型。 [D:\C#\VM\VisionMaster\VisionMaster_ewt4mnr5_wpftmp.csproj]
D:\C#\VM\VisionMaster\Services\LayoutHelper.cs(88,20): warning CS8603: 可能返回 null 引用。 [D:\C#\VM\VisionMaster\VisionMaster_ewt4mnr5_wpftmp.csproj]
D:\C#\VM\VisionMaster\ViewModels\DialogViewModels\SolutionListViewModel.cs(87,16): warning CS8618: 在退出构造函数时，不可为 null 的 字段 "_selectedSolution" 必须包含非 null 值。请考虑添加 "required" 修饰符或将该 字段 声明为可为 null。 [D:\C#\VM\VisionMaster\VisionMaster_ewt4mnr5_wpftmp.csproj]
D:\C#\VM\VisionMaster\Views\DialogViews\ConditionEditorView.xaml.cs(191,40): warning CS8622: “void ConditionEditorView.Vm_BranchChanged(object sender, StepCollection e)”的参数“sender”类型中引用类型的为 Null 性与目标委托“EventHandler<StepCollection>”不匹配(可能是由于为 Null 性特性)。 [D:\C#\VM\VisionMaster\VisionMaster_ewt4mnr5_wpftmp.csproj]
D:\C#\VM\VisionMaster\Views\DialogViews\ConditionEditorView.xaml.cs(192,54): warning CS8622: “void ConditionEditorView.Variables_CollectionChanged(object sender, NotifyCollectionChangedEventArgs e)”的参数“sender”类型中引用类型的为 Null 性与目标委托“NotifyCollectionChangedEventHandler”不匹配(可能是由于为 Null 性特性)。 [D:\C#\VM\VisionMaster\VisionMaster_ewt4mnr5_wpftmp.csproj]
D:\C#\VM\VisionMaster\Views\DialogViews\ConditionEditorView.xaml.cs(198,40): warning CS8622: “void ConditionEditorView.Vm_BranchChanged(object sender, StepCollection e)”的参数“sender”类型中引用类型的为 Null 性与目标委托“EventHandler<StepCollection>”不匹配(可能是由于为 Null 性特性)。 [D:\C#\VM\VisionMaster\VisionMaster_ewt4mnr5_wpftmp.csproj]
D:\C#\VM\VisionMaster\Views\DialogViews\ConditionEditorView.xaml.cs(199,54): warning CS8622: “void ConditionEditorView.Variables_CollectionChanged(object sender, NotifyCollectionChangedEventArgs e)”的参数“sender”类型中引用类型的为 Null 性与目标委托“NotifyCollectionChangedEventHandler”不匹配(可能是由于为 Null 性特性)。 [D:\C#\VM\VisionMaster\VisionMaster_ewt4mnr5_wpftmp.csproj]
D:\C#\VM\VisionMaster\Views\DialogViews\ConditionEditorView.xaml.cs(218,46): warning CS8622: “void ConditionEditorView.VariableItem_PropertyChanged(object sender, PropertyChangedEventArgs e)”的参数“sender”类型中引用类型的为 Null 性与目标委托“PropertyChangedEventHandler”不匹配(可能是由于为 Null 性特性)。 [D:\C#\VM\VisionMaster\VisionMaster_ewt4mnr5_wpftmp.csproj]
D:\C#\VM\VisionMaster\Views\DialogViews\ConditionEditorView.xaml.cs(219,46): warning CS8622: “void ConditionEditorView.VariableItem_PropertyChanged(object sender, PropertyChangedEventArgs e)”的参数“sender”类型中引用类型的为 Null 性与目标委托“PropertyChangedEventHandler”不匹配(可能是由于为 Null 性特性)。 [D:\C#\VM\VisionMaster\VisionMaster_ewt4mnr5_wpftmp.csproj]
D:\C#\VM\VisionMaster\Services\LayoutHelper.cs(157,45): warning CS8603: 可能返回 null 引用。 [D:\C#\VM\VisionMaster\VisionMaster_ewt4mnr5_wpftmp.csproj]
D:\C#\VM\VisionMaster\Services\LayoutHelper.cs(172,24): warning CS8603: 可能返回 null 引用。 [D:\C#\VM\VisionMaster\VisionMaster_ewt4mnr5_wpftmp.csproj]
D:\C#\VM\VisionMaster\ViewModels\DialogViewModels\SolutionListViewModel.cs(215,32): warning CS8601: 可能的 null 引用赋值。 [D:\C#\VM\VisionMaster\VisionMaster_ewt4mnr5_wpftmp.csproj]
D:\C#\VM\VisionMaster\ViewModels\DialogViewModels\VariableBindingViewModel.cs(67,38): warning CS8625: 无法将 null 字面量转换为非 null 的引用类型。 [D:\C#\VM\VisionMaster\VisionMaster_ewt4mnr5_wpftmp.csproj]
D:\C#\VM\VisionMaster\Views\DialogViews\ConditionEditorView.xaml.cs(355,58): warning CS8603: 可能返回 null 引用。 [D:\C#\VM\VisionMaster\VisionMaster_ewt4mnr5_wpftmp.csproj]
D:\C#\VM\VisionMaster\Services\LayoutHelper.cs(275,26): warning CS8625: 无法将 null 字面量转换为非 null 的引用类型。 [D:\C#\VM\VisionMaster\VisionMaster_ewt4mnr5_wpftmp.csproj]
D:\C#\VM\VisionMaster\Services\LayoutHelper.cs(329,57): warning CS8603: 可能返回 null 引用。 [D:\C#\VM\VisionMaster\VisionMaster_ewt4mnr5_wpftmp.csproj]
D:\C#\VM\VisionMaster\Services\LayoutHelper.cs(332,41): warning CS8603: 可能返回 null 引用。 [D:\C#\VM\VisionMaster\VisionMaster_ewt4mnr5_wpftmp.csproj]
D:\C#\VM\VisionMaster\Services\LayoutHelper.cs(334,20): warning CS8603: 可能返回 null 引用。 [D:\C#\VM\VisionMaster\VisionMaster_ewt4mnr5_wpftmp.csproj]
D:\C#\VM\VisionMaster\ViewModels\DialogViewModels\VariableBindingViewModel.cs(201,16): warning CS8618: 在退出构造函数时，不可为 null 的 字段 "_lastBoundPort" 必须包含非 null 值。请考虑添加 "required" 修饰符或将该 字段 声明为可为 null。 [D:\C#\VM\VisionMaster\VisionMaster_ewt4mnr5_wpftmp.csproj]
D:\C#\VM\VisionMaster\ViewModels\DialogViewModels\VariableBindingViewModel.cs(201,16): warning CS8618: 在退出构造函数时，不可为 null 的 字段 "_lastBoundLink" 必须包含非 null 值。请考虑添加 "required" 修饰符或将该 字段 声明为可为 null。 [D:\C#\VM\VisionMaster\VisionMaster_ewt4mnr5_wpftmp.csproj]
D:\C#\VM\VisionMaster\ViewModels\DialogViewModels\VariableBindingViewModel.cs(201,16): warning CS8618: 在退出构造函数时，不可为 null 的 字段 "_targetStep" 必须包含非 null 值。请考虑添加 "required" 修饰符或将该 字段 声明为可为 null。 [D:\C#\VM\VisionMaster\VisionMaster_ewt4mnr5_wpftmp.csproj]
D:\C#\VM\VisionMaster\ViewModels\DialogViewModels\VariableBindingViewModel.cs(201,16): warning CS8618: 在退出构造函数时，不可为 null 的 字段 "_constantValue" 必须包含非 null 值。请考虑添加 "required" 修饰符或将该 字段 声明为可为 null。 [D:\C#\VM\VisionMaster\VisionMaster_ewt4mnr5_wpftmp.csproj]
D:\C#\VM\VisionMaster\ViewModels\DialogViewModels\VariableBindingViewModel.cs(201,16): warning CS8618: 在退出构造函数时，不可为 null 的 字段 "_selectedInputPort" 必须包含非 null 值。请考虑添加 "required" 修饰符或将该 字段 声明为可为 null。 [D:\C#\VM\VisionMaster\VisionMaster_ewt4mnr5_wpftmp.csproj]
D:\C#\VM\VisionMaster\ViewModels\DialogViewModels\VariableBindingViewModel.cs(201,16): warning CS8618: 在退出构造函数时，不可为 null 的 字段 "_selectedOutputPort" 必须包含非 null 值。请考虑添加 "required" 修饰符或将该 字段 声明为可为 null。 [D:\C#\VM\VisionMaster\VisionMaster_ewt4mnr5_wpftmp.csproj]
D:\C#\VM\VisionMaster\ViewModels\DialogViewModels\VariableBindingViewModel.cs(201,16): warning CS8618: 在退出构造函数时，不可为 null 的 字段 "_selectedNode" 必须包含非 null 值。请考虑添加 "required" 修饰符或将该 字段 声明为可为 null。 [D:\C#\VM\VisionMaster\VisionMaster_ewt4mnr5_wpftmp.csproj]
D:\C#\VM\VisionMaster\ViewModels\DialogViewModels\VariableBindingViewModel.cs(260,33): warning CS8601: 可能的 null 引用赋值。 [D:\C#\VM\VisionMaster\VisionMaster_ewt4mnr5_wpftmp.csproj]
D:\C#\VM\VisionMaster\Services\LayoutHelper.cs(422,50): warning CS8604: “bool Dictionary<string, Func<object>>.TryGetValue(string key, out Func<object> value)”中的形参“key”可能传入 null 引用实参。 [D:\C#\VM\VisionMaster\VisionMaster_ewt4mnr5_wpftmp.csproj]
D:\C#\VM\VisionMaster\ViewModels\DialogViewModels\ConditionEditorViewModel .cs(96,68): warning CS8601: 可能的 null 引用赋值。 [D:\C#\VM\VisionMaster\VisionMaster_ewt4mnr5_wpftmp.csproj]
D:\C#\VM\VisionMaster\ViewModels\DialogViewModels\ConditionEditorViewModel .cs(97,39): warning CS8601: 可能的 null 引用赋值。 [D:\C#\VM\VisionMaster\VisionMaster_ewt4mnr5_wpftmp.csproj]
D:\C#\VM\VisionMaster\ViewModels\DialogViewModels\ConditionEditorViewModel .cs(138,44): warning CS8600: 将 null 文本或可能的 null 值转换为不可为 null 类型。 [D:\C#\VM\VisionMaster\VisionMaster_ewt4mnr5_wpftmp.csproj]
D:\C#\VM\VisionMaster\ViewModels\DialogViewModels\ConditionEditorViewModel .cs(144,30): warning CS8601: 可能的 null 引用赋值。 [D:\C#\VM\VisionMaster\VisionMaster_ewt4mnr5_wpftmp.csproj]
D:\C#\VM\VisionMaster\Services\LayoutHelper.cs(439,32): warning CS8600: 将 null 文本或可能的 null 值转换为不可为 null 类型。 [D:\C#\VM\VisionMaster\VisionMaster_ewt4mnr5_wpftmp.csproj]
D:\C#\VM\VisionMaster\ViewModels\DialogViewModels\ConditionEditorViewModel .cs(148,16): warning CS8618: 在退出构造函数时，不可为 null 的 字段 "_targetNode" 必须包含非 null 值。请考虑添加 "required" 修饰符或将该 字段 声明为可为 null。 [D:\C#\VM\VisionMaster\VisionMaster_ewt4mnr5_wpftmp.csproj]
D:\C#\VM\VisionMaster\ViewModels\DialogViewModels\ConditionEditorViewModel .cs(148,16): warning CS8618: 在退出构造函数时，不可为 null 的 字段 "_targetForNode" 必须包含非 null 值。请考虑添加 "required" 修饰符或将该 字段 声明为可为 null。 [D:\C#\VM\VisionMaster\VisionMaster_ewt4mnr5_wpftmp.csproj]
D:\C#\VM\VisionMaster\ViewModels\DialogViewModels\ConditionEditorViewModel .cs(148,16): warning CS9264: 在退出构造函数时，不可为 null 的 属性 'Branches' 必须包含非 null 值。请考虑添加“required”修饰符，或将 属性 声明为可为 null，或安全地处理“get”访问器中“field”为 null 的情况。 [D:\C#\VM\VisionMaster\VisionMaster_ewt4mnr5_wpftmp.csproj]
D:\C#\VM\VisionMaster\ViewModels\DialogViewModels\ConditionEditorViewModel .cs(148,16): warning CS9264: 在退出构造函数时，不可为 null 的 属性 'SelectedBranch' 必须包含非 null 值。请考虑添加“required”修饰符，或将 属性 声明为可为 null，或安全地处理“get”访问器中“field”为 null 的情况。 [D:\C#\VM\VisionMaster\VisionMaster_ewt4mnr5_wpftmp.csproj]
D:\C#\VM\VisionMaster\ViewModels\DialogViewModels\ConditionEditorViewModel .cs(148,16): warning CS8618: 在退出构造函数时，不可为 null 的 字段 "_loopCountLinkDraft" 必须包含非 null 值。请考虑添加 "required" 修饰符或将该 字段 声明为可为 null。 [D:\C#\VM\VisionMaster\VisionMaster_ewt4mnr5_wpftmp.csproj]
D:\C#\VM\VisionMaster\ViewModels\DialogViewModels\ConditionEditorViewModel .cs(148,16): warning CS9264: 在退出构造函数时，不可为 null 的 属性 'LoopCountSourceText' 必须包含非 null 值。请考虑添加“required”修饰符，或将 属性 声明为可为 null，或安全地处理“get”访问器中“field”为 null 的情况。 [D:\C#\VM\VisionMaster\VisionMaster_ewt4mnr5_wpftmp.csproj]
D:\C#\VM\VisionMaster\ViewModels\DialogViewModels\ConditionEditorViewModel .cs(148,16): warning CS8618: 在退出构造函数时，不可为 null 的 事件 "BranchChanged" 必须包含非 null 值。请考虑添加 "required" 修饰符或将该 事件 声明为可为 null。 [D:\C#\VM\VisionMaster\VisionMaster_ewt4mnr5_wpftmp.csproj]
D:\C#\VM\VisionMaster\Services\ScadaPagePicker.cs(39,35): warning CS8604: “void ParametersBase.Add(string key, object value)”中的形参“value”可能传入 null 引用实参。 [D:\C#\VM\VisionMaster\VisionMaster_ewt4mnr5_wpftmp.csproj]
D:\C#\VM\VisionMaster\ViewModels\DialogViewModels\ConditionEditorViewModel .cs(469,32): warning CS8603: 可能返回 null 引用。 [D:\C#\VM\VisionMaster\VisionMaster_ewt4mnr5_wpftmp.csproj]
D:\C#\VM\VisionMaster\ViewModels\DialogViewModels\ConditionEditorViewModel .cs(223,35): warning CS8625: 无法将 null 字面量转换为非 null 的引用类型。 [D:\C#\VM\VisionMaster\VisionMaster_ewt4mnr5_wpftmp.csproj]
D:\C#\VM\VisionMaster\ViewModels\DialogViewModels\ConditionEditorViewModel .cs(224,35): warning CS8625: 无法将 null 字面量转换为非 null 的引用类型。 [D:\C#\VM\VisionMaster\VisionMaster_ewt4mnr5_wpftmp.csproj]
D:\C#\VM\VisionMaster\ViewModels\DialogViewModels\ConditionEditorViewModel .cs(475,61): warning CS8603: 可能返回 null 引用。 [D:\C#\VM\VisionMaster\VisionMaster_ewt4mnr5_wpftmp.csproj]
D:\C#\VM\VisionMaster\ViewModels\DialogViewModels\ConditionEditorViewModel .cs(477,32): warning CS8600: 将 null 文本或可能的 null 值转换为不可为 null 类型。 [D:\C#\VM\VisionMaster\VisionMaster_ewt4mnr5_wpftmp.csproj]
D:\C#\VM\VisionMaster\ViewModels\DialogViewModels\ConditionEditorViewModel .cs(479,28): warning CS8603: 可能返回 null 引用。 [D:\C#\VM\VisionMaster\VisionMaster_ewt4mnr5_wpftmp.csproj]
D:\C#\VM\VisionMaster\ViewModels\DialogViewModels\ConditionEditorViewModel .cs(484,24): warning CS8603: 可能返回 null 引用。 [D:\C#\VM\VisionMaster\VisionMaster_ewt4mnr5_wpftmp.csproj]
D:\C#\VM\VisionMaster\ViewModels\DialogViewModels\ConditionEditorViewModel .cs(447,35): warning CS8618: 在退出构造函数时，不可为 null 的 属性 "DuplicateChecker" 必须包含非 null 值。请考虑添加 "required" 修饰符或将该 属性 声明为可为 null。 [D:\C#\VM\VisionMaster\VisionMaster_ewt4mnr5_wpftmp.csproj]
D:\C#\VM\VisionMaster\ViewModels\DialogViewModels\ConditionEditorViewModel .cs(451,23): warning CS9264: 在退出构造函数时，不可为 null 的 属性 'AliasName' 必须包含非 null 值。请考虑添加“required”修饰符，或将 属性 声明为可为 null，或安全地处理“get”访问器中“field”为 null 的情况。 [D:\C#\VM\VisionMaster\VisionMaster_ewt4mnr5_wpftmp.csproj]
D:\C#\VM\VisionMaster\ViewModels\DialogViewModels\ConditionEditorViewModel .cs(461,23): warning CS9264: 在退出构造函数时，不可为 null 的 属性 'SourceAddress' 必须包含非 null 值。请考虑添加“required”修饰符，或将 属性 声明为可为 null，或安全地处理“get”访问器中“field”为 null 的情况。 [D:\C#\VM\VisionMaster\VisionMaster_ewt4mnr5_wpftmp.csproj]
D:\C#\VM\VisionMaster\ViewModels\DialogViewModels\ConditionEditorViewModel .cs(462,30): warning CS8618: 在退出构造函数时，不可为 null 的 属性 "OriginalLink" 必须包含非 null 值。请考虑添加 "required" 修饰符或将该 属性 声明为可为 null。 [D:\C#\VM\VisionMaster\VisionMaster_ewt4mnr5_wpftmp.csproj]
D:\C#\VM\VisionMaster\ViewModels\DialogViewModels\VariableBindingViewModel.cs(538,62): warning CS8604: “InputPortUIModel.InputPortUIModel(PortDefinition schema, string linkedAddress)”中的形参“linkedAddress”可能传入 null 引用实参。 [D:\C#\VM\VisionMaster\VisionMaster_ewt4mnr5_wpftmp.csproj]
D:\C#\VM\VisionMaster\ViewModels\DialogViewModels\VariableBindingViewModel.cs(604,17): warning CS8601: 可能的 null 引用赋值。 [D:\C#\VM\VisionMaster\VisionMaster_ewt4mnr5_wpftmp.csproj]
D:\C#\VM\VisionMaster\ViewModels\DialogViewModels\VariableBindingViewModel.cs(610,23): warning CS8604: “void VariableBindingViewModel.BuildTree(IDialogParameters parameters = null)”中的形参“parameters”可能传入 null 引用实参。 [D:\C#\VM\VisionMaster\VisionMaster_ewt4mnr5_wpftmp.csproj]
D:\C#\VM\VisionMaster\ViewModels\DialogViewModels\VariableBindingViewModel.cs(615,28): warning CS8618: 在退出构造函数时，不可为 null 的 字段 "_option" 必须包含非 null 值。请考虑添加 "required" 修饰符或将该 字段 声明为可为 null。 [D:\C#\VM\VisionMaster\VisionMaster_ewt4mnr5_wpftmp.csproj]
D:\C#\VM\VisionMaster\ViewModels\DialogViewModels\ConditionEditorViewModel .cs(274,32): warning CS8600: 将 null 文本或可能的 null 值转换为不可为 null 类型。 [D:\C#\VM\VisionMaster\VisionMaster_ewt4mnr5_wpftmp.csproj]
D:\C#\VM\VisionMaster\ViewModels\DialogViewModels\ConditionEditorViewModel .cs(363,32): warning CS8600: 将 null 文本或可能的 null 值转换为不可为 null 类型。 [D:\C#\VM\VisionMaster\VisionMaster_ewt4mnr5_wpftmp.csproj]
D:\C#\VM\VisionMaster\ViewModels\MonitorViewModel.cs(24,23): warning CS8618: 在退出构造函数时，不可为 null 的 属性 "DisplayText" 必须包含非 null 值。请考虑添加 "required" 修饰符或将该 属性 声明为可为 null。 [D:\C#\VM\VisionMaster\VisionMaster_ewt4mnr5_wpftmp.csproj]
D:\C#\VM\VisionMaster\ViewModels\MonitorViewModel.cs(26,23): warning CS8618: 在退出构造函数时，不可为 null 的 属性 "StepName" 必须包含非 null 值。请考虑添加 "required" 修饰符或将该 属性 声明为可为 null。 [D:\C#\VM\VisionMaster\VisionMaster_ewt4mnr5_wpftmp.csproj]
D:\C#\VM\VisionMaster\ViewModels\MonitorViewModel.cs(27,23): warning CS8618: 在退出构造函数时，不可为 null 的 属性 "PortName" 必须包含非 null 值。请考虑添加 "required" 修饰符或将该 属性 声明为可为 null。 [D:\C#\VM\VisionMaster\VisionMaster_ewt4mnr5_wpftmp.csproj]
D:\C#\VM\VisionMaster\ViewModels\MonitorViewModel.cs(30,23): warning CS8618: 在退出构造函数时，不可为 null 的 属性 "VariableName" 必须包含非 null 值。请考虑添加 "required" 修饰符或将该 属性 声明为可为 null。 [D:\C#\VM\VisionMaster\VisionMaster_ewt4mnr5_wpftmp.csproj]
D:\C#\VM\VisionMaster\ViewModels\FlowListViewModel.cs(66,16): warning CS9264: 在退出构造函数时，不可为 null 的 属性 'SelectFlow' 必须包含非 null 值。请考虑添加“required”修饰符，或将 属性 声明为可为 null，或安全地处理“get”访问器中“field”为 null 的情况。 [D:\C#\VM\VisionMaster\VisionMaster_ewt4mnr5_wpftmp.csproj]
D:\C#\VM\VisionMaster\ViewModels\DialogViewModels\FlowManagerViewModel.cs(98,43): warning CS8622: “void FlowManagerViewModel.OnWorkspacePropertyChanged(object sender, PropertyChangedEventArgs e)”的参数“sender”类型中引用类型的为 Null 性与目标委托“PropertyChangedEventHandler”不匹配(可能是由于为 Null 性特性)。 [D:\C#\VM\VisionMaster\VisionMaster_ewt4mnr5_wpftmp.csproj]
D:\C#\VM\VisionMaster\ViewModels\MonitorViewModel.cs(117,61): warning CS8622: “void MonitorViewModel.OnGlobalVariablesChanged(object sender, NotifyCollectionChangedEventArgs e)”的参数“sender”类型中引用类型的为 Null 性与目标委托“NotifyCollectionChangedEventHandler”不匹配(可能是由于为 Null 性特性)。 [D:\C#\VM\VisionMaster\VisionMaster_ewt4mnr5_wpftmp.csproj]
D:\C#\VM\VisionMaster\ViewModels\MonitorViewModel.cs(123,60): warning CS8622: “void MonitorViewModel.OnVariableRenamed(object sender, VariableRenamedEventArgs e)”的参数“sender”类型中引用类型的为 Null 性与目标委托“EventHandler<VariableRenamedEventArgs>”不匹配(可能是由于为 Null 性特性)。 [D:\C#\VM\VisionMaster\VisionMaster_ewt4mnr5_wpftmp.csproj]
D:\C#\VM\VisionMaster\ViewModels\MonitorViewModel.cs(131,50): warning CS8622: “void MonitorViewModel.OnWorkspacePropertyChanged(object sender, PropertyChangedEventArgs e)”的参数“sender”类型中引用类型的为 Null 性与目标委托“PropertyChangedEventHandler”不匹配(可能是由于为 Null 性特性)。 [D:\C#\VM\VisionMaster\VisionMaster_ewt4mnr5_wpftmp.csproj]
D:\C#\VM\VisionMaster\ViewModels\MonitorViewModel.cs(138,65): warning CS8622: “void MonitorViewModel.OnSessionsChanged(object sender, NotifyCollectionChangedEventArgs e)”的参数“sender”类型中引用类型的为 Null 性与目标委托“NotifyCollectionChangedEventHandler”不匹配(可能是由于为 Null 性特性)。 [D:\C#\VM\VisionMaster\VisionMaster_ewt4mnr5_wpftmp.csproj]
D:\C#\VM\VisionMaster\ViewModels\MonitorViewModel.cs(100,16): warning CS8618: 在退出构造函数时，不可为 null 的 字段 "_searchText" 必须包含非 null 值。请考虑添加 "required" 修饰符或将该 字段 声明为可为 null。 [D:\C#\VM\VisionMaster\VisionMaster_ewt4mnr5_wpftmp.csproj]
D:\C#\VM\VisionMaster\ViewModels\MonitorViewModel.cs(100,16): warning CS8618: 在退出构造函数时，不可为 null 的 字段 "_selectedSuggestion" 必须包含非 null 值。请考虑添加 "required" 修饰符或将该 字段 声明为可为 null。 [D:\C#\VM\VisionMaster\VisionMaster_ewt4mnr5_wpftmp.csproj]
D:\C#\VM\VisionMaster\ViewModels\MonitorViewModel.cs(100,16): warning CS8618: 在退出构造函数时，不可为 null 的 字段 "_subscribedWatchItems" 必须包含非 null 值。请考虑添加 "required" 修饰符或将该 字段 声明为可为 null。 [D:\C#\VM\VisionMaster\VisionMaster_ewt4mnr5_wpftmp.csproj]
D:\C#\VM\VisionMaster\ViewModels\MonitorViewModel.cs(184,64): warning CS8622: “void MonitorViewModel.OnWatchItemsChanged(object sender, NotifyCollectionChangedEventArgs e)”的参数“sender”类型中引用类型的为 Null 性与目标委托“NotifyCollectionChangedEventHandler”不匹配(可能是由于为 Null 性特性)。 [D:\C#\VM\VisionMaster\VisionMaster_ewt4mnr5_wpftmp.csproj]
D:\C#\VM\VisionMaster\ViewModels\MonitorViewModel.cs(185,45): warning CS8625: 无法将 null 字面量转换为非 null 的引用类型。 [D:\C#\VM\VisionMaster\VisionMaster_ewt4mnr5_wpftmp.csproj]
D:\C#\VM\VisionMaster\ViewModels\MonitorViewModel.cs(196,60): warning CS8622: “void MonitorViewModel.OnWatchItemsChanged(object sender, NotifyCollectionChangedEventArgs e)”的参数“sender”类型中引用类型的为 Null 性与目标委托“NotifyCollectionChangedEventHandler”不匹配(可能是由于为 Null 性特性)。 [D:\C#\VM\VisionMaster\VisionMaster_ewt4mnr5_wpftmp.csproj]
D:\C#\VM\VisionMaster\ViewModels\MonitorViewModel.cs(198,56): warning CS8622: “void MonitorViewModel.OnWatchItemsChanged(object sender, NotifyCollectionChangedEventArgs e)”的参数“sender”类型中引用类型的为 Null 性与目标委托“NotifyCollectionChangedEventHandler”不匹配(可能是由于为 Null 性特性)。 [D:\C#\VM\VisionMaster\VisionMaster_ewt4mnr5_wpftmp.csproj]
D:\C#\VM\VisionMaster\Services\NetworkVariableBridge.cs(110,29): warning CS8601: 可能的 null 引用赋值。 [D:\C#\VM\VisionMaster\VisionMaster_ewt4mnr5_wpftmp.csproj]
D:\C#\VM\VisionMaster\ViewModels\FlowListViewModel.cs(149,48): warning CS8604: “int Collection<FlowModel>.IndexOf(FlowModel item)”中的形参“item”可能传入 null 引用实参。 [D:\C#\VM\VisionMaster\VisionMaster_ewt4mnr5_wpftmp.csproj]
D:\C#\VM\VisionMaster\ViewModels\FlowListViewModel.cs(153,52): warning CS8604: “bool MandatoryFlows.IsMandatory(FlowModel flow)”中的形参“flow”可能传入 null 引用实参。 [D:\C#\VM\VisionMaster\VisionMaster_ewt4mnr5_wpftmp.csproj]
D:\C#\VM\VisionMaster\ViewModels\FlowListViewModel.cs(171,25): warning CS8602: 解引用可能出现空引用。 [D:\C#\VM\VisionMaster\VisionMaster_ewt4mnr5_wpftmp.csproj]
D:\C#\VM\VisionMaster\ViewModels\FlowListViewModel.cs(206,79): warning CS8602: 解引用可能出现空引用。 [D:\C#\VM\VisionMaster\VisionMaster_ewt4mnr5_wpftmp.csproj]
D:\C#\VM\VisionMaster\ViewModels\FlowListViewModel.cs(268,28): warning CS1998: This async method lacks 'await' operators and will run synchronously. Consider using the 'await' operator to await non-blocking API calls, or 'await Task.Run(...)' to do CPU-bound work on a background thread. [D:\C#\VM\VisionMaster\VisionMaster_ewt4mnr5_wpftmp.csproj]
D:\C#\VM\VisionMaster\ViewModels\ProcessViewModel.cs(57,44): warning CS8601: 可能的 null 引用赋值。 [D:\C#\VM\VisionMaster\VisionMaster_ewt4mnr5_wpftmp.csproj]
D:\C#\VM\VisionMaster\ViewModels\ProcessViewModel.cs(64,42): warning CS8604: “void IWorkspaceManager.SwitchStep(StepModel step)”中的形参“step”可能传入 null 引用实参。 [D:\C#\VM\VisionMaster\VisionMaster_ewt4mnr5_wpftmp.csproj]
D:\C#\VM\VisionMaster\ViewModels\ProcessViewModel.cs(91,16): warning CS9264: 在退出构造函数时，不可为 null 的 属性 'SelectStep' 必须包含非 null 值。请考虑添加“required”修饰符，或将 属性 声明为可为 null，或安全地处理“get”访问器中“field”为 null 的情况。 [D:\C#\VM\VisionMaster\VisionMaster_ewt4mnr5_wpftmp.csproj]
D:\C#\VM\VisionMaster\ViewModels\ProcessViewModel.cs(91,16): warning CS8618: 在退出构造函数时，不可为 null 的 字段 "CurrentSelectedStepModel" 必须包含非 null 值。请考虑添加 "required" 修饰符或将该 字段 声明为可为 null。 [D:\C#\VM\VisionMaster\VisionMaster_ewt4mnr5_wpftmp.csproj]
D:\C#\VM\VisionMaster\ViewModels\ProcessViewModel.cs(129,54): warning CS8622: “void ProcessViewModel.OnWorkspacePropertyChanged(object sender, PropertyChangedEventArgs e)”的参数“sender”类型中引用类型的为 Null 性与目标委托“PropertyChangedEventHandler”不匹配(可能是由于为 Null 性特性)。 [D:\C#\VM\VisionMaster\VisionMaster_ewt4mnr5_wpftmp.csproj]
D:\C#\VM\VisionMaster\ViewModels\ProcessViewModel.cs(149,54): warning CS8622: “void ProcessViewModel.OnWorkspacePropertyChanged(object sender, PropertyChangedEventArgs e)”的参数“sender”类型中引用类型的为 Null 性与目标委托“PropertyChangedEventHandler”不匹配(可能是由于为 Null 性特性)。 [D:\C#\VM\VisionMaster\VisionMaster_ewt4mnr5_wpftmp.csproj]
D:\C#\VM\VisionMaster\ViewModels\ProcessViewModel.cs(155,33): warning CS8604: “void ProcessViewModel.TickRunningTimes(IEnumerable<StepModel> steps)”中的形参“steps”可能传入 null 引用实参。 [D:\C#\VM\VisionMaster\VisionMaster_ewt4mnr5_wpftmp.csproj]
D:\C#\VM\VisionMaster\ViewModels\ProcessViewModel.cs(217,41): warning CS8604: “void ParametersBase.Add(string key, object value)”中的形参“value”可能传入 null 引用实参。 [D:\C#\VM\VisionMaster\VisionMaster_ewt4mnr5_wpftmp.csproj]
D:\C#\VM\VisionMaster\ViewModels\ProcessViewModel.cs(308,52): warning CS8625: 无法将 null 字面量转换为非 null 的引用类型。 [D:\C#\VM\VisionMaster\VisionMaster_ewt4mnr5_wpftmp.csproj]
D:\C#\VM\VisionMaster\ViewModels\DialogViewModels\GlobalVariableManagerViewModel.cs(22,23): warning CS8618: 在退出构造函数时，不可为 null 的 属性 "DisplayName" 必须包含非 null 值。请考虑添加 "required" 修饰符或将该 属性 声明为可为 null。 [D:\C#\VM\VisionMaster\VisionMaster_ewt4mnr5_wpftmp.csproj]
D:\C#\VM\VisionMaster\ViewModels\DialogViewModels\GlobalVariableManagerViewModel.cs(23,21): warning CS8618: 在退出构造函数时，不可为 null 的 属性 "ActualType" 必须包含非 null 值。请考虑添加 "required" 修饰符或将该 属性 声明为可为 null。 [D:\C#\VM\VisionMaster\VisionMaster_ewt4mnr5_wpftmp.csproj]
D:\C#\VM\VisionMaster\ViewModels\DialogViewModels\GlobalVariableManagerViewModel.cs(31,21): warning CS8618: 在退出构造函数时，不可为 null 的 属性 "Value" 必须包含非 null 值。请考虑添加 "required" 修饰符或将该 属性 声明为可为 null。 [D:\C#\VM\VisionMaster\VisionMaster_ewt4mnr5_wpftmp.csproj]
D:\C#\VM\VisionMaster\ViewModels\DialogViewModels\GlobalVariableManagerViewModel.cs(32,23): warning CS8618: 在退出构造函数时，不可为 null 的 属性 "DisplayName" 必须包含非 null 值。请考虑添加 "required" 修饰符或将该 属性 声明为可为 null。 [D:\C#\VM\VisionMaster\VisionMaster_ewt4mnr5_wpftmp.csproj]
D:\C#\VM\VisionMaster\ViewModels\ProcessViewModel.cs(452,32): warning CS8600: 将 null 文本或可能的 null 值转换为不可为 null 类型。 [D:\C#\VM\VisionMaster\VisionMaster_ewt4mnr5_wpftmp.csproj]
D:\C#\VM\VisionMaster\ViewModels\ProcessViewModel.cs(492,37): warning CS8600: 将 null 文本或可能的 null 值转换为不可为 null 类型。 [D:\C#\VM\VisionMaster\VisionMaster_ewt4mnr5_wpftmp.csproj]
D:\C#\VM\VisionMaster\ViewModels\ProcessViewModel.cs(528,36): warning CS8600: 将 null 文本或可能的 null 值转换为不可为 null 类型。 [D:\C#\VM\VisionMaster\VisionMaster_ewt4mnr5_wpftmp.csproj]
D:\C#\VM\VisionMaster\ViewModels\MonitorViewModel.cs(320,173): warning CS8625: 无法将 null 字面量转换为非 null 的引用类型。 [D:\C#\VM\VisionMaster\VisionMaster_ewt4mnr5_wpftmp.csproj]
D:\C#\VM\VisionMaster\ViewModels\MonitorViewModel.cs(538,78): warning CS8625: 无法将 null 字面量转换为非 null 的引用类型。 [D:\C#\VM\VisionMaster\VisionMaster_ewt4mnr5_wpftmp.csproj]
D:\C#\VM\VisionMaster\ViewModels\MonitorViewModel.cs(551,69): warning CS8625: 无法将 null 字面量转换为非 null 的引用类型。 [D:\C#\VM\VisionMaster\VisionMaster_ewt4mnr5_wpftmp.csproj]
D:\C#\VM\VisionMaster\ViewModels\MonitorViewModel.cs(577,107): warning CS8625: 无法将 null 字面量转换为非 null 的引用类型。 [D:\C#\VM\VisionMaster\VisionMaster_ewt4mnr5_wpftmp.csproj]
D:\C#\VM\VisionMaster\ViewModels\DialogViewModels\GlobalVariableViewModelBase.cs(29,61): warning CS8622: “void GlobalVariableViewModelBase.OnGlobalVariablesCollectionChanged(object sender, NotifyCollectionChangedEventArgs e)”的参数“sender”类型中引用类型的为 Null 性与目标委托“NotifyCollectionChangedEventHandler”不匹配(可能是由于为 Null 性特性)。 [D:\C#\VM\VisionMaster\VisionMaster_ewt4mnr5_wpftmp.csproj]
D:\C#\VM\VisionMaster\ViewModels\FlowCanvasViewModel.cs(1105,74): warning CS8600: 将 null 文本或可能的 null 值转换为不可为 null 类型。 [D:\C#\VM\VisionMaster\VisionMaster_ewt4mnr5_wpftmp.csproj]
D:\C#\VM\VisionMaster\ViewModels\FlowCanvasViewModel.cs(1141,25): warning CS8604: “CanvasLinkBinding.CanvasLinkBinding(StepModel consumer, string key, string display)”中的形参“consumer”可能传入 null 引用实参。 [D:\C#\VM\VisionMaster\VisionMaster_ewt4mnr5_wpftmp.csproj]
D:\C#\VM\VisionMaster\ViewModels\DialogViewModels\GlobalVariableViewModelBase.cs(191,65): warning CS8622: “void GlobalVariableViewModelBase.OnGlobalVariablesCollectionChanged(object sender, NotifyCollectionChangedEventArgs e)”的参数“sender”类型中引用类型的为 Null 性与目标委托“NotifyCollectionChangedEventHandler”不匹配(可能是由于为 Null 性特性)。 [D:\C#\VM\VisionMaster\VisionMaster_ewt4mnr5_wpftmp.csproj]
D:\C#\VM\VisionMaster\ViewModels\FlowCanvasViewModel.cs(1333,41): warning CS8604: “void Action<StepModel>.Invoke(StepModel obj)”中的形参“obj”可能传入 null 引用实参。 [D:\C#\VM\VisionMaster\VisionMaster_ewt4mnr5_wpftmp.csproj]
D:\C#\VM\VisionMaster\ViewModels\DialogViewModels\GlobalVariableManagerViewModel.cs(528,16): warning CS9264: 在退出构造函数时，不可为 null 的 属性 'NewVarName' 必须包含非 null 值。请考虑添加“required”修饰符，或将 属性 声明为可为 null，或安全地处理“get”访问器中“field”为 null 的情况。 [D:\C#\VM\VisionMaster\VisionMaster_ewt4mnr5_wpftmp.csproj]
D:\C#\VM\VisionMaster\ViewModels\DialogViewModels\GlobalVariableManagerViewModel.cs(528,16): warning CS9264: 在退出构造函数时，不可为 null 的 属性 'NewVarDescription' 必须包含非 null 值。请考虑添加“required”修饰符，或将 属性 声明为可为 null，或安全地处理“get”访问器中“field”为 null 的情况。 [D:\C#\VM\VisionMaster\VisionMaster_ewt4mnr5_wpftmp.csproj]
D:\C#\VM\VisionMaster\ViewModels\DialogViewModels\PluginConfigShellViewModel.cs(39,16): warning CS8618: 在退出构造函数时，不可为 null 的 字段 "_stepData" 必须包含非 null 值。请考虑添加 "required" 修饰符或将该 字段 声明为可为 null。 [D:\C#\VM\VisionMaster\VisionMaster_ewt4mnr5_wpftmp.csproj]
D:\C#\VM\VisionMaster\ViewModels\DialogViewModels\PluginConfigShellViewModel.cs(39,16): warning CS8618: 在退出构造函数时，不可为 null 的 字段 "_pluginView" 必须包含非 null 值。请考虑添加 "required" 修饰符或将该 字段 声明为可为 null。 [D:\C#\VM\VisionMaster\VisionMaster_ewt4mnr5_wpftmp.csproj]
D:\C#\VM\VisionMaster\ViewModels\DialogViewModels\PluginConfigShellViewModel.cs(39,16): warning CS8618: 在退出构造函数时，不可为 null 的 字段 "_plugin" 必须包含非 null 值。请考虑添加 "required" 修饰符或将该 字段 声明为可为 null。 [D:\C#\VM\VisionMaster\VisionMaster_ewt4mnr5_wpftmp.csproj]
D:\C#\VM\VisionMaster\ViewModels\DialogViewModels\PluginConfigShellViewModel.cs(39,16): warning CS8618: 在退出构造函数时，不可为 null 的 字段 "_trialSession" 必须包含非 null 值。请考虑添加 "required" 修饰符或将该 字段 声明为可为 null。 [D:\C#\VM\VisionMaster\VisionMaster_ewt4mnr5_wpftmp.csproj]
D:\C#\VM\VisionMaster\ViewModels\DialogViewModels\PluginConfigShellViewModel.cs(39,16): warning CS8618: 在退出构造函数时，不可为 null 的 字段 "_execCts" 必须包含非 null 值。请考虑添加 "required" 修饰符或将该 字段 声明为可为 null。 [D:\C#\VM\VisionMaster\VisionMaster_ewt4mnr5_wpftmp.csproj]
D:\C#\VM\VisionMaster\ViewModels\DialogViewModels\PluginConfigShellViewModel.cs(39,16): warning CS8618: 在退出构造函数时，不可为 null 的 字段 "_execTask" 必须包含非 null 值。请考虑添加 "required" 修饰符或将该 字段 声明为可为 null。 [D:\C#\VM\VisionMaster\VisionMaster_ewt4mnr5_wpftmp.csproj]
D:\C#\VM\VisionMaster\ViewModels\DialogViewModels\PluginConfigShellViewModel.cs(39,16): warning CS8618: 在退出构造函数时，不可为 null 的 属性 "Title" 必须包含非 null 值。请考虑添加 "required" 修饰符或将该 属性 声明为可为 null。 [D:\C#\VM\VisionMaster\VisionMaster_ewt4mnr5_wpftmp.csproj]
D:\C#\VM\VisionMaster\ViewModels\DialogViewModels\PluginConfigShellViewModel.cs(39,16): warning CS8618: 在退出构造函数时，不可为 null 的 属性 "PluginIcon" 必须包含非 null 值。请考虑添加 "required" 修饰符或将该 属性 声明为可为 null。 [D:\C#\VM\VisionMaster\VisionMaster_ewt4mnr5_wpftmp.csproj]
D:\C#\VM\VisionMaster\ViewModels\DialogViewModels\PluginConfigShellViewModel.cs(39,16): warning CS8618: 在退出构造函数时，不可为 null 的 属性 "PluginName" 必须包含非 null 值。请考虑添加 "required" 修饰符或将该 属性 声明为可为 null。 [D:\C#\VM\VisionMaster\VisionMaster_ewt4mnr5_wpftmp.csproj]
D:\C#\VM\VisionMaster\ViewModels\DialogViewModels\PluginConfigShellViewModel.cs(39,16): warning CS8618: 在退出构造函数时，不可为 null 的 属性 "PluginDescription" 必须包含非 null 值。请考虑添加 "required" 修饰符或将该 属性 声明为可为 null。 [D:\C#\VM\VisionMaster\VisionMaster_ewt4mnr5_wpftmp.csproj]
D:\C#\VM\VisionMaster\ViewModels\DialogViewModels\PluginConfigShellViewModel.cs(39,16): warning CS8618: 在退出构造函数时，不可为 null 的 属性 "PluginViewContent" 必须包含非 null 值。请考虑添加 "required" 修饰符或将该 属性 声明为可为 null。 [D:\C#\VM\VisionMaster\VisionMaster_ewt4mnr5_wpftmp.csproj]
D:\C#\VM\VisionMaster\ViewModels\DialogViewModels\PluginConfigShellViewModel.cs(98,29): warning CS8625: 无法将 null 字面量转换为非 null 的引用类型。 [D:\C#\VM\VisionMaster\VisionMaster_ewt4mnr5_wpftmp.csproj]
D:\C#\VM\VisionMaster\ViewModels\DialogViewModels\PluginConfigShellViewModel.cs(113,27): warning CS8625: 无法将 null 字面量转换为非 null 的引用类型。 [D:\C#\VM\VisionMaster\VisionMaster_ewt4mnr5_wpftmp.csproj]
D:\C#\VM\VisionMaster\ViewModels\DialogViewModels\PluginConfigShellViewModel.cs(114,31): warning CS8625: 无法将 null 字面量转换为非 null 的引用类型。 [D:\C#\VM\VisionMaster\VisionMaster_ewt4mnr5_wpftmp.csproj]
D:\C#\VM\VisionMaster\ViewModels\DialogViewModels\PluginConfigShellViewModel.cs(115,37): warning CS8625: 无法将 null 字面量转换为非 null 的引用类型。 [D:\C#\VM\VisionMaster\VisionMaster_ewt4mnr5_wpftmp.csproj]
D:\C#\VM\VisionMaster\ViewModels\DialogViewModels\PluginConfigShellViewModel.cs(117,28): warning CS8625: 无法将 null 字面量转换为非 null 的引用类型。 [D:\C#\VM\VisionMaster\VisionMaster_ewt4mnr5_wpftmp.csproj]
D:\C#\VM\VisionMaster\ViewModels\DialogViewModels\MotionBoardViewModel.cs(155,51): warning CS8600: 将 null 文本或可能的 null 值转换为不可为 null 类型。 [D:\C#\VM\VisionMaster\VisionMaster_ewt4mnr5_wpftmp.csproj]
D:\C#\VM\VisionMaster\ViewModels\DialogViewModels\PluginConfigShellViewModel.cs(126,76): warning CS8600: 将 null 文本或可能的 null 值转换为不可为 null 类型。 [D:\C#\VM\VisionMaster\VisionMaster_ewt4mnr5_wpftmp.csproj]
D:\C#\VM\VisionMaster\ViewModels\DialogViewModels\PluginConfigShellViewModel.cs(133,31): warning CS8601: 可能的 null 引用赋值。 [D:\C#\VM\VisionMaster\VisionMaster_ewt4mnr5_wpftmp.csproj]
D:\C#\VM\VisionMaster\ViewModels\DialogViewModels\MotionBoardDebugTabViewModel.cs(504,72): warning CS8604: “void MotionDebugAxisRow.Update(AxisStatus? status, bool mapEnabled, bool deviceOnline, bool deviceHomed, string modeText)”中的形参“modeText”可能传入 null 引用实参。 [D:\C#\VM\VisionMaster\VisionMaster_ewt4mnr5_wpftmp.csproj]
D:\C#\VM\VisionMaster\ViewModels\DialogViewModels\GlobalVariableManagerViewModel.cs(596,28): warning CS8601: 可能的 null 引用赋值。 [D:\C#\VM\VisionMaster\VisionMaster_ewt4mnr5_wpftmp.csproj]
D:\C#\VM\VisionMaster\ViewModels\DialogViewModels\GlobalVariableManagerViewModel.cs(598,37): warning CS8601: 可能的 null 引用赋值。 [D:\C#\VM\VisionMaster\VisionMaster_ewt4mnr5_wpftmp.csproj]
D:\C#\VM\VisionMaster\ViewModels\DialogViewModels\GlobalVariableManagerViewModel.cs(671,36): warning CS8601: 可能的 null 引用赋值。 [D:\C#\VM\VisionMaster\VisionMaster_ewt4mnr5_wpftmp.csproj]
D:\C#\VM\VisionMaster\ViewModels\DialogViewModels\GlobalVariableManagerViewModel.cs(672,36): warning CS8601: 可能的 null 引用赋值。 [D:\C#\VM\VisionMaster\VisionMaster_ewt4mnr5_wpftmp.csproj]
D:\C#\VM\VisionMaster\ViewModels\DialogViewModels\GlobalVariableManagerViewModel.cs(674,29): warning CS8601: 可能的 null 引用赋值。 [D:\C#\VM\VisionMaster\VisionMaster_ewt4mnr5_wpftmp.csproj]
D:\C#\VM\VisionMaster\ViewModels\DialogViewModels\GlobalVariableManagerViewModel.cs(676,29): warning CS8601: 可能的 null 引用赋值。 [D:\C#\VM\VisionMaster\VisionMaster_ewt4mnr5_wpftmp.csproj]
D:\C#\VM\VisionMaster\ViewModels\DialogViewModels\GlobalVariableManagerViewModel.cs(701,38): warning CS8622: “void GlobalVariableManagerViewModel.OnVariableValueChanged(object sender, EventArgs e)”的参数“sender”类型中引用类型的为 Null 性与目标委托“EventHandler”不匹配(可能是由于为 Null 性特性)。 [D:\C#\VM\VisionMaster\VisionMaster_ewt4mnr5_wpftmp.csproj]
D:\C#\VM\VisionMaster\ViewModels\DialogViewModels\GlobalVariableManagerViewModel.cs(707,38): warning CS8622: “void GlobalVariableManagerViewModel.OnVariableValueChanged(object sender, EventArgs e)”的参数“sender”类型中引用类型的为 Null 性与目标委托“EventHandler”不匹配(可能是由于为 Null 性特性)。 [D:\C#\VM\VisionMaster\VisionMaster_ewt4mnr5_wpftmp.csproj]
D:\C#\VM\VisionMaster\ViewModels\DialogViewModels\GlobalVariableManagerViewModel.cs(752,40): warning CS8604: “Array Array.CreateInstance(Type elementType, int length)”中的形参“elementType”可能传入 null 引用实参。 [D:\C#\VM\VisionMaster\VisionMaster_ewt4mnr5_wpftmp.csproj]
D:\C#\VM\VisionMaster\ViewModels\DialogViewModels\GlobalVariableManagerViewModel.cs(751,32): warning CS8600: 将 null 文本或可能的 null 值转换为不可为 null 类型。 [D:\C#\VM\VisionMaster\VisionMaster_ewt4mnr5_wpftmp.csproj]
D:\C#\VM\VisionMaster\ViewModels\DialogViewModels\PluginConfigShellViewModel.cs(291,29): warning CS8625: 无法将 null 字面量转换为非 null 的引用类型。 [D:\C#\VM\VisionMaster\VisionMaster_ewt4mnr5_wpftmp.csproj]
D:\C#\VM\VisionMaster\ViewModels\DialogViewModels\PluginConfigShellViewModel.cs(313,46): warning CS8600: 将 null 文本或可能的 null 值转换为不可为 null 类型。 [D:\C#\VM\VisionMaster\VisionMaster_ewt4mnr5_wpftmp.csproj]
D:\C#\VM\VisionMaster\ViewModels\DialogViewModels\PluginConfigShellViewModel.cs(314,39): warning CS8600: 将 null 文本或可能的 null 值转换为不可为 null 类型。 [D:\C#\VM\VisionMaster\VisionMaster_ewt4mnr5_wpftmp.csproj]
D:\C#\VM\VisionMaster\ViewModels\DialogViewModels\PluginConfigShellViewModel.cs(315,35): warning CS8600: 将 null 文本或可能的 null 值转换为不可为 null 类型。 [D:\C#\VM\VisionMaster\VisionMaster_ewt4mnr5_wpftmp.csproj]
D:\C#\VM\VisionMaster\ViewModels\DialogViewModels\PluginConfigShellViewModel.cs(339,69): warning CS8604: “void PluginConfigShellViewModel.CompleteExecute(int runId, PluginExecuteResult result, FlowSession session, bool cancelled, Exception error)”中的形参“result”可能传入 null 引用实参。 [D:\C#\VM\VisionMaster\VisionMaster_ewt4mnr5_wpftmp.csproj]
D:\C#\VM\VisionMaster\ViewModels\DialogViewModels\PluginConfigShellViewModel.cs(339,77): warning CS8604: “void PluginConfigShellViewModel.CompleteExecute(int runId, PluginExecuteResult result, FlowSession session, bool cancelled, Exception error)”中的形参“session”可能传入 null 引用实参。 [D:\C#\VM\VisionMaster\VisionMaster_ewt4mnr5_wpftmp.csproj]
D:\C#\VM\VisionMaster\ViewModels\DialogViewModels\PluginConfigShellViewModel.cs(339,97): warning CS8604: “void PluginConfigShellViewModel.CompleteExecute(int runId, PluginExecuteResult result, FlowSession session, bool cancelled, Exception error)”中的形参“error”可能传入 null 引用实参。 [D:\C#\VM\VisionMaster\VisionMaster_ewt4mnr5_wpftmp.csproj]
D:\C#\VM\VisionMaster\ViewModels\DialogViewModels\GlobalVariableManagerViewModel.cs(966,25): warning CS8604: “void DialogArrayEditor.Load(IEnumerable<string?> values)”中的形参“values”可能传入 null 引用实参。 [D:\C#\VM\VisionMaster\VisionMaster_ewt4mnr5_wpftmp.csproj]
D:\C#\VM\VisionMaster\ViewModels\DialogViewModels\GlobalVariableManagerViewModel.cs(1113,40): warning CS8622: “void GlobalVariableManagerViewModel.OnVariableValueChanged(object sender, EventArgs e)”的参数“sender”类型中引用类型的为 Null 性与目标委托“EventHandler”不匹配(可能是由于为 Null 性特性)。 [D:\C#\VM\VisionMaster\VisionMaster_ewt4mnr5_wpftmp.csproj]
D:\C#\VM\VisionMaster\ShellViewModel.cs(591,29): warning CS0169: 从不使用字段“ShellViewModel._currentSession” [D:\C#\VM\VisionMaster\VisionMaster_ewt4mnr5_wpftmp.csproj]
D:\C#\VM\VisionMaster\ViewModels\DialogViewModels\VariableBindingViewModel.cs(512,62): warning CS8625: 无法将 null 字面量转换为非 null 的引用类型。 [D:\C#\VM\VisionMaster\VisionMaster.csproj]
D:\C#\VM\VisionMaster\Services\Camera\CameraProvider.cs(27,21): warning CS8618: 在退出构造函数时，不可为 null 的 属性 "DriverType" 必须包含非 null 值。请考虑添加 "required" 修饰符或将该 属性 声明为可为 null。 [D:\C#\VM\VisionMaster\VisionMaster.csproj]
D:\C#\VM\VisionMaster\Services\Camera\CameraProvider.cs(75,16): warning CS8618: 在退出构造函数时，不可为 null 的 字段 "_lastSyncedSolution" 必须包含非 null 值。请考虑添加 "required" 修饰符或将该 字段 声明为可为 null。 [D:\C#\VM\VisionMaster\VisionMaster.csproj]
D:\C#\VM\VisionMaster\Services\Camera\CameraProvider.cs(75,16): warning CS8618: 在退出构造函数时，不可为 null 的 事件 "DevicesChanged" 必须包含非 null 值。请考虑添加 "required" 修饰符或将该 事件 声明为可为 null。 [D:\C#\VM\VisionMaster\VisionMaster.csproj]
D:\C#\VM\VisionMaster\Services\Camera\NetworkCameraServer.cs(60,16): warning CS8618: 在退出构造函数时，不可为 null 的 字段 "_server" 必须包含非 null 值。请考虑添加 "required" 修饰符或将该 字段 声明为可为 null。 [D:\C#\VM\VisionMaster\VisionMaster.csproj]
D:\C#\VM\VisionMaster\Services\Camera\NetworkCameraServer.cs(60,16): warning CS8618: 在退出构造函数时，不可为 null 的 字段 "_config" 必须包含非 null 值。请考虑添加 "required" 修饰符或将该 字段 声明为可为 null。 [D:\C#\VM\VisionMaster\VisionMaster.csproj]
D:\C#\VM\VisionMaster\Services\Camera\NetworkCameraServer.cs(131,23): warning CS8625: 无法将 null 字面量转换为非 null 的引用类型。 [D:\C#\VM\VisionMaster\VisionMaster.csproj]
D:\C#\VM\VisionMaster\Services\Camera\CameraProvider.cs(196,20): warning CS8603: 可能返回 null 引用。 [D:\C#\VM\VisionMaster\VisionMaster.csproj]
D:\C#\VM\VisionMaster\Services\Camera\CameraProvider.cs(210,59): warning CS8601: 可能的 null 引用赋值。 [D:\C#\VM\VisionMaster\VisionMaster.csproj]
D:\C#\VM\VisionMaster\Services\Camera\CameraProvider.cs(219,22): warning CS8625: 无法将 null 字面量转换为非 null 的引用类型。 [D:\C#\VM\VisionMaster\VisionMaster.csproj]
D:\C#\VM\VisionMaster\Services\Camera\CameraProvider.cs(227,53): warning CS8601: 可能的 null 引用赋值。 [D:\C#\VM\VisionMaster\VisionMaster.csproj]
D:\C#\VM\VisionMaster\ShellViewModel.cs(77,43): warning CS8603: 可能返回 null 引用。 [D:\C#\VM\VisionMaster\VisionMaster.csproj]
D:\C#\VM\VisionMaster\ViewModels\ToolViewModel.cs(48,16): warning CS8618: 在退出构造函数时，不可为 null 的 字段 "searchText" 必须包含非 null 值。请考虑添加 "required" 修饰符或将该 字段 声明为可为 null。 [D:\C#\VM\VisionMaster\VisionMaster.csproj]
D:\C#\VM\VisionMaster\Services\Camera\CameraProvider.cs(304,32): warning CS8625: 无法将 null 字面量转换为非 null 的引用类型。 [D:\C#\VM\VisionMaster\VisionMaster.csproj]
D:\C#\VM\VisionMaster\Services\Camera\CameraProvider.cs(360,28): warning CS8604: “void CameraProvider.RememberSynced(SolutionModel solution, int count)”中的形参“solution”可能传入 null 引用实参。 [D:\C#\VM\VisionMaster\VisionMaster.csproj]
D:\C#\VM\VisionMaster\Services\FlowOutputCollector.cs(48,51): warning CS8604: “Dictionary<string, Guid> FlowOutputCollector.BuildStepNameIndex(FlowSession session)”中的形参“session”可能传入 null 引用实参。 [D:\C#\VM\VisionMaster\VisionMaster.csproj]
D:\C#\VM\VisionMaster\Services\HttpImageServer.cs(57,16): warning CS8618: 在退出构造函数时，不可为 null 的 字段 "_server" 必须包含非 null 值。请考虑添加 "required" 修饰符或将该 字段 声明为可为 null。 [D:\C#\VM\VisionMaster\VisionMaster.csproj]
D:\C#\VM\VisionMaster\Services\HttpImageServer.cs(57,16): warning CS8618: 在退出构造函数时，不可为 null 的 字段 "_config" 必须包含非 null 值。请考虑添加 "required" 修饰符或将该 字段 声明为可为 null。 [D:\C#\VM\VisionMaster\VisionMaster.csproj]
D:\C#\VM\VisionMaster\Views\ScadaRuntimeWindow.xaml.cs(41,23): warning CS8622: “void ScadaRuntimeWindow.OnWindowClosed(object sender, EventArgs e)”的参数“sender”类型中引用类型的为 Null 性与目标委托“EventHandler”不匹配(可能是由于为 Null 性特性)。 [D:\C#\VM\VisionMaster\VisionMaster.csproj]
D:\C#\VM\VisionMaster\Services\Camera\NetworkCameraServer.cs(261,22): warning CS8625: 无法将 null 字面量转换为非 null 的引用类型。 [D:\C#\VM\VisionMaster\VisionMaster.csproj]
D:\C#\VM\VisionMaster\Services\Camera\NetworkCameraServer.cs(262,20): warning CS8625: 无法将 null 字面量转换为非 null 的引用类型。 [D:\C#\VM\VisionMaster\VisionMaster.csproj]
D:\C#\VM\VisionMaster\Services\FlowOutputCollector.cs(114,77): warning CS8603: 可能返回 null 引用。 [D:\C#\VM\VisionMaster\VisionMaster.csproj]
D:\C#\VM\VisionMaster\Services\FlowOutputCollector.cs(115,20): warning CS8603: 可能返回 null 引用。 [D:\C#\VM\VisionMaster\VisionMaster.csproj]
D:\C#\VM\VisionMaster\Services\FlowOutputCollector.cs(127,31): warning CS8600: 将 null 文本或可能的 null 值转换为不可为 null 类型。 [D:\C#\VM\VisionMaster\VisionMaster.csproj]
D:\C#\VM\VisionMaster\Services\FlowOutputCollector.cs(137,62): warning CS8604: “object FlowOutputCollector.ToJsonValue(object value)”中的形参“value”可能传入 null 引用实参。 [D:\C#\VM\VisionMaster\VisionMaster.csproj]
D:\C#\VM\VisionMaster\Services\HttpImageServer.cs(140,23): warning CS8625: 无法将 null 字面量转换为非 null 的引用类型。 [D:\C#\VM\VisionMaster\VisionMaster.csproj]
D:\C#\VM\VisionMaster\Services\Camera\CameraProvider.cs(433,24): warning CS8603: 可能返回 null 引用。 [D:\C#\VM\VisionMaster\VisionMaster.csproj]
D:\C#\VM\VisionMaster\Services\Camera\CameraProvider.cs(444,28): warning CS8603: 可能返回 null 引用。 [D:\C#\VM\VisionMaster\VisionMaster.csproj]
D:\C#\VM\VisionMaster\Services\Camera\CameraProvider.cs(457,24): warning CS8603: 可能返回 null 引用。 [D:\C#\VM\VisionMaster\VisionMaster.csproj]
D:\C#\VM\VisionMaster\ShellViewModel.cs(334,55): warning CS8622: “void ShellViewModel.OnSessionStateChanged(object sender, SessionStateChangedEventArgs e)”的参数“sender”类型中引用类型的为 Null 性与目标委托“EventHandler<SessionStateChangedEventArgs>”不匹配(可能是由于为 Null 性特性)。 [D:\C#\VM\VisionMaster\VisionMaster.csproj]
D:\C#\VM\VisionMaster\ShellViewModel.cs(296,16): warning CS8618: 在退出构造函数时，不可为 null 的 字段 "_hitWindow" 必须包含非 null 值。请考虑添加 "required" 修饰符或将该 字段 声明为可为 null。 [D:\C#\VM\VisionMaster\VisionMaster.csproj]
D:\C#\VM\VisionMaster\ShellViewModel.cs(296,16): warning CS8618: 在退出构造函数时，不可为 null 的 字段 "_debugHitVm" 必须包含非 null 值。请考虑添加 "required" 修饰符或将该 字段 声明为可为 null。 [D:\C#\VM\VisionMaster\VisionMaster.csproj]
D:\C#\VM\VisionMaster\ShellViewModel.cs(296,16): warning CS8618: 在退出构造函数时，不可为 null 的 字段 "_hitTargetStep" 必须包含非 null 值。请考虑添加 "required" 修饰符或将该 字段 声明为可为 null。 [D:\C#\VM\VisionMaster\VisionMaster.csproj]
D:\C#\VM\VisionMaster\ShellViewModel.cs(296,16): warning CS8618: 在退出构造函数时，不可为 null 的 字段 "_cts" 必须包含非 null 值。请考虑添加 "required" 修饰符或将该 字段 声明为可为 null。 [D:\C#\VM\VisionMaster\VisionMaster.csproj]
D:\C#\VM\VisionMaster\ShellViewModel.cs(296,16): warning CS8618: 在退出构造函数时，不可为 null 的 字段 "_monitorTask" 必须包含非 null 值。请考虑添加 "required" 修饰符或将该 字段 声明为可为 null。 [D:\C#\VM\VisionMaster\VisionMaster.csproj]
D:\C#\VM\VisionMaster\ShellViewModel.cs(296,16): warning CS9264: 在退出构造函数时，不可为 null 的 属性 'HandleCountStr' 必须包含非 null 值。请考虑添加“required”修饰符，或将 属性 声明为可为 null，或安全地处理“get”访问器中“field”为 null 的情况。 [D:\C#\VM\VisionMaster\VisionMaster.csproj]
D:\C#\VM\VisionMaster\ShellViewModel.cs(296,16): warning CS9264: 在退出构造函数时，不可为 null 的 属性 'ThreadCountStr' 必须包含非 null 值。请考虑添加“required”修饰符，或将 属性 声明为可为 null，或安全地处理“get”访问器中“field”为 null 的情况。 [D:\C#\VM\VisionMaster\VisionMaster.csproj]
D:\C#\VM\VisionMaster\ShellViewModel.cs(296,16): warning CS9264: 在退出构造函数时，不可为 null 的 属性 'CpuUsageStr' 必须包含非 null 值。请考虑添加“required”修饰符，或将 属性 声明为可为 null，或安全地处理“get”访问器中“field”为 null 的情况。 [D:\C#\VM\VisionMaster\VisionMaster.csproj]
D:\C#\VM\VisionMaster\ShellViewModel.cs(296,16): warning CS9264: 在退出构造函数时，不可为 null 的 属性 'MemoryUsageStr' 必须包含非 null 值。请考虑添加“required”修饰符，或将 属性 声明为可为 null，或安全地处理“get”访问器中“field”为 null 的情况。 [D:\C#\VM\VisionMaster\VisionMaster.csproj]
D:\C#\VM\VisionMaster\ShellViewModel.cs(296,16): warning CS9264: 在退出构造函数时，不可为 null 的 属性 'CurrentTimeText' 必须包含非 null 值。请考虑添加“required”修饰符，或将 属性 声明为可为 null，或安全地处理“get”访问器中“field”为 null 的情况。 [D:\C#\VM\VisionMaster\VisionMaster.csproj]
D:\C#\VM\VisionMaster\ShellViewModel.cs(296,16): warning CS8618: 在退出构造函数时，不可为 null 的 字段 "_currentSession" 必须包含非 null 值。请考虑添加 "required" 修饰符或将该 字段 声明为可为 null。 [D:\C#\VM\VisionMaster\VisionMaster.csproj]
D:\C#\VM\VisionMaster\Services\FlowOutputCollector.cs(165,28): warning CS8603: 可能返回 null 引用。 [D:\C#\VM\VisionMaster\VisionMaster.csproj]
D:\C#\VM\VisionMaster\Services\FlowOutputCollector.cs(230,28): warning CS8603: 可能返回 null 引用。 [D:\C#\VM\VisionMaster\VisionMaster.csproj]
D:\C#\VM\VisionMaster\ViewModels\CanvasLinkViewModel.cs(21,16): warning CS8618: 在退出构造函数时，不可为 null 的 属性 "UnbindCommand" 必须包含非 null 值。请考虑添加 "required" 修饰符或将该 属性 声明为可为 null。 [D:\C#\VM\VisionMaster\VisionMaster.csproj]
D:\C#\VM\VisionMaster\Services\LayoutHelper.cs(88,20): warning CS8603: 可能返回 null 引用。 [D:\C#\VM\VisionMaster\VisionMaster.csproj]
D:\C#\VM\VisionMaster\Services\HttpImageServer.cs(241,42): warning CS8604: “object HttpImageServer.Fail(ApiRequest req, int statusCode, string message)”中的形参“message”可能传入 null 引用实参。 [D:\C#\VM\VisionMaster\VisionMaster.csproj]
D:\C#\VM\VisionMaster\Services\HttpImageServer.cs(329,39): warning CS8603: 可能返回 null 引用。 [D:\C#\VM\VisionMaster\VisionMaster.csproj]
D:\C#\VM\VisionMaster\Services\HttpImageServer.cs(333,20): warning CS8603: 可能返回 null 引用。 [D:\C#\VM\VisionMaster\VisionMaster.csproj]
D:\C#\VM\VisionMaster\Services\LayoutHelper.cs(157,45): warning CS8603: 可能返回 null 引用。 [D:\C#\VM\VisionMaster\VisionMaster.csproj]
D:\C#\VM\VisionMaster\Services\LayoutHelper.cs(172,24): warning CS8603: 可能返回 null 引用。 [D:\C#\VM\VisionMaster\VisionMaster.csproj]
D:\C#\VM\VisionMaster\Services\LayoutHelper.cs(275,26): warning CS8625: 无法将 null 字面量转换为非 null 的引用类型。 [D:\C#\VM\VisionMaster\VisionMaster.csproj]
D:\C#\VM\VisionMaster\Services\ImageCollectionService.cs(304,17): warning CS8602: 解引用可能出现空引用。 [D:\C#\VM\VisionMaster\VisionMaster.csproj]
D:\C#\VM\VisionMaster\Services\LayoutHelper.cs(329,57): warning CS8603: 可能返回 null 引用。 [D:\C#\VM\VisionMaster\VisionMaster.csproj]
D:\C#\VM\VisionMaster\Services\LayoutHelper.cs(332,41): warning CS8603: 可能返回 null 引用。 [D:\C#\VM\VisionMaster\VisionMaster.csproj]
D:\C#\VM\VisionMaster\Services\LayoutHelper.cs(334,20): warning CS8603: 可能返回 null 引用。 [D:\C#\VM\VisionMaster\VisionMaster.csproj]
D:\C#\VM\VisionMaster\Services\LayoutHelper.cs(422,50): warning CS8604: “bool Dictionary<string, Func<object>>.TryGetValue(string key, out Func<object> value)”中的形参“key”可能传入 null 引用实参。 [D:\C#\VM\VisionMaster\VisionMaster.csproj]
D:\C#\VM\VisionMaster\Services\LayoutHelper.cs(439,32): warning CS8600: 将 null 文本或可能的 null 值转换为不可为 null 类型。 [D:\C#\VM\VisionMaster\VisionMaster.csproj]
D:\C#\VM\VisionMaster\Views\DialogViews\ConditionEditorView.xaml.cs(52,41): warning CS8622: “void ConditionEditorView.Vm_BranchChanged(object sender, StepCollection e)”的参数“sender”类型中引用类型的为 Null 性与目标委托“EventHandler<StepCollection>”不匹配(可能是由于为 Null 性特性)。 [D:\C#\VM\VisionMaster\VisionMaster.csproj]
D:\C#\VM\VisionMaster\Views\DialogViews\ConditionEditorView.xaml.cs(53,41): warning CS8622: “void ConditionEditorView.Vm_BranchChanged(object sender, StepCollection e)”的参数“sender”类型中引用类型的为 Null 性与目标委托“EventHandler<StepCollection>”不匹配(可能是由于为 Null 性特性)。 [D:\C#\VM\VisionMaster\VisionMaster.csproj]
D:\C#\VM\VisionMaster\Views\DialogViews\ConditionEditorView.xaml.cs(55,55): warning CS8622: “void ConditionEditorView.Variables_CollectionChanged(object sender, NotifyCollectionChangedEventArgs e)”的参数“sender”类型中引用类型的为 Null 性与目标委托“NotifyCollectionChangedEventHandler”不匹配(可能是由于为 Null 性特性)。 [D:\C#\VM\VisionMaster\VisionMaster.csproj]
D:\C#\VM\VisionMaster\Views\DialogViews\ConditionEditorView.xaml.cs(56,55): warning CS8622: “void ConditionEditorView.Variables_CollectionChanged(object sender, NotifyCollectionChangedEventArgs e)”的参数“sender”类型中引用类型的为 Null 性与目标委托“NotifyCollectionChangedEventHandler”不匹配(可能是由于为 Null 性特性)。 [D:\C#\VM\VisionMaster\VisionMaster.csproj]
D:\C#\VM\VisionMaster\Views\DialogViews\ConditionEditorView.xaml.cs(36,16): warning CS8618: 在退出构造函数时，不可为 null 的 字段 "_completionWindow" 必须包含非 null 值。请考虑添加 "required" 修饰符或将该 字段 声明为可为 null。 [D:\C#\VM\VisionMaster\VisionMaster.csproj]
D:\C#\VM\VisionMaster\ShellViewModel.cs(915,42): warning CS8602: 解引用可能出现空引用。 [D:\C#\VM\VisionMaster\VisionMaster.csproj]
D:\C#\VM\VisionMaster\Views\DialogViews\ConditionEditorView.xaml.cs(178,76): warning CS8625: 无法将 null 字面量转换为非 null 的引用类型。 [D:\C#\VM\VisionMaster\VisionMaster.csproj]
D:\C#\VM\VisionMaster\Views\DialogViews\ConditionEditorView.xaml.cs(182,37): warning CS8625: 无法将 null 字面量转换为非 null 的引用类型。 [D:\C#\VM\VisionMaster\VisionMaster.csproj]
D:\C#\VM\VisionMaster\Views\DialogViews\ConditionEditorView.xaml.cs(191,40): warning CS8622: “void ConditionEditorView.Vm_BranchChanged(object sender, StepCollection e)”的参数“sender”类型中引用类型的为 Null 性与目标委托“EventHandler<StepCollection>”不匹配(可能是由于为 Null 性特性)。 [D:\C#\VM\VisionMaster\VisionMaster.csproj]
D:\C#\VM\VisionMaster\Views\DialogViews\ConditionEditorView.xaml.cs(192,54): warning CS8622: “void ConditionEditorView.Variables_CollectionChanged(object sender, NotifyCollectionChangedEventArgs e)”的参数“sender”类型中引用类型的为 Null 性与目标委托“NotifyCollectionChangedEventHandler”不匹配(可能是由于为 Null 性特性)。 [D:\C#\VM\VisionMaster\VisionMaster.csproj]
D:\C#\VM\VisionMaster\Views\DialogViews\ConditionEditorView.xaml.cs(198,40): warning CS8622: “void ConditionEditorView.Vm_BranchChanged(object sender, StepCollection e)”的参数“sender”类型中引用类型的为 Null 性与目标委托“EventHandler<StepCollection>”不匹配(可能是由于为 Null 性特性)。 [D:\C#\VM\VisionMaster\VisionMaster.csproj]
D:\C#\VM\VisionMaster\Views\DialogViews\ConditionEditorView.xaml.cs(199,54): warning CS8622: “void ConditionEditorView.Variables_CollectionChanged(object sender, NotifyCollectionChangedEventArgs e)”的参数“sender”类型中引用类型的为 Null 性与目标委托“NotifyCollectionChangedEventHandler”不匹配(可能是由于为 Null 性特性)。 [D:\C#\VM\VisionMaster\VisionMaster.csproj]
D:\C#\VM\VisionMaster\Views\DialogViews\ConditionEditorView.xaml.cs(218,46): warning CS8622: “void ConditionEditorView.VariableItem_PropertyChanged(object sender, PropertyChangedEventArgs e)”的参数“sender”类型中引用类型的为 Null 性与目标委托“PropertyChangedEventHandler”不匹配(可能是由于为 Null 性特性)。 [D:\C#\VM\VisionMaster\VisionMaster.csproj]
D:\C#\VM\VisionMaster\Views\DialogViews\ConditionEditorView.xaml.cs(219,46): warning CS8622: “void ConditionEditorView.VariableItem_PropertyChanged(object sender, PropertyChangedEventArgs e)”的参数“sender”类型中引用类型的为 Null 性与目标委托“PropertyChangedEventHandler”不匹配(可能是由于为 Null 性特性)。 [D:\C#\VM\VisionMaster\VisionMaster.csproj]
D:\C#\VM\VisionMaster\Services\NetworkVariableBridge.cs(110,29): warning CS8601: 可能的 null 引用赋值。 [D:\C#\VM\VisionMaster\VisionMaster.csproj]
D:\C#\VM\VisionMaster\Views\DialogViews\ConditionEditorView.xaml.cs(355,58): warning CS8603: 可能返回 null 引用。 [D:\C#\VM\VisionMaster\VisionMaster.csproj]
D:\C#\VM\VisionMaster\ShellViewModel.cs(1359,39): warning CS8603: 可能返回 null 引用。 [D:\C#\VM\VisionMaster\VisionMaster.csproj]
D:\C#\VM\VisionMaster\ShellViewModel.cs(1367,20): warning CS8603: 可能返回 null 引用。 [D:\C#\VM\VisionMaster\VisionMaster.csproj]
D:\C#\VM\VisionMaster\Views\ProcessView.xaml.cs(72,28): warning CS8603: 可能返回 null 引用。 [D:\C#\VM\VisionMaster\VisionMaster.csproj]
D:\C#\VM\VisionMaster\Views\ProcessView.xaml.cs(77,20): warning CS8603: 可能返回 null 引用。 [D:\C#\VM\VisionMaster\VisionMaster.csproj]
D:\C#\VM\VisionMaster\ShellViewModel.cs(1372,39): warning CS8603: 可能返回 null 引用。 [D:\C#\VM\VisionMaster\VisionMaster.csproj]
D:\C#\VM\VisionMaster\ShellViewModel.cs(1383,56): warning CS8604: “StepModel ShellViewModel.FindDebugStoppedStep(IEnumerable<StepModel> steps)”中的形参“steps”可能传入 null 引用实参。 [D:\C#\VM\VisionMaster\VisionMaster.csproj]
D:\C#\VM\VisionMaster\ShellViewModel.cs(1389,20): warning CS8603: 可能返回 null 引用。 [D:\C#\VM\VisionMaster\VisionMaster.csproj]
D:\C#\VM\VisionMaster\ViewModels\DialogViewModels\VariableBindingViewModel.cs(67,38): warning CS8625: 无法将 null 字面量转换为非 null 的引用类型。 [D:\C#\VM\VisionMaster\VisionMaster.csproj]
D:\C#\VM\VisionMaster\ViewModels\DebugHitViewModel.cs(70,16): warning CS9264: 在退出构造函数时，不可为 null 的 属性 'Header' 必须包含非 null 值。请考虑添加“required”修饰符，或将 属性 声明为可为 null，或安全地处理“get”访问器中“field”为 null 的情况。 [D:\C#\VM\VisionMaster\VisionMaster.csproj]
D:\C#\VM\VisionMaster\ViewModels\DebugHitViewModel.cs(70,16): warning CS9264: 在退出构造函数时，不可为 null 的 属性 'FlowName' 必须包含非 null 值。请考虑添加“required”修饰符，或将 属性 声明为可为 null，或安全地处理“get”访问器中“field”为 null 的情况。 [D:\C#\VM\VisionMaster\VisionMaster.csproj]
D:\C#\VM\VisionMaster\ViewModels\DebugHitViewModel.cs(70,16): warning CS9264: 在退出构造函数时，不可为 null 的 属性 'StepName' 必须包含非 null 值。请考虑添加“required”修饰符，或将 属性 声明为可为 null，或安全地处理“get”访问器中“field”为 null 的情况。 [D:\C#\VM\VisionMaster\VisionMaster.csproj]
D:\C#\VM\VisionMaster\ViewModels\DialogViewModels\SolutionListViewModel.cs(87,16): warning CS8618: 在退出构造函数时，不可为 null 的 字段 "_selectedSolution" 必须包含非 null 值。请考虑添加 "required" 修饰符或将该 字段 声明为可为 null。 [D:\C#\VM\VisionMaster\VisionMaster.csproj]
D:\C#\VM\VisionMaster\ViewModels\DialogViewModels\VariableBindingViewModel.cs(201,16): warning CS8618: 在退出构造函数时，不可为 null 的 字段 "_lastBoundPort" 必须包含非 null 值。请考虑添加 "required" 修饰符或将该 字段 声明为可为 null。 [D:\C#\VM\VisionMaster\VisionMaster.csproj]
D:\C#\VM\VisionMaster\ViewModels\DialogViewModels\VariableBindingViewModel.cs(201,16): warning CS8618: 在退出构造函数时，不可为 null 的 字段 "_lastBoundLink" 必须包含非 null 值。请考虑添加 "required" 修饰符或将该 字段 声明为可为 null。 [D:\C#\VM\VisionMaster\VisionMaster.csproj]
D:\C#\VM\VisionMaster\ViewModels\DialogViewModels\VariableBindingViewModel.cs(201,16): warning CS8618: 在退出构造函数时，不可为 null 的 字段 "_targetStep" 必须包含非 null 值。请考虑添加 "required" 修饰符或将该 字段 声明为可为 null。 [D:\C#\VM\VisionMaster\VisionMaster.csproj]
D:\C#\VM\VisionMaster\ViewModels\DialogViewModels\VariableBindingViewModel.cs(201,16): warning CS8618: 在退出构造函数时，不可为 null 的 字段 "_constantValue" 必须包含非 null 值。请考虑添加 "required" 修饰符或将该 字段 声明为可为 null。 [D:\C#\VM\VisionMaster\VisionMaster.csproj]
D:\C#\VM\VisionMaster\ViewModels\DialogViewModels\VariableBindingViewModel.cs(201,16): warning CS8618: 在退出构造函数时，不可为 null 的 字段 "_selectedInputPort" 必须包含非 null 值。请考虑添加 "required" 修饰符或将该 字段 声明为可为 null。 [D:\C#\VM\VisionMaster\VisionMaster.csproj]
D:\C#\VM\VisionMaster\ViewModels\DialogViewModels\VariableBindingViewModel.cs(201,16): warning CS8618: 在退出构造函数时，不可为 null 的 字段 "_selectedOutputPort" 必须包含非 null 值。请考虑添加 "required" 修饰符或将该 字段 声明为可为 null。 [D:\C#\VM\VisionMaster\VisionMaster.csproj]
D:\C#\VM\VisionMaster\ViewModels\DialogViewModels\VariableBindingViewModel.cs(201,16): warning CS8618: 在退出构造函数时，不可为 null 的 字段 "_selectedNode" 必须包含非 null 值。请考虑添加 "required" 修饰符或将该 字段 声明为可为 null。 [D:\C#\VM\VisionMaster\VisionMaster.csproj]
D:\C#\VM\VisionMaster\ViewModels\DialogViewModels\VariableBindingViewModel.cs(260,33): warning CS8601: 可能的 null 引用赋值。 [D:\C#\VM\VisionMaster\VisionMaster.csproj]
D:\C#\VM\VisionMaster\Services\StepParameterDialog.cs(53,41): warning CS8600: 将 null 文本或可能的 null 值转换为不可为 null 类型。 [D:\C#\VM\VisionMaster\VisionMaster.csproj]
D:\C#\VM\VisionMaster\Services\StepParameterDialog.cs(64,51): warning CS8604: “AutoPortConfigView.AutoPortConfigView(IVisionPlugin plugin)”中的形参“plugin”可能传入 null 引用实参。 [D:\C#\VM\VisionMaster\VisionMaster.csproj]
D:\C#\VM\VisionMaster\ViewModels\FlowListViewModel.cs(66,16): warning CS9264: 在退出构造函数时，不可为 null 的 属性 'SelectFlow' 必须包含非 null 值。请考虑添加“required”修饰符，或将 属性 声明为可为 null，或安全地处理“get”访问器中“field”为 null 的情况。 [D:\C#\VM\VisionMaster\VisionMaster.csproj]
D:\C#\VM\VisionMaster\ViewModels\MonitorViewModel.cs(24,23): warning CS8618: 在退出构造函数时，不可为 null 的 属性 "DisplayText" 必须包含非 null 值。请考虑添加 "required" 修饰符或将该 属性 声明为可为 null。 [D:\C#\VM\VisionMaster\VisionMaster.csproj]
D:\C#\VM\VisionMaster\ViewModels\MonitorViewModel.cs(26,23): warning CS8618: 在退出构造函数时，不可为 null 的 属性 "StepName" 必须包含非 null 值。请考虑添加 "required" 修饰符或将该 属性 声明为可为 null。 [D:\C#\VM\VisionMaster\VisionMaster.csproj]
D:\C#\VM\VisionMaster\ViewModels\MonitorViewModel.cs(27,23): warning CS8618: 在退出构造函数时，不可为 null 的 属性 "PortName" 必须包含非 null 值。请考虑添加 "required" 修饰符或将该 属性 声明为可为 null。 [D:\C#\VM\VisionMaster\VisionMaster.csproj]
D:\C#\VM\VisionMaster\ViewModels\MonitorViewModel.cs(30,23): warning CS8618: 在退出构造函数时，不可为 null 的 属性 "VariableName" 必须包含非 null 值。请考虑添加 "required" 修饰符或将该 属性 声明为可为 null。 [D:\C#\VM\VisionMaster\VisionMaster.csproj]
D:\C#\VM\VisionMaster\Services\StepParameterDialog.cs(88,24): warning CS8603: 可能返回 null 引用。 [D:\C#\VM\VisionMaster\VisionMaster.csproj]
D:\C#\VM\VisionMaster\Services\StepParameterDialog.cs(94,28): warning CS8603: 可能返回 null 引用。 [D:\C#\VM\VisionMaster\VisionMaster.csproj]
D:\C#\VM\VisionMaster\Services\StepParameterDialog.cs(101,24): warning CS8603: 可能返回 null 引用。 [D:\C#\VM\VisionMaster\VisionMaster.csproj]
D:\C#\VM\VisionMaster\Services\StepParameterDialog.cs(105,24): warning CS8603: 可能返回 null 引用。 [D:\C#\VM\VisionMaster\VisionMaster.csproj]
D:\C#\VM\VisionMaster\ViewModels\MonitorViewModel.cs(117,61): warning CS8622: “void MonitorViewModel.OnGlobalVariablesChanged(object sender, NotifyCollectionChangedEventArgs e)”的参数“sender”类型中引用类型的为 Null 性与目标委托“NotifyCollectionChangedEventHandler”不匹配(可能是由于为 Null 性特性)。 [D:\C#\VM\VisionMaster\VisionMaster.csproj]
D:\C#\VM\VisionMaster\ViewModels\MonitorViewModel.cs(123,60): warning CS8622: “void MonitorViewModel.OnVariableRenamed(object sender, VariableRenamedEventArgs e)”的参数“sender”类型中引用类型的为 Null 性与目标委托“EventHandler<VariableRenamedEventArgs>”不匹配(可能是由于为 Null 性特性)。 [D:\C#\VM\VisionMaster\VisionMaster.csproj]
D:\C#\VM\VisionMaster\ViewModels\MonitorViewModel.cs(131,50): warning CS8622: “void MonitorViewModel.OnWorkspacePropertyChanged(object sender, PropertyChangedEventArgs e)”的参数“sender”类型中引用类型的为 Null 性与目标委托“PropertyChangedEventHandler”不匹配(可能是由于为 Null 性特性)。 [D:\C#\VM\VisionMaster\VisionMaster.csproj]
D:\C#\VM\VisionMaster\ViewModels\MonitorViewModel.cs(138,65): warning CS8622: “void MonitorViewModel.OnSessionsChanged(object sender, NotifyCollectionChangedEventArgs e)”的参数“sender”类型中引用类型的为 Null 性与目标委托“NotifyCollectionChangedEventHandler”不匹配(可能是由于为 Null 性特性)。 [D:\C#\VM\VisionMaster\VisionMaster.csproj]
D:\C#\VM\VisionMaster\ViewModels\MonitorViewModel.cs(100,16): warning CS8618: 在退出构造函数时，不可为 null 的 字段 "_searchText" 必须包含非 null 值。请考虑添加 "required" 修饰符或将该 字段 声明为可为 null。 [D:\C#\VM\VisionMaster\VisionMaster.csproj]
D:\C#\VM\VisionMaster\ViewModels\MonitorViewModel.cs(100,16): warning CS8618: 在退出构造函数时，不可为 null 的 字段 "_selectedSuggestion" 必须包含非 null 值。请考虑添加 "required" 修饰符或将该 字段 声明为可为 null。 [D:\C#\VM\VisionMaster\VisionMaster.csproj]
D:\C#\VM\VisionMaster\ViewModels\MonitorViewModel.cs(100,16): warning CS8618: 在退出构造函数时，不可为 null 的 字段 "_subscribedWatchItems" 必须包含非 null 值。请考虑添加 "required" 修饰符或将该 字段 声明为可为 null。 [D:\C#\VM\VisionMaster\VisionMaster.csproj]
D:\C#\VM\VisionMaster\ViewModels\DialogViewModels\SolutionListViewModel.cs(215,32): warning CS8601: 可能的 null 引用赋值。 [D:\C#\VM\VisionMaster\VisionMaster.csproj]
D:\C#\VM\VisionMaster\ViewModels\MonitorViewModel.cs(184,64): warning CS8622: “void MonitorViewModel.OnWatchItemsChanged(object sender, NotifyCollectionChangedEventArgs e)”的参数“sender”类型中引用类型的为 Null 性与目标委托“NotifyCollectionChangedEventHandler”不匹配(可能是由于为 Null 性特性)。 [D:\C#\VM\VisionMaster\VisionMaster.csproj]
D:\C#\VM\VisionMaster\ViewModels\MonitorViewModel.cs(185,45): warning CS8625: 无法将 null 字面量转换为非 null 的引用类型。 [D:\C#\VM\VisionMaster\VisionMaster.csproj]
D:\C#\VM\VisionMaster\ViewModels\MonitorViewModel.cs(196,60): warning CS8622: “void MonitorViewModel.OnWatchItemsChanged(object sender, NotifyCollectionChangedEventArgs e)”的参数“sender”类型中引用类型的为 Null 性与目标委托“NotifyCollectionChangedEventHandler”不匹配(可能是由于为 Null 性特性)。 [D:\C#\VM\VisionMaster\VisionMaster.csproj]
D:\C#\VM\VisionMaster\ViewModels\MonitorViewModel.cs(198,56): warning CS8622: “void MonitorViewModel.OnWatchItemsChanged(object sender, NotifyCollectionChangedEventArgs e)”的参数“sender”类型中引用类型的为 Null 性与目标委托“NotifyCollectionChangedEventHandler”不匹配(可能是由于为 Null 性特性)。 [D:\C#\VM\VisionMaster\VisionMaster.csproj]
D:\C#\VM\VisionMaster\Services\ScadaVariablePicker.cs(40,35): warning CS8604: “void ParametersBase.Add(string key, object value)”中的形参“value”可能传入 null 引用实参。 [D:\C#\VM\VisionMaster\VisionMaster.csproj]
D:\C#\VM\VisionMaster\ViewModels\DialogViewModels\VariableBindingViewModel.cs(538,62): warning CS8604: “InputPortUIModel.InputPortUIModel(PortDefinition schema, string linkedAddress)”中的形参“linkedAddress”可能传入 null 引用实参。 [D:\C#\VM\VisionMaster\VisionMaster.csproj]
D:\C#\VM\VisionMaster\ViewModels\DialogViewModels\VariableBindingViewModel.cs(604,17): warning CS8601: 可能的 null 引用赋值。 [D:\C#\VM\VisionMaster\VisionMaster.csproj]
D:\C#\VM\VisionMaster\ViewModels\DialogViewModels\VariableBindingViewModel.cs(610,23): warning CS8604: “void VariableBindingViewModel.BuildTree(IDialogParameters parameters = null)”中的形参“parameters”可能传入 null 引用实参。 [D:\C#\VM\VisionMaster\VisionMaster.csproj]
D:\C#\VM\VisionMaster\ViewModels\DialogViewModels\VariableBindingViewModel.cs(615,28): warning CS8618: 在退出构造函数时，不可为 null 的 字段 "_option" 必须包含非 null 值。请考虑添加 "required" 修饰符或将该 字段 声明为可为 null。 [D:\C#\VM\VisionMaster\VisionMaster.csproj]
D:\C#\VM\VisionMaster\ViewModels\MonitorViewModel.cs(320,173): warning CS8625: 无法将 null 字面量转换为非 null 的引用类型。 [D:\C#\VM\VisionMaster\VisionMaster.csproj]
D:\C#\VM\VisionMaster\ViewModels\ProcessViewModel.cs(57,44): warning CS8601: 可能的 null 引用赋值。 [D:\C#\VM\VisionMaster\VisionMaster.csproj]
D:\C#\VM\VisionMaster\ViewModels\ProcessViewModel.cs(64,42): warning CS8604: “void IWorkspaceManager.SwitchStep(StepModel step)”中的形参“step”可能传入 null 引用实参。 [D:\C#\VM\VisionMaster\VisionMaster.csproj]
D:\C#\VM\VisionMaster\ViewModels\ProcessViewModel.cs(91,16): warning CS9264: 在退出构造函数时，不可为 null 的 属性 'SelectStep' 必须包含非 null 值。请考虑添加“required”修饰符，或将 属性 声明为可为 null，或安全地处理“get”访问器中“field”为 null 的情况。 [D:\C#\VM\VisionMaster\VisionMaster.csproj]
D:\C#\VM\VisionMaster\ViewModels\ProcessViewModel.cs(91,16): warning CS8618: 在退出构造函数时，不可为 null 的 字段 "CurrentSelectedStepModel" 必须包含非 null 值。请考虑添加 "required" 修饰符或将该 字段 声明为可为 null。 [D:\C#\VM\VisionMaster\VisionMaster.csproj]
D:\C#\VM\VisionMaster\ViewModels\ProcessViewModel.cs(129,54): warning CS8622: “void ProcessViewModel.OnWorkspacePropertyChanged(object sender, PropertyChangedEventArgs e)”的参数“sender”类型中引用类型的为 Null 性与目标委托“PropertyChangedEventHandler”不匹配(可能是由于为 Null 性特性)。 [D:\C#\VM\VisionMaster\VisionMaster.csproj]
D:\C#\VM\VisionMaster\ViewModels\ProcessViewModel.cs(149,54): warning CS8622: “void ProcessViewModel.OnWorkspacePropertyChanged(object sender, PropertyChangedEventArgs e)”的参数“sender”类型中引用类型的为 Null 性与目标委托“PropertyChangedEventHandler”不匹配(可能是由于为 Null 性特性)。 [D:\C#\VM\VisionMaster\VisionMaster.csproj]
D:\C#\VM\VisionMaster\ViewModels\ProcessViewModel.cs(155,33): warning CS8604: “void ProcessViewModel.TickRunningTimes(IEnumerable<StepModel> steps)”中的形参“steps”可能传入 null 引用实参。 [D:\C#\VM\VisionMaster\VisionMaster.csproj]
D:\C#\VM\VisionMaster\ViewModels\FlowListViewModel.cs(149,48): warning CS8604: “int Collection<FlowModel>.IndexOf(FlowModel item)”中的形参“item”可能传入 null 引用实参。 [D:\C#\VM\VisionMaster\VisionMaster.csproj]
D:\C#\VM\VisionMaster\ViewModels\FlowListViewModel.cs(153,52): warning CS8604: “bool MandatoryFlows.IsMandatory(FlowModel flow)”中的形参“flow”可能传入 null 引用实参。 [D:\C#\VM\VisionMaster\VisionMaster.csproj]
D:\C#\VM\VisionMaster\ViewModels\FlowListViewModel.cs(171,25): warning CS8602: 解引用可能出现空引用。 [D:\C#\VM\VisionMaster\VisionMaster.csproj]
D:\C#\VM\VisionMaster\ViewModels\FlowListViewModel.cs(206,79): warning CS8602: 解引用可能出现空引用。 [D:\C#\VM\VisionMaster\VisionMaster.csproj]
D:\C#\VM\VisionMaster\ViewModels\ProcessViewModel.cs(217,41): warning CS8604: “void ParametersBase.Add(string key, object value)”中的形参“value”可能传入 null 引用实参。 [D:\C#\VM\VisionMaster\VisionMaster.csproj]
D:\C#\VM\VisionMaster\ViewModels\FlowListViewModel.cs(268,28): warning CS1998: This async method lacks 'await' operators and will run synchronously. Consider using the 'await' operator to await non-blocking API calls, or 'await Task.Run(...)' to do CPU-bound work on a background thread. [D:\C#\VM\VisionMaster\VisionMaster.csproj]
D:\C#\VM\VisionMaster\ViewModels\ProcessViewModel.cs(308,52): warning CS8625: 无法将 null 字面量转换为非 null 的引用类型。 [D:\C#\VM\VisionMaster\VisionMaster.csproj]
D:\C#\VM\VisionMaster\ViewModels\ProcessViewModel.cs(452,32): warning CS8600: 将 null 文本或可能的 null 值转换为不可为 null 类型。 [D:\C#\VM\VisionMaster\VisionMaster.csproj]
D:\C#\VM\VisionMaster\ViewModels\ProcessViewModel.cs(492,37): warning CS8600: 将 null 文本或可能的 null 值转换为不可为 null 类型。 [D:\C#\VM\VisionMaster\VisionMaster.csproj]
D:\C#\VM\VisionMaster\ViewModels\ProcessViewModel.cs(528,36): warning CS8600: 将 null 文本或可能的 null 值转换为不可为 null 类型。 [D:\C#\VM\VisionMaster\VisionMaster.csproj]
D:\C#\VM\VisionMaster\ViewModels\MonitorViewModel.cs(538,78): warning CS8625: 无法将 null 字面量转换为非 null 的引用类型。 [D:\C#\VM\VisionMaster\VisionMaster.csproj]
D:\C#\VM\VisionMaster\ViewModels\MonitorViewModel.cs(551,69): warning CS8625: 无法将 null 字面量转换为非 null 的引用类型。 [D:\C#\VM\VisionMaster\VisionMaster.csproj]
D:\C#\VM\VisionMaster\ViewModels\MonitorViewModel.cs(577,107): warning CS8625: 无法将 null 字面量转换为非 null 的引用类型。 [D:\C#\VM\VisionMaster\VisionMaster.csproj]
D:\C#\VM\VisionMaster\ViewModels\DialogViewModels\ConditionEditorViewModel .cs(469,32): warning CS8603: 可能返回 null 引用。 [D:\C#\VM\VisionMaster\VisionMaster.csproj]
D:\C#\VM\VisionMaster\ViewModels\DialogViewModels\ConditionEditorViewModel .cs(475,61): warning CS8603: 可能返回 null 引用。 [D:\C#\VM\VisionMaster\VisionMaster.csproj]
D:\C#\VM\VisionMaster\ViewModels\DialogViewModels\ConditionEditorViewModel .cs(477,32): warning CS8600: 将 null 文本或可能的 null 值转换为不可为 null 类型。 [D:\C#\VM\VisionMaster\VisionMaster.csproj]
D:\C#\VM\VisionMaster\ViewModels\DialogViewModels\ConditionEditorViewModel .cs(479,28): warning CS8603: 可能返回 null 引用。 [D:\C#\VM\VisionMaster\VisionMaster.csproj]
D:\C#\VM\VisionMaster\ViewModels\DialogViewModels\ConditionEditorViewModel .cs(484,24): warning CS8603: 可能返回 null 引用。 [D:\C#\VM\VisionMaster\VisionMaster.csproj]
D:\C#\VM\VisionMaster\ViewModels\DialogViewModels\ConditionEditorViewModel .cs(447,35): warning CS8618: 在退出构造函数时，不可为 null 的 属性 "DuplicateChecker" 必须包含非 null 值。请考虑添加 "required" 修饰符或将该 属性 声明为可为 null。 [D:\C#\VM\VisionMaster\VisionMaster.csproj]
D:\C#\VM\VisionMaster\ViewModels\DialogViewModels\ConditionEditorViewModel .cs(451,23): warning CS9264: 在退出构造函数时，不可为 null 的 属性 'AliasName' 必须包含非 null 值。请考虑添加“required”修饰符，或将 属性 声明为可为 null，或安全地处理“get”访问器中“field”为 null 的情况。 [D:\C#\VM\VisionMaster\VisionMaster.csproj]
D:\C#\VM\VisionMaster\ViewModels\DialogViewModels\ConditionEditorViewModel .cs(461,23): warning CS9264: 在退出构造函数时，不可为 null 的 属性 'SourceAddress' 必须包含非 null 值。请考虑添加“required”修饰符，或将 属性 声明为可为 null，或安全地处理“get”访问器中“field”为 null 的情况。 [D:\C#\VM\VisionMaster\VisionMaster.csproj]
D:\C#\VM\VisionMaster\ViewModels\DialogViewModels\ConditionEditorViewModel .cs(462,30): warning CS8618: 在退出构造函数时，不可为 null 的 属性 "OriginalLink" 必须包含非 null 值。请考虑添加 "required" 修饰符或将该 属性 声明为可为 null。 [D:\C#\VM\VisionMaster\VisionMaster.csproj]
D:\C#\VM\VisionMaster\ViewModels\DialogViewModels\FlowManagerViewModel.cs(98,43): warning CS8622: “void FlowManagerViewModel.OnWorkspacePropertyChanged(object sender, PropertyChangedEventArgs e)”的参数“sender”类型中引用类型的为 Null 性与目标委托“PropertyChangedEventHandler”不匹配(可能是由于为 Null 性特性)。 [D:\C#\VM\VisionMaster\VisionMaster.csproj]
D:\C#\VM\VisionMaster\ViewModels\DialogViewModels\GlobalVariableManagerViewModel.cs(22,23): warning CS8618: 在退出构造函数时，不可为 null 的 属性 "DisplayName" 必须包含非 null 值。请考虑添加 "required" 修饰符或将该 属性 声明为可为 null。 [D:\C#\VM\VisionMaster\VisionMaster.csproj]
D:\C#\VM\VisionMaster\ViewModels\DialogViewModels\GlobalVariableManagerViewModel.cs(23,21): warning CS8618: 在退出构造函数时，不可为 null 的 属性 "ActualType" 必须包含非 null 值。请考虑添加 "required" 修饰符或将该 属性 声明为可为 null。 [D:\C#\VM\VisionMaster\VisionMaster.csproj]
D:\C#\VM\VisionMaster\ViewModels\DialogViewModels\GlobalVariableManagerViewModel.cs(31,21): warning CS8618: 在退出构造函数时，不可为 null 的 属性 "Value" 必须包含非 null 值。请考虑添加 "required" 修饰符或将该 属性 声明为可为 null。 [D:\C#\VM\VisionMaster\VisionMaster.csproj]
D:\C#\VM\VisionMaster\ViewModels\DialogViewModels\GlobalVariableManagerViewModel.cs(32,23): warning CS8618: 在退出构造函数时，不可为 null 的 属性 "DisplayName" 必须包含非 null 值。请考虑添加 "required" 修饰符或将该 属性 声明为可为 null。 [D:\C#\VM\VisionMaster\VisionMaster.csproj]
D:\C#\VM\VisionMaster\ViewModels\DialogViewModels\GlobalVariableViewModelBase.cs(29,61): warning CS8622: “void GlobalVariableViewModelBase.OnGlobalVariablesCollectionChanged(object sender, NotifyCollectionChangedEventArgs e)”的参数“sender”类型中引用类型的为 Null 性与目标委托“NotifyCollectionChangedEventHandler”不匹配(可能是由于为 Null 性特性)。 [D:\C#\VM\VisionMaster\VisionMaster.csproj]
D:\C#\VM\VisionMaster\ViewModels\DialogViewModels\ConditionEditorViewModel .cs(96,68): warning CS8601: 可能的 null 引用赋值。 [D:\C#\VM\VisionMaster\VisionMaster.csproj]
D:\C#\VM\VisionMaster\ViewModels\DialogViewModels\ConditionEditorViewModel .cs(97,39): warning CS8601: 可能的 null 引用赋值。 [D:\C#\VM\VisionMaster\VisionMaster.csproj]
D:\C#\VM\VisionMaster\ViewModels\DialogViewModels\ConditionEditorViewModel .cs(138,44): warning CS8600: 将 null 文本或可能的 null 值转换为不可为 null 类型。 [D:\C#\VM\VisionMaster\VisionMaster.csproj]
D:\C#\VM\VisionMaster\ViewModels\DialogViewModels\ConditionEditorViewModel .cs(144,30): warning CS8601: 可能的 null 引用赋值。 [D:\C#\VM\VisionMaster\VisionMaster.csproj]
D:\C#\VM\VisionMaster\ViewModels\DialogViewModels\ConditionEditorViewModel .cs(148,16): warning CS8618: 在退出构造函数时，不可为 null 的 字段 "_targetNode" 必须包含非 null 值。请考虑添加 "required" 修饰符或将该 字段 声明为可为 null。 [D:\C#\VM\VisionMaster\VisionMaster.csproj]
D:\C#\VM\VisionMaster\ViewModels\DialogViewModels\ConditionEditorViewModel .cs(148,16): warning CS8618: 在退出构造函数时，不可为 null 的 字段 "_targetForNode" 必须包含非 null 值。请考虑添加 "required" 修饰符或将该 字段 声明为可为 null。 [D:\C#\VM\VisionMaster\VisionMaster.csproj]
D:\C#\VM\VisionMaster\ViewModels\DialogViewModels\ConditionEditorViewModel .cs(148,16): warning CS9264: 在退出构造函数时，不可为 null 的 属性 'Branches' 必须包含非 null 值。请考虑添加“required”修饰符，或将 属性 声明为可为 null，或安全地处理“get”访问器中“field”为 null 的情况。 [D:\C#\VM\VisionMaster\VisionMaster.csproj]
D:\C#\VM\VisionMaster\ViewModels\DialogViewModels\ConditionEditorViewModel .cs(148,16): warning CS9264: 在退出构造函数时，不可为 null 的 属性 'SelectedBranch' 必须包含非 null 值。请考虑添加“required”修饰符，或将 属性 声明为可为 null，或安全地处理“get”访问器中“field”为 null 的情况。 [D:\C#\VM\VisionMaster\VisionMaster.csproj]
D:\C#\VM\VisionMaster\ViewModels\DialogViewModels\ConditionEditorViewModel .cs(148,16): warning CS8618: 在退出构造函数时，不可为 null 的 字段 "_loopCountLinkDraft" 必须包含非 null 值。请考虑添加 "required" 修饰符或将该 字段 声明为可为 null。 [D:\C#\VM\VisionMaster\VisionMaster.csproj]
D:\C#\VM\VisionMaster\ViewModels\DialogViewModels\ConditionEditorViewModel .cs(148,16): warning CS9264: 在退出构造函数时，不可为 null 的 属性 'LoopCountSourceText' 必须包含非 null 值。请考虑添加“required”修饰符，或将 属性 声明为可为 null，或安全地处理“get”访问器中“field”为 null 的情况。 [D:\C#\VM\VisionMaster\VisionMaster.csproj]
D:\C#\VM\VisionMaster\ViewModels\DialogViewModels\ConditionEditorViewModel .cs(148,16): warning CS8618: 在退出构造函数时，不可为 null 的 事件 "BranchChanged" 必须包含非 null 值。请考虑添加 "required" 修饰符或将该 事件 声明为可为 null。 [D:\C#\VM\VisionMaster\VisionMaster.csproj]
D:\C#\VM\VisionMaster\ViewModels\DialogViewModels\ConditionEditorViewModel .cs(223,35): warning CS8625: 无法将 null 字面量转换为非 null 的引用类型。 [D:\C#\VM\VisionMaster\VisionMaster.csproj]
D:\C#\VM\VisionMaster\ViewModels\DialogViewModels\ConditionEditorViewModel .cs(224,35): warning CS8625: 无法将 null 字面量转换为非 null 的引用类型。 [D:\C#\VM\VisionMaster\VisionMaster.csproj]
D:\C#\VM\VisionMaster\ViewModels\DialogViewModels\GlobalVariableViewModelBase.cs(191,65): warning CS8622: “void GlobalVariableViewModelBase.OnGlobalVariablesCollectionChanged(object sender, NotifyCollectionChangedEventArgs e)”的参数“sender”类型中引用类型的为 Null 性与目标委托“NotifyCollectionChangedEventHandler”不匹配(可能是由于为 Null 性特性)。 [D:\C#\VM\VisionMaster\VisionMaster.csproj]
D:\C#\VM\VisionMaster\ViewModels\DialogViewModels\MotionBoardViewModel.cs(155,51): warning CS8600: 将 null 文本或可能的 null 值转换为不可为 null 类型。 [D:\C#\VM\VisionMaster\VisionMaster.csproj]
D:\C#\VM\VisionMaster\ViewModels\DialogViewModels\PluginConfigShellViewModel.cs(39,16): warning CS8618: 在退出构造函数时，不可为 null 的 字段 "_stepData" 必须包含非 null 值。请考虑添加 "required" 修饰符或将该 字段 声明为可为 null。 [D:\C#\VM\VisionMaster\VisionMaster.csproj]
D:\C#\VM\VisionMaster\ViewModels\DialogViewModels\PluginConfigShellViewModel.cs(39,16): warning CS8618: 在退出构造函数时，不可为 null 的 字段 "_pluginView" 必须包含非 null 值。请考虑添加 "required" 修饰符或将该 字段 声明为可为 null。 [D:\C#\VM\VisionMaster\VisionMaster.csproj]
D:\C#\VM\VisionMaster\ViewModels\DialogViewModels\PluginConfigShellViewModel.cs(39,16): warning CS8618: 在退出构造函数时，不可为 null 的 字段 "_plugin" 必须包含非 null 值。请考虑添加 "required" 修饰符或将该 字段 声明为可为 null。 [D:\C#\VM\VisionMaster\VisionMaster.csproj]
D:\C#\VM\VisionMaster\ViewModels\DialogViewModels\PluginConfigShellViewModel.cs(39,16): warning CS8618: 在退出构造函数时，不可为 null 的 字段 "_trialSession" 必须包含非 null 值。请考虑添加 "required" 修饰符或将该 字段 声明为可为 null。 [D:\C#\VM\VisionMaster\VisionMaster.csproj]
D:\C#\VM\VisionMaster\ViewModels\DialogViewModels\PluginConfigShellViewModel.cs(39,16): warning CS8618: 在退出构造函数时，不可为 null 的 字段 "_execCts" 必须包含非 null 值。请考虑添加 "required" 修饰符或将该 字段 声明为可为 null。 [D:\C#\VM\VisionMaster\VisionMaster.csproj]
D:\C#\VM\VisionMaster\ViewModels\DialogViewModels\PluginConfigShellViewModel.cs(39,16): warning CS8618: 在退出构造函数时，不可为 null 的 字段 "_execTask" 必须包含非 null 值。请考虑添加 "required" 修饰符或将该 字段 声明为可为 null。 [D:\C#\VM\VisionMaster\VisionMaster.csproj]
D:\C#\VM\VisionMaster\ViewModels\DialogViewModels\PluginConfigShellViewModel.cs(39,16): warning CS8618: 在退出构造函数时，不可为 null 的 属性 "Title" 必须包含非 null 值。请考虑添加 "required" 修饰符或将该 属性 声明为可为 null。 [D:\C#\VM\VisionMaster\VisionMaster.csproj]
D:\C#\VM\VisionMaster\ViewModels\DialogViewModels\PluginConfigShellViewModel.cs(39,16): warning CS8618: 在退出构造函数时，不可为 null 的 属性 "PluginIcon" 必须包含非 null 值。请考虑添加 "required" 修饰符或将该 属性 声明为可为 null。 [D:\C#\VM\VisionMaster\VisionMaster.csproj]
D:\C#\VM\VisionMaster\ViewModels\DialogViewModels\PluginConfigShellViewModel.cs(39,16): warning CS8618: 在退出构造函数时，不可为 null 的 属性 "PluginName" 必须包含非 null 值。请考虑添加 "required" 修饰符或将该 属性 声明为可为 null。 [D:\C#\VM\VisionMaster\VisionMaster.csproj]
D:\C#\VM\VisionMaster\ViewModels\DialogViewModels\PluginConfigShellViewModel.cs(39,16): warning CS8618: 在退出构造函数时，不可为 null 的 属性 "PluginDescription" 必须包含非 null 值。请考虑添加 "required" 修饰符或将该 属性 声明为可为 null。 [D:\C#\VM\VisionMaster\VisionMaster.csproj]
D:\C#\VM\VisionMaster\ViewModels\DialogViewModels\PluginConfigShellViewModel.cs(39,16): warning CS8618: 在退出构造函数时，不可为 null 的 属性 "PluginViewContent" 必须包含非 null 值。请考虑添加 "required" 修饰符或将该 属性 声明为可为 null。 [D:\C#\VM\VisionMaster\VisionMaster.csproj]
D:\C#\VM\VisionMaster\ViewModels\DialogViewModels\PluginConfigShellViewModel.cs(98,29): warning CS8625: 无法将 null 字面量转换为非 null 的引用类型。 [D:\C#\VM\VisionMaster\VisionMaster.csproj]
D:\C#\VM\VisionMaster\ViewModels\DialogViewModels\PluginConfigShellViewModel.cs(113,27): warning CS8625: 无法将 null 字面量转换为非 null 的引用类型。 [D:\C#\VM\VisionMaster\VisionMaster.csproj]
D:\C#\VM\VisionMaster\ViewModels\DialogViewModels\PluginConfigShellViewModel.cs(114,31): warning CS8625: 无法将 null 字面量转换为非 null 的引用类型。 [D:\C#\VM\VisionMaster\VisionMaster.csproj]
D:\C#\VM\VisionMaster\ViewModels\DialogViewModels\PluginConfigShellViewModel.cs(115,37): warning CS8625: 无法将 null 字面量转换为非 null 的引用类型。 [D:\C#\VM\VisionMaster\VisionMaster.csproj]
D:\C#\VM\VisionMaster\ViewModels\DialogViewModels\PluginConfigShellViewModel.cs(117,28): warning CS8625: 无法将 null 字面量转换为非 null 的引用类型。 [D:\C#\VM\VisionMaster\VisionMaster.csproj]
D:\C#\VM\VisionMaster\ViewModels\DialogViewModels\PluginConfigShellViewModel.cs(126,76): warning CS8600: 将 null 文本或可能的 null 值转换为不可为 null 类型。 [D:\C#\VM\VisionMaster\VisionMaster.csproj]
D:\C#\VM\VisionMaster\ViewModels\DialogViewModels\PluginConfigShellViewModel.cs(133,31): warning CS8601: 可能的 null 引用赋值。 [D:\C#\VM\VisionMaster\VisionMaster.csproj]
D:\C#\VM\VisionMaster\ViewModels\FlowCanvasViewModel.cs(1105,74): warning CS8600: 将 null 文本或可能的 null 值转换为不可为 null 类型。 [D:\C#\VM\VisionMaster\VisionMaster.csproj]
D:\C#\VM\VisionMaster\ViewModels\FlowCanvasViewModel.cs(1141,25): warning CS8604: “CanvasLinkBinding.CanvasLinkBinding(StepModel consumer, string key, string display)”中的形参“consumer”可能传入 null 引用实参。 [D:\C#\VM\VisionMaster\VisionMaster.csproj]
D:\C#\VM\VisionMaster\ViewModels\DialogViewModels\ConditionEditorViewModel .cs(274,32): warning CS8600: 将 null 文本或可能的 null 值转换为不可为 null 类型。 [D:\C#\VM\VisionMaster\VisionMaster.csproj]
D:\C#\VM\VisionMaster\ViewModels\DialogViewModels\ConditionEditorViewModel .cs(363,32): warning CS8600: 将 null 文本或可能的 null 值转换为不可为 null 类型。 [D:\C#\VM\VisionMaster\VisionMaster.csproj]
D:\C#\VM\VisionMaster\ViewModels\DialogViewModels\MotionBoardDebugTabViewModel.cs(504,72): warning CS8604: “void MotionDebugAxisRow.Update(AxisStatus? status, bool mapEnabled, bool deviceOnline, bool deviceHomed, string modeText)”中的形参“modeText”可能传入 null 引用实参。 [D:\C#\VM\VisionMaster\VisionMaster.csproj]
D:\C#\VM\VisionMaster\ViewModels\DialogViewModels\GlobalVariableManagerViewModel.cs(528,16): warning CS9264: 在退出构造函数时，不可为 null 的 属性 'NewVarName' 必须包含非 null 值。请考虑添加“required”修饰符，或将 属性 声明为可为 null，或安全地处理“get”访问器中“field”为 null 的情况。 [D:\C#\VM\VisionMaster\VisionMaster.csproj]
D:\C#\VM\VisionMaster\ViewModels\DialogViewModels\GlobalVariableManagerViewModel.cs(528,16): warning CS9264: 在退出构造函数时，不可为 null 的 属性 'NewVarDescription' 必须包含非 null 值。请考虑添加“required”修饰符，或将 属性 声明为可为 null，或安全地处理“get”访问器中“field”为 null 的情况。 [D:\C#\VM\VisionMaster\VisionMaster.csproj]
D:\C#\VM\VisionMaster\ViewModels\DialogViewModels\GlobalVariableManagerViewModel.cs(596,28): warning CS8601: 可能的 null 引用赋值。 [D:\C#\VM\VisionMaster\VisionMaster.csproj]
D:\C#\VM\VisionMaster\ViewModels\DialogViewModels\GlobalVariableManagerViewModel.cs(598,37): warning CS8601: 可能的 null 引用赋值。 [D:\C#\VM\VisionMaster\VisionMaster.csproj]
D:\C#\VM\VisionMaster\ViewModels\DialogViewModels\GlobalVariableManagerViewModel.cs(671,36): warning CS8601: 可能的 null 引用赋值。 [D:\C#\VM\VisionMaster\VisionMaster.csproj]
D:\C#\VM\VisionMaster\ViewModels\DialogViewModels\GlobalVariableManagerViewModel.cs(672,36): warning CS8601: 可能的 null 引用赋值。 [D:\C#\VM\VisionMaster\VisionMaster.csproj]
D:\C#\VM\VisionMaster\ViewModels\DialogViewModels\GlobalVariableManagerViewModel.cs(674,29): warning CS8601: 可能的 null 引用赋值。 [D:\C#\VM\VisionMaster\VisionMaster.csproj]
D:\C#\VM\VisionMaster\ViewModels\DialogViewModels\GlobalVariableManagerViewModel.cs(676,29): warning CS8601: 可能的 null 引用赋值。 [D:\C#\VM\VisionMaster\VisionMaster.csproj]
D:\C#\VM\VisionMaster\ViewModels\FlowCanvasViewModel.cs(1333,41): warning CS8604: “void Action<StepModel>.Invoke(StepModel obj)”中的形参“obj”可能传入 null 引用实参。 [D:\C#\VM\VisionMaster\VisionMaster.csproj]
D:\C#\VM\VisionMaster\ViewModels\DialogViewModels\GlobalVariableManagerViewModel.cs(701,38): warning CS8622: “void GlobalVariableManagerViewModel.OnVariableValueChanged(object sender, EventArgs e)”的参数“sender”类型中引用类型的为 Null 性与目标委托“EventHandler”不匹配(可能是由于为 Null 性特性)。 [D:\C#\VM\VisionMaster\VisionMaster.csproj]
D:\C#\VM\VisionMaster\ViewModels\DialogViewModels\GlobalVariableManagerViewModel.cs(707,38): warning CS8622: “void GlobalVariableManagerViewModel.OnVariableValueChanged(object sender, EventArgs e)”的参数“sender”类型中引用类型的为 Null 性与目标委托“EventHandler”不匹配(可能是由于为 Null 性特性)。 [D:\C#\VM\VisionMaster\VisionMaster.csproj]
D:\C#\VM\VisionMaster\ViewModels\DialogViewModels\GlobalVariableManagerViewModel.cs(752,40): warning CS8604: “Array Array.CreateInstance(Type elementType, int length)”中的形参“elementType”可能传入 null 引用实参。 [D:\C#\VM\VisionMaster\VisionMaster.csproj]
D:\C#\VM\VisionMaster\ViewModels\DialogViewModels\GlobalVariableManagerViewModel.cs(751,32): warning CS8600: 将 null 文本或可能的 null 值转换为不可为 null 类型。 [D:\C#\VM\VisionMaster\VisionMaster.csproj]
D:\C#\VM\VisionMaster\Services\ScadaPagePicker.cs(39,35): warning CS8604: “void ParametersBase.Add(string key, object value)”中的形参“value”可能传入 null 引用实参。 [D:\C#\VM\VisionMaster\VisionMaster.csproj]
D:\C#\VM\VisionMaster\ViewModels\DialogViewModels\GlobalVariableManagerViewModel.cs(966,25): warning CS8604: “void DialogArrayEditor.Load(IEnumerable<string?> values)”中的形参“values”可能传入 null 引用实参。 [D:\C#\VM\VisionMaster\VisionMaster.csproj]
D:\C#\VM\VisionMaster\ViewModels\DialogViewModels\PluginConfigShellViewModel.cs(291,29): warning CS8625: 无法将 null 字面量转换为非 null 的引用类型。 [D:\C#\VM\VisionMaster\VisionMaster.csproj]
D:\C#\VM\VisionMaster\ViewModels\DialogViewModels\PluginConfigShellViewModel.cs(313,46): warning CS8600: 将 null 文本或可能的 null 值转换为不可为 null 类型。 [D:\C#\VM\VisionMaster\VisionMaster.csproj]
D:\C#\VM\VisionMaster\ViewModels\DialogViewModels\PluginConfigShellViewModel.cs(314,39): warning CS8600: 将 null 文本或可能的 null 值转换为不可为 null 类型。 [D:\C#\VM\VisionMaster\VisionMaster.csproj]
D:\C#\VM\VisionMaster\ViewModels\DialogViewModels\PluginConfigShellViewModel.cs(315,35): warning CS8600: 将 null 文本或可能的 null 值转换为不可为 null 类型。 [D:\C#\VM\VisionMaster\VisionMaster.csproj]
D:\C#\VM\VisionMaster\ViewModels\DialogViewModels\PluginConfigShellViewModel.cs(339,69): warning CS8604: “void PluginConfigShellViewModel.CompleteExecute(int runId, PluginExecuteResult result, FlowSession session, bool cancelled, Exception error)”中的形参“result”可能传入 null 引用实参。 [D:\C#\VM\VisionMaster\VisionMaster.csproj]
D:\C#\VM\VisionMaster\ViewModels\DialogViewModels\PluginConfigShellViewModel.cs(339,77): warning CS8604: “void PluginConfigShellViewModel.CompleteExecute(int runId, PluginExecuteResult result, FlowSession session, bool cancelled, Exception error)”中的形参“session”可能传入 null 引用实参。 [D:\C#\VM\VisionMaster\VisionMaster.csproj]
D:\C#\VM\VisionMaster\ViewModels\DialogViewModels\PluginConfigShellViewModel.cs(339,97): warning CS8604: “void PluginConfigShellViewModel.CompleteExecute(int runId, PluginExecuteResult result, FlowSession session, bool cancelled, Exception error)”中的形参“error”可能传入 null 引用实参。 [D:\C#\VM\VisionMaster\VisionMaster.csproj]
D:\C#\VM\VisionMaster\ViewModels\DialogViewModels\GlobalVariableManagerViewModel.cs(1113,40): warning CS8622: “void GlobalVariableManagerViewModel.OnVariableValueChanged(object sender, EventArgs e)”的参数“sender”类型中引用类型的为 Null 性与目标委托“EventHandler”不匹配(可能是由于为 Null 性特性)。 [D:\C#\VM\VisionMaster\VisionMaster.csproj]
D:\C#\VM\VisionMaster\ShellViewModel.cs(591,29): warning CS0169: 从不使用字段“ShellViewModel._currentSession” [D:\C#\VM\VisionMaster\VisionMaster.csproj]
  VisionMaster -> D:\C#\VM\VisionMaster\bin\Debug\net9.0-windows\VisionMaster.dll

已成功生成。

C:\Program Files\dotnet\sdk\9.0.318\Microsoft.Common.CurrentVersion.targets(2433,5): warning MSB3245: 未能解析此引用。未能找到程序集“System.Resources.Extensions”。请检查磁盘上是否存在该程序集。 如果您的代码需要此引用，则可能出现编译错误。 [D:\C#\VM\DLL\HslCommunication\HslCommunication.csproj]
D:\C#\VM\VisionMaster\ViewModels\DialogViewModels\VariableBindingViewModel.cs(512,62): warning CS8625: 无法将 null 字面量转换为非 null 的引用类型。 [D:\C#\VM\VisionMaster\VisionMaster_ewt4mnr5_wpftmp.csproj]
D:\C#\VM\VisionMaster\ShellViewModel.cs(77,43): warning CS8603: 可能返回 null 引用。 [D:\C#\VM\VisionMaster\VisionMaster_ewt4mnr5_wpftmp.csproj]
D:\C#\VM\VisionMaster\Services\Camera\CameraProvider.cs(27,21): warning CS8618: 在退出构造函数时，不可为 null 的 属性 "DriverType" 必须包含非 null 值。请考虑添加 "required" 修饰符或将该 属性 声明为可为 null。 [D:\C#\VM\VisionMaster\VisionMaster_ewt4mnr5_wpftmp.csproj]
D:\C#\VM\VisionMaster\Services\Camera\CameraProvider.cs(75,16): warning CS8618: 在退出构造函数时，不可为 null 的 字段 "_lastSyncedSolution" 必须包含非 null 值。请考虑添加 "required" 修饰符或将该 字段 声明为可为 null。 [D:\C#\VM\VisionMaster\VisionMaster_ewt4mnr5_wpftmp.csproj]
D:\C#\VM\VisionMaster\Services\Camera\CameraProvider.cs(75,16): warning CS8618: 在退出构造函数时，不可为 null 的 事件 "DevicesChanged" 必须包含非 null 值。请考虑添加 "required" 修饰符或将该 事件 声明为可为 null。 [D:\C#\VM\VisionMaster\VisionMaster_ewt4mnr5_wpftmp.csproj]
D:\C#\VM\VisionMaster\ViewModels\ToolViewModel.cs(48,16): warning CS8618: 在退出构造函数时，不可为 null 的 字段 "searchText" 必须包含非 null 值。请考虑添加 "required" 修饰符或将该 字段 声明为可为 null。 [D:\C#\VM\VisionMaster\VisionMaster_ewt4mnr5_wpftmp.csproj]
D:\C#\VM\VisionMaster\Services\Camera\CameraProvider.cs(196,20): warning CS8603: 可能返回 null 引用。 [D:\C#\VM\VisionMaster\VisionMaster_ewt4mnr5_wpftmp.csproj]
D:\C#\VM\VisionMaster\Services\Camera\CameraProvider.cs(210,59): warning CS8601: 可能的 null 引用赋值。 [D:\C#\VM\VisionMaster\VisionMaster_ewt4mnr5_wpftmp.csproj]
D:\C#\VM\VisionMaster\Services\Camera\CameraProvider.cs(219,22): warning CS8625: 无法将 null 字面量转换为非 null 的引用类型。 [D:\C#\VM\VisionMaster\VisionMaster_ewt4mnr5_wpftmp.csproj]
D:\C#\VM\VisionMaster\Services\Camera\CameraProvider.cs(227,53): warning CS8601: 可能的 null 引用赋值。 [D:\C#\VM\VisionMaster\VisionMaster_ewt4mnr5_wpftmp.csproj]
D:\C#\VM\VisionMaster\Views\ScadaRuntimeWindow.xaml.cs(41,23): warning CS8622: “void ScadaRuntimeWindow.OnWindowClosed(object sender, EventArgs e)”的参数“sender”类型中引用类型的为 Null 性与目标委托“EventHandler”不匹配(可能是由于为 Null 性特性)。 [D:\C#\VM\VisionMaster\VisionMaster_ewt4mnr5_wpftmp.csproj]
D:\C#\VM\VisionMaster\ShellViewModel.cs(334,55): warning CS8622: “void ShellViewModel.OnSessionStateChanged(object sender, SessionStateChangedEventArgs e)”的参数“sender”类型中引用类型的为 Null 性与目标委托“EventHandler<SessionStateChangedEventArgs>”不匹配(可能是由于为 Null 性特性)。 [D:\C#\VM\VisionMaster\VisionMaster_ewt4mnr5_wpftmp.csproj]
D:\C#\VM\VisionMaster\ShellViewModel.cs(296,16): warning CS8618: 在退出构造函数时，不可为 null 的 字段 "_hitWindow" 必须包含非 null 值。请考虑添加 "required" 修饰符或将该 字段 声明为可为 null。 [D:\C#\VM\VisionMaster\VisionMaster_ewt4mnr5_wpftmp.csproj]
D:\C#\VM\VisionMaster\ShellViewModel.cs(296,16): warning CS8618: 在退出构造函数时，不可为 null 的 字段 "_debugHitVm" 必须包含非 null 值。请考虑添加 "required" 修饰符或将该 字段 声明为可为 null。 [D:\C#\VM\VisionMaster\VisionMaster_ewt4mnr5_wpftmp.csproj]
D:\C#\VM\VisionMaster\ShellViewModel.cs(296,16): warning CS8618: 在退出构造函数时，不可为 null 的 字段 "_hitTargetStep" 必须包含非 null 值。请考虑添加 "required" 修饰符或将该 字段 声明为可为 null。 [D:\C#\VM\VisionMaster\VisionMaster_ewt4mnr5_wpftmp.csproj]
D:\C#\VM\VisionMaster\ShellViewModel.cs(296,16): warning CS8618: 在退出构造函数时，不可为 null 的 字段 "_cts" 必须包含非 null 值。请考虑添加 "required" 修饰符或将该 字段 声明为可为 null。 [D:\C#\VM\VisionMaster\VisionMaster_ewt4mnr5_wpftmp.csproj]
D:\C#\VM\VisionMaster\ShellViewModel.cs(296,16): warning CS8618: 在退出构造函数时，不可为 null 的 字段 "_monitorTask" 必须包含非 null 值。请考虑添加 "required" 修饰符或将该 字段 声明为可为 null。 [D:\C#\VM\VisionMaster\VisionMaster_ewt4mnr5_wpftmp.csproj]
D:\C#\VM\VisionMaster\ShellViewModel.cs(296,16): warning CS9264: 在退出构造函数时，不可为 null 的 属性 'HandleCountStr' 必须包含非 null 值。请考虑添加“required”修饰符，或将 属性 声明为可为 null，或安全地处理“get”访问器中“field”为 null 的情况。 [D:\C#\VM\VisionMaster\VisionMaster_ewt4mnr5_wpftmp.csproj]
D:\C#\VM\VisionMaster\ShellViewModel.cs(296,16): warning CS9264: 在退出构造函数时，不可为 null 的 属性 'ThreadCountStr' 必须包含非 null 值。请考虑添加“required”修饰符，或将 属性 声明为可为 null，或安全地处理“get”访问器中“field”为 null 的情况。 [D:\C#\VM\VisionMaster\VisionMaster_ewt4mnr5_wpftmp.csproj]
D:\C#\VM\VisionMaster\ShellViewModel.cs(296,16): warning CS9264: 在退出构造函数时，不可为 null 的 属性 'CpuUsageStr' 必须包含非 null 值。请考虑添加“required”修饰符，或将 属性 声明为可为 null，或安全地处理“get”访问器中“field”为 null 的情况。 [D:\C#\VM\VisionMaster\VisionMaster_ewt4mnr5_wpftmp.csproj]
D:\C#\VM\VisionMaster\ShellViewModel.cs(296,16): warning CS9264: 在退出构造函数时，不可为 null 的 属性 'MemoryUsageStr' 必须包含非 null 值。请考虑添加“required”修饰符，或将 属性 声明为可为 null，或安全地处理“get”访问器中“field”为 null 的情况。 [D:\C#\VM\VisionMaster\VisionMaster_ewt4mnr5_wpftmp.csproj]
D:\C#\VM\VisionMaster\ShellViewModel.cs(296,16): warning CS9264: 在退出构造函数时，不可为 null 的 属性 'CurrentTimeText' 必须包含非 null 值。请考虑添加“required”修饰符，或将 属性 声明为可为 null，或安全地处理“get”访问器中“field”为 null 的情况。 [D:\C#\VM\VisionMaster\VisionMaster_ewt4mnr5_wpftmp.csproj]
D:\C#\VM\VisionMaster\ShellViewModel.cs(296,16): warning CS8618: 在退出构造函数时，不可为 null 的 字段 "_currentSession" 必须包含非 null 值。请考虑添加 "required" 修饰符或将该 字段 声明为可为 null。 [D:\C#\VM\VisionMaster\VisionMaster_ewt4mnr5_wpftmp.csproj]
D:\C#\VM\VisionMaster\Services\StepParameterDialog.cs(53,41): warning CS8600: 将 null 文本或可能的 null 值转换为不可为 null 类型。 [D:\C#\VM\VisionMaster\VisionMaster_ewt4mnr5_wpftmp.csproj]
D:\C#\VM\VisionMaster\Services\StepParameterDialog.cs(64,51): warning CS8604: “AutoPortConfigView.AutoPortConfigView(IVisionPlugin plugin)”中的形参“plugin”可能传入 null 引用实参。 [D:\C#\VM\VisionMaster\VisionMaster_ewt4mnr5_wpftmp.csproj]
D:\C#\VM\VisionMaster\ViewModels\CanvasLinkViewModel.cs(21,16): warning CS8618: 在退出构造函数时，不可为 null 的 属性 "UnbindCommand" 必须包含非 null 值。请考虑添加 "required" 修饰符或将该 属性 声明为可为 null。 [D:\C#\VM\VisionMaster\VisionMaster_ewt4mnr5_wpftmp.csproj]
D:\C#\VM\VisionMaster\Services\StepParameterDialog.cs(88,24): warning CS8603: 可能返回 null 引用。 [D:\C#\VM\VisionMaster\VisionMaster_ewt4mnr5_wpftmp.csproj]
D:\C#\VM\VisionMaster\Services\StepParameterDialog.cs(94,28): warning CS8603: 可能返回 null 引用。 [D:\C#\VM\VisionMaster\VisionMaster_ewt4mnr5_wpftmp.csproj]
D:\C#\VM\VisionMaster\Services\StepParameterDialog.cs(101,24): warning CS8603: 可能返回 null 引用。 [D:\C#\VM\VisionMaster\VisionMaster_ewt4mnr5_wpftmp.csproj]
D:\C#\VM\VisionMaster\Services\StepParameterDialog.cs(105,24): warning CS8603: 可能返回 null 引用。 [D:\C#\VM\VisionMaster\VisionMaster_ewt4mnr5_wpftmp.csproj]
D:\C#\VM\VisionMaster\Services\Camera\CameraProvider.cs(304,32): warning CS8625: 无法将 null 字面量转换为非 null 的引用类型。 [D:\C#\VM\VisionMaster\VisionMaster_ewt4mnr5_wpftmp.csproj]
D:\C#\VM\VisionMaster\Services\Camera\CameraProvider.cs(360,28): warning CS8604: “void CameraProvider.RememberSynced(SolutionModel solution, int count)”中的形参“solution”可能传入 null 引用实参。 [D:\C#\VM\VisionMaster\VisionMaster_ewt4mnr5_wpftmp.csproj]
D:\C#\VM\VisionMaster\Services\ScadaVariablePicker.cs(40,35): warning CS8604: “void ParametersBase.Add(string key, object value)”中的形参“value”可能传入 null 引用实参。 [D:\C#\VM\VisionMaster\VisionMaster_ewt4mnr5_wpftmp.csproj]
D:\C#\VM\VisionMaster\Services\Camera\CameraProvider.cs(433,24): warning CS8603: 可能返回 null 引用。 [D:\C#\VM\VisionMaster\VisionMaster_ewt4mnr5_wpftmp.csproj]
D:\C#\VM\VisionMaster\Services\Camera\CameraProvider.cs(444,28): warning CS8603: 可能返回 null 引用。 [D:\C#\VM\VisionMaster\VisionMaster_ewt4mnr5_wpftmp.csproj]
D:\C#\VM\VisionMaster\Services\Camera\CameraProvider.cs(457,24): warning CS8603: 可能返回 null 引用。 [D:\C#\VM\VisionMaster\VisionMaster_ewt4mnr5_wpftmp.csproj]
D:\C#\VM\VisionMaster\Services\Camera\NetworkCameraServer.cs(60,16): warning CS8618: 在退出构造函数时，不可为 null 的 字段 "_server" 必须包含非 null 值。请考虑添加 "required" 修饰符或将该 字段 声明为可为 null。 [D:\C#\VM\VisionMaster\VisionMaster_ewt4mnr5_wpftmp.csproj]
D:\C#\VM\VisionMaster\Services\Camera\NetworkCameraServer.cs(60,16): warning CS8618: 在退出构造函数时，不可为 null 的 字段 "_config" 必须包含非 null 值。请考虑添加 "required" 修饰符或将该 字段 声明为可为 null。 [D:\C#\VM\VisionMaster\VisionMaster_ewt4mnr5_wpftmp.csproj]
D:\C#\VM\VisionMaster\Services\HttpImageServer.cs(57,16): warning CS8618: 在退出构造函数时，不可为 null 的 字段 "_server" 必须包含非 null 值。请考虑添加 "required" 修饰符或将该 字段 声明为可为 null。 [D:\C#\VM\VisionMaster\VisionMaster_ewt4mnr5_wpftmp.csproj]
D:\C#\VM\VisionMaster\Services\HttpImageServer.cs(57,16): warning CS8618: 在退出构造函数时，不可为 null 的 字段 "_config" 必须包含非 null 值。请考虑添加 "required" 修饰符或将该 字段 声明为可为 null。 [D:\C#\VM\VisionMaster\VisionMaster_ewt4mnr5_wpftmp.csproj]
D:\C#\VM\VisionMaster\Services\Camera\NetworkCameraServer.cs(131,23): warning CS8625: 无法将 null 字面量转换为非 null 的引用类型。 [D:\C#\VM\VisionMaster\VisionMaster_ewt4mnr5_wpftmp.csproj]
D:\C#\VM\VisionMaster\Services\FlowOutputCollector.cs(48,51): warning CS8604: “Dictionary<string, Guid> FlowOutputCollector.BuildStepNameIndex(FlowSession session)”中的形参“session”可能传入 null 引用实参。 [D:\C#\VM\VisionMaster\VisionMaster_ewt4mnr5_wpftmp.csproj]
D:\C#\VM\VisionMaster\Services\HttpImageServer.cs(140,23): warning CS8625: 无法将 null 字面量转换为非 null 的引用类型。 [D:\C#\VM\VisionMaster\VisionMaster_ewt4mnr5_wpftmp.csproj]
D:\C#\VM\VisionMaster\Services\FlowOutputCollector.cs(114,77): warning CS8603: 可能返回 null 引用。 [D:\C#\VM\VisionMaster\VisionMaster_ewt4mnr5_wpftmp.csproj]
D:\C#\VM\VisionMaster\Services\FlowOutputCollector.cs(115,20): warning CS8603: 可能返回 null 引用。 [D:\C#\VM\VisionMaster\VisionMaster_ewt4mnr5_wpftmp.csproj]
D:\C#\VM\VisionMaster\Services\FlowOutputCollector.cs(127,31): warning CS8600: 将 null 文本或可能的 null 值转换为不可为 null 类型。 [D:\C#\VM\VisionMaster\VisionMaster_ewt4mnr5_wpftmp.csproj]
D:\C#\VM\VisionMaster\Services\FlowOutputCollector.cs(137,62): warning CS8604: “object FlowOutputCollector.ToJsonValue(object value)”中的形参“value”可能传入 null 引用实参。 [D:\C#\VM\VisionMaster\VisionMaster_ewt4mnr5_wpftmp.csproj]
D:\C#\VM\VisionMaster\Services\Camera\NetworkCameraServer.cs(261,22): warning CS8625: 无法将 null 字面量转换为非 null 的引用类型。 [D:\C#\VM\VisionMaster\VisionMaster_ewt4mnr5_wpftmp.csproj]
D:\C#\VM\VisionMaster\Services\Camera\NetworkCameraServer.cs(262,20): warning CS8625: 无法将 null 字面量转换为非 null 的引用类型。 [D:\C#\VM\VisionMaster\VisionMaster_ewt4mnr5_wpftmp.csproj]
D:\C#\VM\VisionMaster\Services\HttpImageServer.cs(241,42): warning CS8604: “object HttpImageServer.Fail(ApiRequest req, int statusCode, string message)”中的形参“message”可能传入 null 引用实参。 [D:\C#\VM\VisionMaster\VisionMaster_ewt4mnr5_wpftmp.csproj]
D:\C#\VM\VisionMaster\ShellViewModel.cs(915,42): warning CS8602: 解引用可能出现空引用。 [D:\C#\VM\VisionMaster\VisionMaster_ewt4mnr5_wpftmp.csproj]
D:\C#\VM\VisionMaster\Services\FlowOutputCollector.cs(165,28): warning CS8603: 可能返回 null 引用。 [D:\C#\VM\VisionMaster\VisionMaster_ewt4mnr5_wpftmp.csproj]
D:\C#\VM\VisionMaster\Services\FlowOutputCollector.cs(230,28): warning CS8603: 可能返回 null 引用。 [D:\C#\VM\VisionMaster\VisionMaster_ewt4mnr5_wpftmp.csproj]
D:\C#\VM\VisionMaster\Services\HttpImageServer.cs(329,39): warning CS8603: 可能返回 null 引用。 [D:\C#\VM\VisionMaster\VisionMaster_ewt4mnr5_wpftmp.csproj]
D:\C#\VM\VisionMaster\Services\HttpImageServer.cs(333,20): warning CS8603: 可能返回 null 引用。 [D:\C#\VM\VisionMaster\VisionMaster_ewt4mnr5_wpftmp.csproj]
D:\C#\VM\VisionMaster\Views\ProcessView.xaml.cs(72,28): warning CS8603: 可能返回 null 引用。 [D:\C#\VM\VisionMaster\VisionMaster_ewt4mnr5_wpftmp.csproj]
D:\C#\VM\VisionMaster\Views\ProcessView.xaml.cs(77,20): warning CS8603: 可能返回 null 引用。 [D:\C#\VM\VisionMaster\VisionMaster_ewt4mnr5_wpftmp.csproj]
D:\C#\VM\VisionMaster\Services\ImageCollectionService.cs(304,17): warning CS8602: 解引用可能出现空引用。 [D:\C#\VM\VisionMaster\VisionMaster_ewt4mnr5_wpftmp.csproj]
D:\C#\VM\VisionMaster\ShellViewModel.cs(1359,39): warning CS8603: 可能返回 null 引用。 [D:\C#\VM\VisionMaster\VisionMaster_ewt4mnr5_wpftmp.csproj]
D:\C#\VM\VisionMaster\ShellViewModel.cs(1367,20): warning CS8603: 可能返回 null 引用。 [D:\C#\VM\VisionMaster\VisionMaster_ewt4mnr5_wpftmp.csproj]
D:\C#\VM\VisionMaster\ShellViewModel.cs(1372,39): warning CS8603: 可能返回 null 引用。 [D:\C#\VM\VisionMaster\VisionMaster_ewt4mnr5_wpftmp.csproj]
D:\C#\VM\VisionMaster\ShellViewModel.cs(1383,56): warning CS8604: “StepModel ShellViewModel.FindDebugStoppedStep(IEnumerable<StepModel> steps)”中的形参“steps”可能传入 null 引用实参。 [D:\C#\VM\VisionMaster\VisionMaster_ewt4mnr5_wpftmp.csproj]
D:\C#\VM\VisionMaster\ShellViewModel.cs(1389,20): warning CS8603: 可能返回 null 引用。 [D:\C#\VM\VisionMaster\VisionMaster_ewt4mnr5_wpftmp.csproj]
D:\C#\VM\VisionMaster\Views\DialogViews\ConditionEditorView.xaml.cs(52,41): warning CS8622: “void ConditionEditorView.Vm_BranchChanged(object sender, StepCollection e)”的参数“sender”类型中引用类型的为 Null 性与目标委托“EventHandler<StepCollection>”不匹配(可能是由于为 Null 性特性)。 [D:\C#\VM\VisionMaster\VisionMaster_ewt4mnr5_wpftmp.csproj]
D:\C#\VM\VisionMaster\Views\DialogViews\ConditionEditorView.xaml.cs(53,41): warning CS8622: “void ConditionEditorView.Vm_BranchChanged(object sender, StepCollection e)”的参数“sender”类型中引用类型的为 Null 性与目标委托“EventHandler<StepCollection>”不匹配(可能是由于为 Null 性特性)。 [D:\C#\VM\VisionMaster\VisionMaster_ewt4mnr5_wpftmp.csproj]
D:\C#\VM\VisionMaster\Views\DialogViews\ConditionEditorView.xaml.cs(55,55): warning CS8622: “void ConditionEditorView.Variables_CollectionChanged(object sender, NotifyCollectionChangedEventArgs e)”的参数“sender”类型中引用类型的为 Null 性与目标委托“NotifyCollectionChangedEventHandler”不匹配(可能是由于为 Null 性特性)。 [D:\C#\VM\VisionMaster\VisionMaster_ewt4mnr5_wpftmp.csproj]
D:\C#\VM\VisionMaster\Views\DialogViews\ConditionEditorView.xaml.cs(56,55): warning CS8622: “void ConditionEditorView.Variables_CollectionChanged(object sender, NotifyCollectionChangedEventArgs e)”的参数“sender”类型中引用类型的为 Null 性与目标委托“NotifyCollectionChangedEventHandler”不匹配(可能是由于为 Null 性特性)。 [D:\C#\VM\VisionMaster\VisionMaster_ewt4mnr5_wpftmp.csproj]
D:\C#\VM\VisionMaster\Views\DialogViews\ConditionEditorView.xaml.cs(36,16): warning CS8618: 在退出构造函数时，不可为 null 的 字段 "_completionWindow" 必须包含非 null 值。请考虑添加 "required" 修饰符或将该 字段 声明为可为 null。 [D:\C#\VM\VisionMaster\VisionMaster_ewt4mnr5_wpftmp.csproj]
D:\C#\VM\VisionMaster\ViewModels\DebugHitViewModel.cs(70,16): warning CS9264: 在退出构造函数时，不可为 null 的 属性 'Header' 必须包含非 null 值。请考虑添加“required”修饰符，或将 属性 声明为可为 null，或安全地处理“get”访问器中“field”为 null 的情况。 [D:\C#\VM\VisionMaster\VisionMaster_ewt4mnr5_wpftmp.csproj]
D:\C#\VM\VisionMaster\ViewModels\DebugHitViewModel.cs(70,16): warning CS9264: 在退出构造函数时，不可为 null 的 属性 'FlowName' 必须包含非 null 值。请考虑添加“required”修饰符，或将 属性 声明为可为 null，或安全地处理“get”访问器中“field”为 null 的情况。 [D:\C#\VM\VisionMaster\VisionMaster_ewt4mnr5_wpftmp.csproj]
D:\C#\VM\VisionMaster\ViewModels\DebugHitViewModel.cs(70,16): warning CS9264: 在退出构造函数时，不可为 null 的 属性 'StepName' 必须包含非 null 值。请考虑添加“required”修饰符，或将 属性 声明为可为 null，或安全地处理“get”访问器中“field”为 null 的情况。 [D:\C#\VM\VisionMaster\VisionMaster_ewt4mnr5_wpftmp.csproj]
D:\C#\VM\VisionMaster\Views\DialogViews\ConditionEditorView.xaml.cs(178,76): warning CS8625: 无法将 null 字面量转换为非 null 的引用类型。 [D:\C#\VM\VisionMaster\VisionMaster_ewt4mnr5_wpftmp.csproj]
D:\C#\VM\VisionMaster\Views\DialogViews\ConditionEditorView.xaml.cs(182,37): warning CS8625: 无法将 null 字面量转换为非 null 的引用类型。 [D:\C#\VM\VisionMaster\VisionMaster_ewt4mnr5_wpftmp.csproj]
D:\C#\VM\VisionMaster\Services\LayoutHelper.cs(88,20): warning CS8603: 可能返回 null 引用。 [D:\C#\VM\VisionMaster\VisionMaster_ewt4mnr5_wpftmp.csproj]
D:\C#\VM\VisionMaster\ViewModels\DialogViewModels\SolutionListViewModel.cs(87,16): warning CS8618: 在退出构造函数时，不可为 null 的 字段 "_selectedSolution" 必须包含非 null 值。请考虑添加 "required" 修饰符或将该 字段 声明为可为 null。 [D:\C#\VM\VisionMaster\VisionMaster_ewt4mnr5_wpftmp.csproj]
D:\C#\VM\VisionMaster\Views\DialogViews\ConditionEditorView.xaml.cs(191,40): warning CS8622: “void ConditionEditorView.Vm_BranchChanged(object sender, StepCollection e)”的参数“sender”类型中引用类型的为 Null 性与目标委托“EventHandler<StepCollection>”不匹配(可能是由于为 Null 性特性)。 [D:\C#\VM\VisionMaster\VisionMaster_ewt4mnr5_wpftmp.csproj]
D:\C#\VM\VisionMaster\Views\DialogViews\ConditionEditorView.xaml.cs(192,54): warning CS8622: “void ConditionEditorView.Variables_CollectionChanged(object sender, NotifyCollectionChangedEventArgs e)”的参数“sender”类型中引用类型的为 Null 性与目标委托“NotifyCollectionChangedEventHandler”不匹配(可能是由于为 Null 性特性)。 [D:\C#\VM\VisionMaster\VisionMaster_ewt4mnr5_wpftmp.csproj]
D:\C#\VM\VisionMaster\Views\DialogViews\ConditionEditorView.xaml.cs(198,40): warning CS8622: “void ConditionEditorView.Vm_BranchChanged(object sender, StepCollection e)”的参数“sender”类型中引用类型的为 Null 性与目标委托“EventHandler<StepCollection>”不匹配(可能是由于为 Null 性特性)。 [D:\C#\VM\VisionMaster\VisionMaster_ewt4mnr5_wpftmp.csproj]
D:\C#\VM\VisionMaster\Views\DialogViews\ConditionEditorView.xaml.cs(199,54): warning CS8622: “void ConditionEditorView.Variables_CollectionChanged(object sender, NotifyCollectionChangedEventArgs e)”的参数“sender”类型中引用类型的为 Null 性与目标委托“NotifyCollectionChangedEventHandler”不匹配(可能是由于为 Null 性特性)。 [D:\C#\VM\VisionMaster\VisionMaster_ewt4mnr5_wpftmp.csproj]
D:\C#\VM\VisionMaster\Views\DialogViews\ConditionEditorView.xaml.cs(218,46): warning CS8622: “void ConditionEditorView.VariableItem_PropertyChanged(object sender, PropertyChangedEventArgs e)”的参数“sender”类型中引用类型的为 Null 性与目标委托“PropertyChangedEventHandler”不匹配(可能是由于为 Null 性特性)。 [D:\C#\VM\VisionMaster\VisionMaster_ewt4mnr5_wpftmp.csproj]
D:\C#\VM\VisionMaster\Views\DialogViews\ConditionEditorView.xaml.cs(219,46): warning CS8622: “void ConditionEditorView.VariableItem_PropertyChanged(object sender, PropertyChangedEventArgs e)”的参数“sender”类型中引用类型的为 Null 性与目标委托“PropertyChangedEventHandler”不匹配(可能是由于为 Null 性特性)。 [D:\C#\VM\VisionMaster\VisionMaster_ewt4mnr5_wpftmp.csproj]
D:\C#\VM\VisionMaster\Services\LayoutHelper.cs(157,45): warning CS8603: 可能返回 null 引用。 [D:\C#\VM\VisionMaster\VisionMaster_ewt4mnr5_wpftmp.csproj]
D:\C#\VM\VisionMaster\Services\LayoutHelper.cs(172,24): warning CS8603: 可能返回 null 引用。 [D:\C#\VM\VisionMaster\VisionMaster_ewt4mnr5_wpftmp.csproj]
D:\C#\VM\VisionMaster\ViewModels\DialogViewModels\SolutionListViewModel.cs(215,32): warning CS8601: 可能的 null 引用赋值。 [D:\C#\VM\VisionMaster\VisionMaster_ewt4mnr5_wpftmp.csproj]
D:\C#\VM\VisionMaster\ViewModels\DialogViewModels\VariableBindingViewModel.cs(67,38): warning CS8625: 无法将 null 字面量转换为非 null 的引用类型。 [D:\C#\VM\VisionMaster\VisionMaster_ewt4mnr5_wpftmp.csproj]
D:\C#\VM\VisionMaster\Views\DialogViews\ConditionEditorView.xaml.cs(355,58): warning CS8603: 可能返回 null 引用。 [D:\C#\VM\VisionMaster\VisionMaster_ewt4mnr5_wpftmp.csproj]
D:\C#\VM\VisionMaster\Services\LayoutHelper.cs(275,26): warning CS8625: 无法将 null 字面量转换为非 null 的引用类型。 [D:\C#\VM\VisionMaster\VisionMaster_ewt4mnr5_wpftmp.csproj]
D:\C#\VM\VisionMaster\Services\LayoutHelper.cs(329,57): warning CS8603: 可能返回 null 引用。 [D:\C#\VM\VisionMaster\VisionMaster_ewt4mnr5_wpftmp.csproj]
D:\C#\VM\VisionMaster\Services\LayoutHelper.cs(332,41): warning CS8603: 可能返回 null 引用。 [D:\C#\VM\VisionMaster\VisionMaster_ewt4mnr5_wpftmp.csproj]
D:\C#\VM\VisionMaster\Services\LayoutHelper.cs(334,20): warning CS8603: 可能返回 null 引用。 [D:\C#\VM\VisionMaster\VisionMaster_ewt4mnr5_wpftmp.csproj]
D:\C#\VM\VisionMaster\ViewModels\DialogViewModels\VariableBindingViewModel.cs(201,16): warning CS8618: 在退出构造函数时，不可为 null 的 字段 "_lastBoundPort" 必须包含非 null 值。请考虑添加 "required" 修饰符或将该 字段 声明为可为 null。 [D:\C#\VM\VisionMaster\VisionMaster_ewt4mnr5_wpftmp.csproj]
D:\C#\VM\VisionMaster\ViewModels\DialogViewModels\VariableBindingViewModel.cs(201,16): warning CS8618: 在退出构造函数时，不可为 null 的 字段 "_lastBoundLink" 必须包含非 null 值。请考虑添加 "required" 修饰符或将该 字段 声明为可为 null。 [D:\C#\VM\VisionMaster\VisionMaster_ewt4mnr5_wpftmp.csproj]
D:\C#\VM\VisionMaster\ViewModels\DialogViewModels\VariableBindingViewModel.cs(201,16): warning CS8618: 在退出构造函数时，不可为 null 的 字段 "_targetStep" 必须包含非 null 值。请考虑添加 "required" 修饰符或将该 字段 声明为可为 null。 [D:\C#\VM\VisionMaster\VisionMaster_ewt4mnr5_wpftmp.csproj]
D:\C#\VM\VisionMaster\ViewModels\DialogViewModels\VariableBindingViewModel.cs(201,16): warning CS8618: 在退出构造函数时，不可为 null 的 字段 "_constantValue" 必须包含非 null 值。请考虑添加 "required" 修饰符或将该 字段 声明为可为 null。 [D:\C#\VM\VisionMaster\VisionMaster_ewt4mnr5_wpftmp.csproj]
D:\C#\VM\VisionMaster\ViewModels\DialogViewModels\VariableBindingViewModel.cs(201,16): warning CS8618: 在退出构造函数时，不可为 null 的 字段 "_selectedInputPort" 必须包含非 null 值。请考虑添加 "required" 修饰符或将该 字段 声明为可为 null。 [D:\C#\VM\VisionMaster\VisionMaster_ewt4mnr5_wpftmp.csproj]
D:\C#\VM\VisionMaster\ViewModels\DialogViewModels\VariableBindingViewModel.cs(201,16): warning CS8618: 在退出构造函数时，不可为 null 的 字段 "_selectedOutputPort" 必须包含非 null 值。请考虑添加 "required" 修饰符或将该 字段 声明为可为 null。 [D:\C#\VM\VisionMaster\VisionMaster_ewt4mnr5_wpftmp.csproj]
D:\C#\VM\VisionMaster\ViewModels\DialogViewModels\VariableBindingViewModel.cs(201,16): warning CS8618: 在退出构造函数时，不可为 null 的 字段 "_selectedNode" 必须包含非 null 值。请考虑添加 "required" 修饰符或将该 字段 声明为可为 null。 [D:\C#\VM\VisionMaster\VisionMaster_ewt4mnr5_wpftmp.csproj]
D:\C#\VM\VisionMaster\ViewModels\DialogViewModels\VariableBindingViewModel.cs(260,33): warning CS8601: 可能的 null 引用赋值。 [D:\C#\VM\VisionMaster\VisionMaster_ewt4mnr5_wpftmp.csproj]
D:\C#\VM\VisionMaster\Services\LayoutHelper.cs(422,50): warning CS8604: “bool Dictionary<string, Func<object>>.TryGetValue(string key, out Func<object> value)”中的形参“key”可能传入 null 引用实参。 [D:\C#\VM\VisionMaster\VisionMaster_ewt4mnr5_wpftmp.csproj]
D:\C#\VM\VisionMaster\ViewModels\DialogViewModels\ConditionEditorViewModel .cs(96,68): warning CS8601: 可能的 null 引用赋值。 [D:\C#\VM\VisionMaster\VisionMaster_ewt4mnr5_wpftmp.csproj]
D:\C#\VM\VisionMaster\ViewModels\DialogViewModels\ConditionEditorViewModel .cs(97,39): warning CS8601: 可能的 null 引用赋值。 [D:\C#\VM\VisionMaster\VisionMaster_ewt4mnr5_wpftmp.csproj]
D:\C#\VM\VisionMaster\ViewModels\DialogViewModels\ConditionEditorViewModel .cs(138,44): warning CS8600: 将 null 文本或可能的 null 值转换为不可为 null 类型。 [D:\C#\VM\VisionMaster\VisionMaster_ewt4mnr5_wpftmp.csproj]
D:\C#\VM\VisionMaster\ViewModels\DialogViewModels\ConditionEditorViewModel .cs(144,30): warning CS8601: 可能的 null 引用赋值。 [D:\C#\VM\VisionMaster\VisionMaster_ewt4mnr5_wpftmp.csproj]
D:\C#\VM\VisionMaster\Services\LayoutHelper.cs(439,32): warning CS8600: 将 null 文本或可能的 null 值转换为不可为 null 类型。 [D:\C#\VM\VisionMaster\VisionMaster_ewt4mnr5_wpftmp.csproj]
D:\C#\VM\VisionMaster\ViewModels\DialogViewModels\ConditionEditorViewModel .cs(148,16): warning CS8618: 在退出构造函数时，不可为 null 的 字段 "_targetNode" 必须包含非 null 值。请考虑添加 "required" 修饰符或将该 字段 声明为可为 null。 [D:\C#\VM\VisionMaster\VisionMaster_ewt4mnr5_wpftmp.csproj]
D:\C#\VM\VisionMaster\ViewModels\DialogViewModels\ConditionEditorViewModel .cs(148,16): warning CS8618: 在退出构造函数时，不可为 null 的 字段 "_targetForNode" 必须包含非 null 值。请考虑添加 "required" 修饰符或将该 字段 声明为可为 null。 [D:\C#\VM\VisionMaster\VisionMaster_ewt4mnr5_wpftmp.csproj]
D:\C#\VM\VisionMaster\ViewModels\DialogViewModels\ConditionEditorViewModel .cs(148,16): warning CS9264: 在退出构造函数时，不可为 null 的 属性 'Branches' 必须包含非 null 值。请考虑添加“required”修饰符，或将 属性 声明为可为 null，或安全地处理“get”访问器中“field”为 null 的情况。 [D:\C#\VM\VisionMaster\VisionMaster_ewt4mnr5_wpftmp.csproj]
D:\C#\VM\VisionMaster\ViewModels\DialogViewModels\ConditionEditorViewModel .cs(148,16): warning CS9264: 在退出构造函数时，不可为 null 的 属性 'SelectedBranch' 必须包含非 null 值。请考虑添加“required”修饰符，或将 属性 声明为可为 null，或安全地处理“get”访问器中“field”为 null 的情况。 [D:\C#\VM\VisionMaster\VisionMaster_ewt4mnr5_wpftmp.csproj]
D:\C#\VM\VisionMaster\ViewModels\DialogViewModels\ConditionEditorViewModel .cs(148,16): warning CS8618: 在退出构造函数时，不可为 null 的 字段 "_loopCountLinkDraft" 必须包含非 null 值。请考虑添加 "required" 修饰符或将该 字段 声明为可为 null。 [D:\C#\VM\VisionMaster\VisionMaster_ewt4mnr5_wpftmp.csproj]
D:\C#\VM\VisionMaster\ViewModels\DialogViewModels\ConditionEditorViewModel .cs(148,16): warning CS9264: 在退出构造函数时，不可为 null 的 属性 'LoopCountSourceText' 必须包含非 null 值。请考虑添加“required”修饰符，或将 属性 声明为可为 null，或安全地处理“get”访问器中“field”为 null 的情况。 [D:\C#\VM\VisionMaster\VisionMaster_ewt4mnr5_wpftmp.csproj]
D:\C#\VM\VisionMaster\ViewModels\DialogViewModels\ConditionEditorViewModel .cs(148,16): warning CS8618: 在退出构造函数时，不可为 null 的 事件 "BranchChanged" 必须包含非 null 值。请考虑添加 "required" 修饰符或将该 事件 声明为可为 null。 [D:\C#\VM\VisionMaster\VisionMaster_ewt4mnr5_wpftmp.csproj]
D:\C#\VM\VisionMaster\Services\ScadaPagePicker.cs(39,35): warning CS8604: “void ParametersBase.Add(string key, object value)”中的形参“value”可能传入 null 引用实参。 [D:\C#\VM\VisionMaster\VisionMaster_ewt4mnr5_wpftmp.csproj]
D:\C#\VM\VisionMaster\ViewModels\DialogViewModels\ConditionEditorViewModel .cs(469,32): warning CS8603: 可能返回 null 引用。 [D:\C#\VM\VisionMaster\VisionMaster_ewt4mnr5_wpftmp.csproj]
D:\C#\VM\VisionMaster\ViewModels\DialogViewModels\ConditionEditorViewModel .cs(223,35): warning CS8625: 无法将 null 字面量转换为非 null 的引用类型。 [D:\C#\VM\VisionMaster\VisionMaster_ewt4mnr5_wpftmp.csproj]
D:\C#\VM\VisionMaster\ViewModels\DialogViewModels\ConditionEditorViewModel .cs(224,35): warning CS8625: 无法将 null 字面量转换为非 null 的引用类型。 [D:\C#\VM\VisionMaster\VisionMaster_ewt4mnr5_wpftmp.csproj]
D:\C#\VM\VisionMaster\ViewModels\DialogViewModels\ConditionEditorViewModel .cs(475,61): warning CS8603: 可能返回 null 引用。 [D:\C#\VM\VisionMaster\VisionMaster_ewt4mnr5_wpftmp.csproj]
D:\C#\VM\VisionMaster\ViewModels\DialogViewModels\ConditionEditorViewModel .cs(477,32): warning CS8600: 将 null 文本或可能的 null 值转换为不可为 null 类型。 [D:\C#\VM\VisionMaster\VisionMaster_ewt4mnr5_wpftmp.csproj]
D:\C#\VM\VisionMaster\ViewModels\DialogViewModels\ConditionEditorViewModel .cs(479,28): warning CS8603: 可能返回 null 引用。 [D:\C#\VM\VisionMaster\VisionMaster_ewt4mnr5_wpftmp.csproj]
D:\C#\VM\VisionMaster\ViewModels\DialogViewModels\ConditionEditorViewModel .cs(484,24): warning CS8603: 可能返回 null 引用。 [D:\C#\VM\VisionMaster\VisionMaster_ewt4mnr5_wpftmp.csproj]
D:\C#\VM\VisionMaster\ViewModels\DialogViewModels\ConditionEditorViewModel .cs(447,35): warning CS8618: 在退出构造函数时，不可为 null 的 属性 "DuplicateChecker" 必须包含非 null 值。请考虑添加 "required" 修饰符或将该 属性 声明为可为 null。 [D:\C#\VM\VisionMaster\VisionMaster_ewt4mnr5_wpftmp.csproj]
D:\C#\VM\VisionMaster\ViewModels\DialogViewModels\ConditionEditorViewModel .cs(451,23): warning CS9264: 在退出构造函数时，不可为 null 的 属性 'AliasName' 必须包含非 null 值。请考虑添加“required”修饰符，或将 属性 声明为可为 null，或安全地处理“get”访问器中“field”为 null 的情况。 [D:\C#\VM\VisionMaster\VisionMaster_ewt4mnr5_wpftmp.csproj]
D:\C#\VM\VisionMaster\ViewModels\DialogViewModels\ConditionEditorViewModel .cs(461,23): warning CS9264: 在退出构造函数时，不可为 null 的 属性 'SourceAddress' 必须包含非 null 值。请考虑添加“required”修饰符，或将 属性 声明为可为 null，或安全地处理“get”访问器中“field”为 null 的情况。 [D:\C#\VM\VisionMaster\VisionMaster_ewt4mnr5_wpftmp.csproj]
D:\C#\VM\VisionMaster\ViewModels\DialogViewModels\ConditionEditorViewModel .cs(462,30): warning CS8618: 在退出构造函数时，不可为 null 的 属性 "OriginalLink" 必须包含非 null 值。请考虑添加 "required" 修饰符或将该 属性 声明为可为 null。 [D:\C#\VM\VisionMaster\VisionMaster_ewt4mnr5_wpftmp.csproj]
D:\C#\VM\VisionMaster\ViewModels\DialogViewModels\VariableBindingViewModel.cs(538,62): warning CS8604: “InputPortUIModel.InputPortUIModel(PortDefinition schema, string linkedAddress)”中的形参“linkedAddress”可能传入 null 引用实参。 [D:\C#\VM\VisionMaster\VisionMaster_ewt4mnr5_wpftmp.csproj]
D:\C#\VM\VisionMaster\ViewModels\DialogViewModels\VariableBindingViewModel.cs(604,17): warning CS8601: 可能的 null 引用赋值。 [D:\C#\VM\VisionMaster\VisionMaster_ewt4mnr5_wpftmp.csproj]
D:\C#\VM\VisionMaster\ViewModels\DialogViewModels\VariableBindingViewModel.cs(610,23): warning CS8604: “void VariableBindingViewModel.BuildTree(IDialogParameters parameters = null)”中的形参“parameters”可能传入 null 引用实参。 [D:\C#\VM\VisionMaster\VisionMaster_ewt4mnr5_wpftmp.csproj]
D:\C#\VM\VisionMaster\ViewModels\DialogViewModels\VariableBindingViewModel.cs(615,28): warning CS8618: 在退出构造函数时，不可为 null 的 字段 "_option" 必须包含非 null 值。请考虑添加 "required" 修饰符或将该 字段 声明为可为 null。 [D:\C#\VM\VisionMaster\VisionMaster_ewt4mnr5_wpftmp.csproj]
D:\C#\VM\VisionMaster\ViewModels\DialogViewModels\ConditionEditorViewModel .cs(274,32): warning CS8600: 将 null 文本或可能的 null 值转换为不可为 null 类型。 [D:\C#\VM\VisionMaster\VisionMaster_ewt4mnr5_wpftmp.csproj]
D:\C#\VM\VisionMaster\ViewModels\DialogViewModels\ConditionEditorViewModel .cs(363,32): warning CS8600: 将 null 文本或可能的 null 值转换为不可为 null 类型。 [D:\C#\VM\VisionMaster\VisionMaster_ewt4mnr5_wpftmp.csproj]
D:\C#\VM\VisionMaster\ViewModels\MonitorViewModel.cs(24,23): warning CS8618: 在退出构造函数时，不可为 null 的 属性 "DisplayText" 必须包含非 null 值。请考虑添加 "required" 修饰符或将该 属性 声明为可为 null。 [D:\C#\VM\VisionMaster\VisionMaster_ewt4mnr5_wpftmp.csproj]
D:\C#\VM\VisionMaster\ViewModels\MonitorViewModel.cs(26,23): warning CS8618: 在退出构造函数时，不可为 null 的 属性 "StepName" 必须包含非 null 值。请考虑添加 "required" 修饰符或将该 属性 声明为可为 null。 [D:\C#\VM\VisionMaster\VisionMaster_ewt4mnr5_wpftmp.csproj]
D:\C#\VM\VisionMaster\ViewModels\MonitorViewModel.cs(27,23): warning CS8618: 在退出构造函数时，不可为 null 的 属性 "PortName" 必须包含非 null 值。请考虑添加 "required" 修饰符或将该 属性 声明为可为 null。 [D:\C#\VM\VisionMaster\VisionMaster_ewt4mnr5_wpftmp.csproj]
D:\C#\VM\VisionMaster\ViewModels\MonitorViewModel.cs(30,23): warning CS8618: 在退出构造函数时，不可为 null 的 属性 "VariableName" 必须包含非 null 值。请考虑添加 "required" 修饰符或将该 属性 声明为可为 null。 [D:\C#\VM\VisionMaster\VisionMaster_ewt4mnr5_wpftmp.csproj]
D:\C#\VM\VisionMaster\ViewModels\FlowListViewModel.cs(66,16): warning CS9264: 在退出构造函数时，不可为 null 的 属性 'SelectFlow' 必须包含非 null 值。请考虑添加“required”修饰符，或将 属性 声明为可为 null，或安全地处理“get”访问器中“field”为 null 的情况。 [D:\C#\VM\VisionMaster\VisionMaster_ewt4mnr5_wpftmp.csproj]
D:\C#\VM\VisionMaster\ViewModels\DialogViewModels\FlowManagerViewModel.cs(98,43): warning CS8622: “void FlowManagerViewModel.OnWorkspacePropertyChanged(object sender, PropertyChangedEventArgs e)”的参数“sender”类型中引用类型的为 Null 性与目标委托“PropertyChangedEventHandler”不匹配(可能是由于为 Null 性特性)。 [D:\C#\VM\VisionMaster\VisionMaster_ewt4mnr5_wpftmp.csproj]
D:\C#\VM\VisionMaster\ViewModels\MonitorViewModel.cs(117,61): warning CS8622: “void MonitorViewModel.OnGlobalVariablesChanged(object sender, NotifyCollectionChangedEventArgs e)”的参数“sender”类型中引用类型的为 Null 性与目标委托“NotifyCollectionChangedEventHandler”不匹配(可能是由于为 Null 性特性)。 [D:\C#\VM\VisionMaster\VisionMaster_ewt4mnr5_wpftmp.csproj]
D:\C#\VM\VisionMaster\ViewModels\MonitorViewModel.cs(123,60): warning CS8622: “void MonitorViewModel.OnVariableRenamed(object sender, VariableRenamedEventArgs e)”的参数“sender”类型中引用类型的为 Null 性与目标委托“EventHandler<VariableRenamedEventArgs>”不匹配(可能是由于为 Null 性特性)。 [D:\C#\VM\VisionMaster\VisionMaster_ewt4mnr5_wpftmp.csproj]
D:\C#\VM\VisionMaster\ViewModels\MonitorViewModel.cs(131,50): warning CS8622: “void MonitorViewModel.OnWorkspacePropertyChanged(object sender, PropertyChangedEventArgs e)”的参数“sender”类型中引用类型的为 Null 性与目标委托“PropertyChangedEventHandler”不匹配(可能是由于为 Null 性特性)。 [D:\C#\VM\VisionMaster\VisionMaster_ewt4mnr5_wpftmp.csproj]
D:\C#\VM\VisionMaster\ViewModels\MonitorViewModel.cs(138,65): warning CS8622: “void MonitorViewModel.OnSessionsChanged(object sender, NotifyCollectionChangedEventArgs e)”的参数“sender”类型中引用类型的为 Null 性与目标委托“NotifyCollectionChangedEventHandler”不匹配(可能是由于为 Null 性特性)。 [D:\C#\VM\VisionMaster\VisionMaster_ewt4mnr5_wpftmp.csproj]
D:\C#\VM\VisionMaster\ViewModels\MonitorViewModel.cs(100,16): warning CS8618: 在退出构造函数时，不可为 null 的 字段 "_searchText" 必须包含非 null 值。请考虑添加 "required" 修饰符或将该 字段 声明为可为 null。 [D:\C#\VM\VisionMaster\VisionMaster_ewt4mnr5_wpftmp.csproj]
D:\C#\VM\VisionMaster\ViewModels\MonitorViewModel.cs(100,16): warning CS8618: 在退出构造函数时，不可为 null 的 字段 "_selectedSuggestion" 必须包含非 null 值。请考虑添加 "required" 修饰符或将该 字段 声明为可为 null。 [D:\C#\VM\VisionMaster\VisionMaster_ewt4mnr5_wpftmp.csproj]
D:\C#\VM\VisionMaster\ViewModels\MonitorViewModel.cs(100,16): warning CS8618: 在退出构造函数时，不可为 null 的 字段 "_subscribedWatchItems" 必须包含非 null 值。请考虑添加 "required" 修饰符或将该 字段 声明为可为 null。 [D:\C#\VM\VisionMaster\VisionMaster_ewt4mnr5_wpftmp.csproj]
D:\C#\VM\VisionMaster\ViewModels\MonitorViewModel.cs(184,64): warning CS8622: “void MonitorViewModel.OnWatchItemsChanged(object sender, NotifyCollectionChangedEventArgs e)”的参数“sender”类型中引用类型的为 Null 性与目标委托“NotifyCollectionChangedEventHandler”不匹配(可能是由于为 Null 性特性)。 [D:\C#\VM\VisionMaster\VisionMaster_ewt4mnr5_wpftmp.csproj]
D:\C#\VM\VisionMaster\ViewModels\MonitorViewModel.cs(185,45): warning CS8625: 无法将 null 字面量转换为非 null 的引用类型。 [D:\C#\VM\VisionMaster\VisionMaster_ewt4mnr5_wpftmp.csproj]
D:\C#\VM\VisionMaster\ViewModels\MonitorViewModel.cs(196,60): warning CS8622: “void MonitorViewModel.OnWatchItemsChanged(object sender, NotifyCollectionChangedEventArgs e)”的参数“sender”类型中引用类型的为 Null 性与目标委托“NotifyCollectionChangedEventHandler”不匹配(可能是由于为 Null 性特性)。 [D:\C#\VM\VisionMaster\VisionMaster_ewt4mnr5_wpftmp.csproj]
D:\C#\VM\VisionMaster\ViewModels\MonitorViewModel.cs(198,56): warning CS8622: “void MonitorViewModel.OnWatchItemsChanged(object sender, NotifyCollectionChangedEventArgs e)”的参数“sender”类型中引用类型的为 Null 性与目标委托“NotifyCollectionChangedEventHandler”不匹配(可能是由于为 Null 性特性)。 [D:\C#\VM\VisionMaster\VisionMaster_ewt4mnr5_wpftmp.csproj]
D:\C#\VM\VisionMaster\Services\NetworkVariableBridge.cs(110,29): warning CS8601: 可能的 null 引用赋值。 [D:\C#\VM\VisionMaster\VisionMaster_ewt4mnr5_wpftmp.csproj]
D:\C#\VM\VisionMaster\ViewModels\FlowListViewModel.cs(149,48): warning CS8604: “int Collection<FlowModel>.IndexOf(FlowModel item)”中的形参“item”可能传入 null 引用实参。 [D:\C#\VM\VisionMaster\VisionMaster_ewt4mnr5_wpftmp.csproj]
D:\C#\VM\VisionMaster\ViewModels\FlowListViewModel.cs(153,52): warning CS8604: “bool MandatoryFlows.IsMandatory(FlowModel flow)”中的形参“flow”可能传入 null 引用实参。 [D:\C#\VM\VisionMaster\VisionMaster_ewt4mnr5_wpftmp.csproj]
D:\C#\VM\VisionMaster\ViewModels\FlowListViewModel.cs(171,25): warning CS8602: 解引用可能出现空引用。 [D:\C#\VM\VisionMaster\VisionMaster_ewt4mnr5_wpftmp.csproj]
D:\C#\VM\VisionMaster\ViewModels\FlowListViewModel.cs(206,79): warning CS8602: 解引用可能出现空引用。 [D:\C#\VM\VisionMaster\VisionMaster_ewt4mnr5_wpftmp.csproj]
D:\C#\VM\VisionMaster\ViewModels\FlowListViewModel.cs(268,28): warning CS1998: This async method lacks 'await' operators and will run synchronously. Consider using the 'await' operator to await non-blocking API calls, or 'await Task.Run(...)' to do CPU-bound work on a background thread. [D:\C#\VM\VisionMaster\VisionMaster_ewt4mnr5_wpftmp.csproj]
D:\C#\VM\VisionMaster\ViewModels\ProcessViewModel.cs(57,44): warning CS8601: 可能的 null 引用赋值。 [D:\C#\VM\VisionMaster\VisionMaster_ewt4mnr5_wpftmp.csproj]
D:\C#\VM\VisionMaster\ViewModels\ProcessViewModel.cs(64,42): warning CS8604: “void IWorkspaceManager.SwitchStep(StepModel step)”中的形参“step”可能传入 null 引用实参。 [D:\C#\VM\VisionMaster\VisionMaster_ewt4mnr5_wpftmp.csproj]
D:\C#\VM\VisionMaster\ViewModels\ProcessViewModel.cs(91,16): warning CS9264: 在退出构造函数时，不可为 null 的 属性 'SelectStep' 必须包含非 null 值。请考虑添加“required”修饰符，或将 属性 声明为可为 null，或安全地处理“get”访问器中“field”为 null 的情况。 [D:\C#\VM\VisionMaster\VisionMaster_ewt4mnr5_wpftmp.csproj]
D:\C#\VM\VisionMaster\ViewModels\ProcessViewModel.cs(91,16): warning CS8618: 在退出构造函数时，不可为 null 的 字段 "CurrentSelectedStepModel" 必须包含非 null 值。请考虑添加 "required" 修饰符或将该 字段 声明为可为 null。 [D:\C#\VM\VisionMaster\VisionMaster_ewt4mnr5_wpftmp.csproj]
D:\C#\VM\VisionMaster\ViewModels\ProcessViewModel.cs(129,54): warning CS8622: “void ProcessViewModel.OnWorkspacePropertyChanged(object sender, PropertyChangedEventArgs e)”的参数“sender”类型中引用类型的为 Null 性与目标委托“PropertyChangedEventHandler”不匹配(可能是由于为 Null 性特性)。 [D:\C#\VM\VisionMaster\VisionMaster_ewt4mnr5_wpftmp.csproj]
D:\C#\VM\VisionMaster\ViewModels\ProcessViewModel.cs(149,54): warning CS8622: “void ProcessViewModel.OnWorkspacePropertyChanged(object sender, PropertyChangedEventArgs e)”的参数“sender”类型中引用类型的为 Null 性与目标委托“PropertyChangedEventHandler”不匹配(可能是由于为 Null 性特性)。 [D:\C#\VM\VisionMaster\VisionMaster_ewt4mnr5_wpftmp.csproj]
D:\C#\VM\VisionMaster\ViewModels\ProcessViewModel.cs(155,33): warning CS8604: “void ProcessViewModel.TickRunningTimes(IEnumerable<StepModel> steps)”中的形参“steps”可能传入 null 引用实参。 [D:\C#\VM\VisionMaster\VisionMaster_ewt4mnr5_wpftmp.csproj]
D:\C#\VM\VisionMaster\ViewModels\ProcessViewModel.cs(217,41): warning CS8604: “void ParametersBase.Add(string key, object value)”中的形参“value”可能传入 null 引用实参。 [D:\C#\VM\VisionMaster\VisionMaster_ewt4mnr5_wpftmp.csproj]
D:\C#\VM\VisionMaster\ViewModels\ProcessViewModel.cs(308,52): warning CS8625: 无法将 null 字面量转换为非 null 的引用类型。 [D:\C#\VM\VisionMaster\VisionMaster_ewt4mnr5_wpftmp.csproj]
D:\C#\VM\VisionMaster\ViewModels\DialogViewModels\GlobalVariableManagerViewModel.cs(22,23): warning CS8618: 在退出构造函数时，不可为 null 的 属性 "DisplayName" 必须包含非 null 值。请考虑添加 "required" 修饰符或将该 属性 声明为可为 null。 [D:\C#\VM\VisionMaster\VisionMaster_ewt4mnr5_wpftmp.csproj]
D:\C#\VM\VisionMaster\ViewModels\DialogViewModels\GlobalVariableManagerViewModel.cs(23,21): warning CS8618: 在退出构造函数时，不可为 null 的 属性 "ActualType" 必须包含非 null 值。请考虑添加 "required" 修饰符或将该 属性 声明为可为 null。 [D:\C#\VM\VisionMaster\VisionMaster_ewt4mnr5_wpftmp.csproj]
D:\C#\VM\VisionMaster\ViewModels\DialogViewModels\GlobalVariableManagerViewModel.cs(31,21): warning CS8618: 在退出构造函数时，不可为 null 的 属性 "Value" 必须包含非 null 值。请考虑添加 "required" 修饰符或将该 属性 声明为可为 null。 [D:\C#\VM\VisionMaster\VisionMaster_ewt4mnr5_wpftmp.csproj]
D:\C#\VM\VisionMaster\ViewModels\DialogViewModels\GlobalVariableManagerViewModel.cs(32,23): warning CS8618: 在退出构造函数时，不可为 null 的 属性 "DisplayName" 必须包含非 null 值。请考虑添加 "required" 修饰符或将该 属性 声明为可为 null。 [D:\C#\VM\VisionMaster\VisionMaster_ewt4mnr5_wpftmp.csproj]
D:\C#\VM\VisionMaster\ViewModels\ProcessViewModel.cs(452,32): warning CS8600: 将 null 文本或可能的 null 值转换为不可为 null 类型。 [D:\C#\VM\VisionMaster\VisionMaster_ewt4mnr5_wpftmp.csproj]
D:\C#\VM\VisionMaster\ViewModels\ProcessViewModel.cs(492,37): warning CS8600: 将 null 文本或可能的 null 值转换为不可为 null 类型。 [D:\C#\VM\VisionMaster\VisionMaster_ewt4mnr5_wpftmp.csproj]
D:\C#\VM\VisionMaster\ViewModels\ProcessViewModel.cs(528,36): warning CS8600: 将 null 文本或可能的 null 值转换为不可为 null 类型。 [D:\C#\VM\VisionMaster\VisionMaster_ewt4mnr5_wpftmp.csproj]
D:\C#\VM\VisionMaster\ViewModels\MonitorViewModel.cs(320,173): warning CS8625: 无法将 null 字面量转换为非 null 的引用类型。 [D:\C#\VM\VisionMaster\VisionMaster_ewt4mnr5_wpftmp.csproj]
D:\C#\VM\VisionMaster\ViewModels\MonitorViewModel.cs(538,78): warning CS8625: 无法将 null 字面量转换为非 null 的引用类型。 [D:\C#\VM\VisionMaster\VisionMaster_ewt4mnr5_wpftmp.csproj]
D:\C#\VM\VisionMaster\ViewModels\MonitorViewModel.cs(551,69): warning CS8625: 无法将 null 字面量转换为非 null 的引用类型。 [D:\C#\VM\VisionMaster\VisionMaster_ewt4mnr5_wpftmp.csproj]
D:\C#\VM\VisionMaster\ViewModels\MonitorViewModel.cs(577,107): warning CS8625: 无法将 null 字面量转换为非 null 的引用类型。 [D:\C#\VM\VisionMaster\VisionMaster_ewt4mnr5_wpftmp.csproj]
D:\C#\VM\VisionMaster\ViewModels\DialogViewModels\GlobalVariableViewModelBase.cs(29,61): warning CS8622: “void GlobalVariableViewModelBase.OnGlobalVariablesCollectionChanged(object sender, NotifyCollectionChangedEventArgs e)”的参数“sender”类型中引用类型的为 Null 性与目标委托“NotifyCollectionChangedEventHandler”不匹配(可能是由于为 Null 性特性)。 [D:\C#\VM\VisionMaster\VisionMaster_ewt4mnr5_wpftmp.csproj]
D:\C#\VM\VisionMaster\ViewModels\FlowCanvasViewModel.cs(1105,74): warning CS8600: 将 null 文本或可能的 null 值转换为不可为 null 类型。 [D:\C#\VM\VisionMaster\VisionMaster_ewt4mnr5_wpftmp.csproj]
D:\C#\VM\VisionMaster\ViewModels\FlowCanvasViewModel.cs(1141,25): warning CS8604: “CanvasLinkBinding.CanvasLinkBinding(StepModel consumer, string key, string display)”中的形参“consumer”可能传入 null 引用实参。 [D:\C#\VM\VisionMaster\VisionMaster_ewt4mnr5_wpftmp.csproj]
D:\C#\VM\VisionMaster\ViewModels\DialogViewModels\GlobalVariableViewModelBase.cs(191,65): warning CS8622: “void GlobalVariableViewModelBase.OnGlobalVariablesCollectionChanged(object sender, NotifyCollectionChangedEventArgs e)”的参数“sender”类型中引用类型的为 Null 性与目标委托“NotifyCollectionChangedEventHandler”不匹配(可能是由于为 Null 性特性)。 [D:\C#\VM\VisionMaster\VisionMaster_ewt4mnr5_wpftmp.csproj]
D:\C#\VM\VisionMaster\ViewModels\FlowCanvasViewModel.cs(1333,41): warning CS8604: “void Action<StepModel>.Invoke(StepModel obj)”中的形参“obj”可能传入 null 引用实参。 [D:\C#\VM\VisionMaster\VisionMaster_ewt4mnr5_wpftmp.csproj]
D:\C#\VM\VisionMaster\ViewModels\DialogViewModels\GlobalVariableManagerViewModel.cs(528,16): warning CS9264: 在退出构造函数时，不可为 null 的 属性 'NewVarName' 必须包含非 null 值。请考虑添加“required”修饰符，或将 属性 声明为可为 null，或安全地处理“get”访问器中“field”为 null 的情况。 [D:\C#\VM\VisionMaster\VisionMaster_ewt4mnr5_wpftmp.csproj]
D:\C#\VM\VisionMaster\ViewModels\DialogViewModels\GlobalVariableManagerViewModel.cs(528,16): warning CS9264: 在退出构造函数时，不可为 null 的 属性 'NewVarDescription' 必须包含非 null 值。请考虑添加“required”修饰符，或将 属性 声明为可为 null，或安全地处理“get”访问器中“field”为 null 的情况。 [D:\C#\VM\VisionMaster\VisionMaster_ewt4mnr5_wpftmp.csproj]
D:\C#\VM\VisionMaster\ViewModels\DialogViewModels\PluginConfigShellViewModel.cs(39,16): warning CS8618: 在退出构造函数时，不可为 null 的 字段 "_stepData" 必须包含非 null 值。请考虑添加 "required" 修饰符或将该 字段 声明为可为 null。 [D:\C#\VM\VisionMaster\VisionMaster_ewt4mnr5_wpftmp.csproj]
D:\C#\VM\VisionMaster\ViewModels\DialogViewModels\PluginConfigShellViewModel.cs(39,16): warning CS8618: 在退出构造函数时，不可为 null 的 字段 "_pluginView" 必须包含非 null 值。请考虑添加 "required" 修饰符或将该 字段 声明为可为 null。 [D:\C#\VM\VisionMaster\VisionMaster_ewt4mnr5_wpftmp.csproj]
D:\C#\VM\VisionMaster\ViewModels\DialogViewModels\PluginConfigShellViewModel.cs(39,16): warning CS8618: 在退出构造函数时，不可为 null 的 字段 "_plugin" 必须包含非 null 值。请考虑添加 "required" 修饰符或将该 字段 声明为可为 null。 [D:\C#\VM\VisionMaster\VisionMaster_ewt4mnr5_wpftmp.csproj]
D:\C#\VM\VisionMaster\ViewModels\DialogViewModels\PluginConfigShellViewModel.cs(39,16): warning CS8618: 在退出构造函数时，不可为 null 的 字段 "_trialSession" 必须包含非 null 值。请考虑添加 "required" 修饰符或将该 字段 声明为可为 null。 [D:\C#\VM\VisionMaster\VisionMaster_ewt4mnr5_wpftmp.csproj]
D:\C#\VM\VisionMaster\ViewModels\DialogViewModels\PluginConfigShellViewModel.cs(39,16): warning CS8618: 在退出构造函数时，不可为 null 的 字段 "_execCts" 必须包含非 null 值。请考虑添加 "required" 修饰符或将该 字段 声明为可为 null。 [D:\C#\VM\VisionMaster\VisionMaster_ewt4mnr5_wpftmp.csproj]
D:\C#\VM\VisionMaster\ViewModels\DialogViewModels\PluginConfigShellViewModel.cs(39,16): warning CS8618: 在退出构造函数时，不可为 null 的 字段 "_execTask" 必须包含非 null 值。请考虑添加 "required" 修饰符或将该 字段 声明为可为 null。 [D:\C#\VM\VisionMaster\VisionMaster_ewt4mnr5_wpftmp.csproj]
D:\C#\VM\VisionMaster\ViewModels\DialogViewModels\PluginConfigShellViewModel.cs(39,16): warning CS8618: 在退出构造函数时，不可为 null 的 属性 "Title" 必须包含非 null 值。请考虑添加 "required" 修饰符或将该 属性 声明为可为 null。 [D:\C#\VM\VisionMaster\VisionMaster_ewt4mnr5_wpftmp.csproj]
D:\C#\VM\VisionMaster\ViewModels\DialogViewModels\PluginConfigShellViewModel.cs(39,16): warning CS8618: 在退出构造函数时，不可为 null 的 属性 "PluginIcon" 必须包含非 null 值。请考虑添加 "required" 修饰符或将该 属性 声明为可为 null。 [D:\C#\VM\VisionMaster\VisionMaster_ewt4mnr5_wpftmp.csproj]
D:\C#\VM\VisionMaster\ViewModels\DialogViewModels\PluginConfigShellViewModel.cs(39,16): warning CS8618: 在退出构造函数时，不可为 null 的 属性 "PluginName" 必须包含非 null 值。请考虑添加 "required" 修饰符或将该 属性 声明为可为 null。 [D:\C#\VM\VisionMaster\VisionMaster_ewt4mnr5_wpftmp.csproj]
D:\C#\VM\VisionMaster\ViewModels\DialogViewModels\PluginConfigShellViewModel.cs(39,16): warning CS8618: 在退出构造函数时，不可为 null 的 属性 "PluginDescription" 必须包含非 null 值。请考虑添加 "required" 修饰符或将该 属性 声明为可为 null。 [D:\C#\VM\VisionMaster\VisionMaster_ewt4mnr5_wpftmp.csproj]
D:\C#\VM\VisionMaster\ViewModels\DialogViewModels\PluginConfigShellViewModel.cs(39,16): warning CS8618: 在退出构造函数时，不可为 null 的 属性 "PluginViewContent" 必须包含非 null 值。请考虑添加 "required" 修饰符或将该 属性 声明为可为 null。 [D:\C#\VM\VisionMaster\VisionMaster_ewt4mnr5_wpftmp.csproj]
D:\C#\VM\VisionMaster\ViewModels\DialogViewModels\PluginConfigShellViewModel.cs(98,29): warning CS8625: 无法将 null 字面量转换为非 null 的引用类型。 [D:\C#\VM\VisionMaster\VisionMaster_ewt4mnr5_wpftmp.csproj]
D:\C#\VM\VisionMaster\ViewModels\DialogViewModels\PluginConfigShellViewModel.cs(113,27): warning CS8625: 无法将 null 字面量转换为非 null 的引用类型。 [D:\C#\VM\VisionMaster\VisionMaster_ewt4mnr5_wpftmp.csproj]
D:\C#\VM\VisionMaster\ViewModels\DialogViewModels\PluginConfigShellViewModel.cs(114,31): warning CS8625: 无法将 null 字面量转换为非 null 的引用类型。 [D:\C#\VM\VisionMaster\VisionMaster_ewt4mnr5_wpftmp.csproj]
D:\C#\VM\VisionMaster\ViewModels\DialogViewModels\PluginConfigShellViewModel.cs(115,37): warning CS8625: 无法将 null 字面量转换为非 null 的引用类型。 [D:\C#\VM\VisionMaster\VisionMaster_ewt4mnr5_wpftmp.csproj]
D:\C#\VM\VisionMaster\ViewModels\DialogViewModels\PluginConfigShellViewModel.cs(117,28): warning CS8625: 无法将 null 字面量转换为非 null 的引用类型。 [D:\C#\VM\VisionMaster\VisionMaster_ewt4mnr5_wpftmp.csproj]
D:\C#\VM\VisionMaster\ViewModels\DialogViewModels\MotionBoardViewModel.cs(155,51): warning CS8600: 将 null 文本或可能的 null 值转换为不可为 null 类型。 [D:\C#\VM\VisionMaster\VisionMaster_ewt4mnr5_wpftmp.csproj]
D:\C#\VM\VisionMaster\ViewModels\DialogViewModels\PluginConfigShellViewModel.cs(126,76): warning CS8600: 将 null 文本或可能的 null 值转换为不可为 null 类型。 [D:\C#\VM\VisionMaster\VisionMaster_ewt4mnr5_wpftmp.csproj]
D:\C#\VM\VisionMaster\ViewModels\DialogViewModels\PluginConfigShellViewModel.cs(133,31): warning CS8601: 可能的 null 引用赋值。 [D:\C#\VM\VisionMaster\VisionMaster_ewt4mnr5_wpftmp.csproj]
D:\C#\VM\VisionMaster\ViewModels\DialogViewModels\MotionBoardDebugTabViewModel.cs(504,72): warning CS8604: “void MotionDebugAxisRow.Update(AxisStatus? status, bool mapEnabled, bool deviceOnline, bool deviceHomed, string modeText)”中的形参“modeText”可能传入 null 引用实参。 [D:\C#\VM\VisionMaster\VisionMaster_ewt4mnr5_wpftmp.csproj]
D:\C#\VM\VisionMaster\ViewModels\DialogViewModels\GlobalVariableManagerViewModel.cs(596,28): warning CS8601: 可能的 null 引用赋值。 [D:\C#\VM\VisionMaster\VisionMaster_ewt4mnr5_wpftmp.csproj]
D:\C#\VM\VisionMaster\ViewModels\DialogViewModels\GlobalVariableManagerViewModel.cs(598,37): warning CS8601: 可能的 null 引用赋值。 [D:\C#\VM\VisionMaster\VisionMaster_ewt4mnr5_wpftmp.csproj]
D:\C#\VM\VisionMaster\ViewModels\DialogViewModels\GlobalVariableManagerViewModel.cs(671,36): warning CS8601: 可能的 null 引用赋值。 [D:\C#\VM\VisionMaster\VisionMaster_ewt4mnr5_wpftmp.csproj]
D:\C#\VM\VisionMaster\ViewModels\DialogViewModels\GlobalVariableManagerViewModel.cs(672,36): warning CS8601: 可能的 null 引用赋值。 [D:\C#\VM\VisionMaster\VisionMaster_ewt4mnr5_wpftmp.csproj]
D:\C#\VM\VisionMaster\ViewModels\DialogViewModels\GlobalVariableManagerViewModel.cs(674,29): warning CS8601: 可能的 null 引用赋值。 [D:\C#\VM\VisionMaster\VisionMaster_ewt4mnr5_wpftmp.csproj]
D:\C#\VM\VisionMaster\ViewModels\DialogViewModels\GlobalVariableManagerViewModel.cs(676,29): warning CS8601: 可能的 null 引用赋值。 [D:\C#\VM\VisionMaster\VisionMaster_ewt4mnr5_wpftmp.csproj]
D:\C#\VM\VisionMaster\ViewModels\DialogViewModels\GlobalVariableManagerViewModel.cs(701,38): warning CS8622: “void GlobalVariableManagerViewModel.OnVariableValueChanged(object sender, EventArgs e)”的参数“sender”类型中引用类型的为 Null 性与目标委托“EventHandler”不匹配(可能是由于为 Null 性特性)。 [D:\C#\VM\VisionMaster\VisionMaster_ewt4mnr5_wpftmp.csproj]
D:\C#\VM\VisionMaster\ViewModels\DialogViewModels\GlobalVariableManagerViewModel.cs(707,38): warning CS8622: “void GlobalVariableManagerViewModel.OnVariableValueChanged(object sender, EventArgs e)”的参数“sender”类型中引用类型的为 Null 性与目标委托“EventHandler”不匹配(可能是由于为 Null 性特性)。 [D:\C#\VM\VisionMaster\VisionMaster_ewt4mnr5_wpftmp.csproj]
D:\C#\VM\VisionMaster\ViewModels\DialogViewModels\GlobalVariableManagerViewModel.cs(752,40): warning CS8604: “Array Array.CreateInstance(Type elementType, int length)”中的形参“elementType”可能传入 null 引用实参。 [D:\C#\VM\VisionMaster\VisionMaster_ewt4mnr5_wpftmp.csproj]
D:\C#\VM\VisionMaster\ViewModels\DialogViewModels\GlobalVariableManagerViewModel.cs(751,32): warning CS8600: 将 null 文本或可能的 null 值转换为不可为 null 类型。 [D:\C#\VM\VisionMaster\VisionMaster_ewt4mnr5_wpftmp.csproj]
D:\C#\VM\VisionMaster\ViewModels\DialogViewModels\PluginConfigShellViewModel.cs(291,29): warning CS8625: 无法将 null 字面量转换为非 null 的引用类型。 [D:\C#\VM\VisionMaster\VisionMaster_ewt4mnr5_wpftmp.csproj]
D:\C#\VM\VisionMaster\ViewModels\DialogViewModels\PluginConfigShellViewModel.cs(313,46): warning CS8600: 将 null 文本或可能的 null 值转换为不可为 null 类型。 [D:\C#\VM\VisionMaster\VisionMaster_ewt4mnr5_wpftmp.csproj]
D:\C#\VM\VisionMaster\ViewModels\DialogViewModels\PluginConfigShellViewModel.cs(314,39): warning CS8600: 将 null 文本或可能的 null 值转换为不可为 null 类型。 [D:\C#\VM\VisionMaster\VisionMaster_ewt4mnr5_wpftmp.csproj]
D:\C#\VM\VisionMaster\ViewModels\DialogViewModels\PluginConfigShellViewModel.cs(315,35): warning CS8600: 将 null 文本或可能的 null 值转换为不可为 null 类型。 [D:\C#\VM\VisionMaster\VisionMaster_ewt4mnr5_wpftmp.csproj]
D:\C#\VM\VisionMaster\ViewModels\DialogViewModels\PluginConfigShellViewModel.cs(339,69): warning CS8604: “void PluginConfigShellViewModel.CompleteExecute(int runId, PluginExecuteResult result, FlowSession session, bool cancelled, Exception error)”中的形参“result”可能传入 null 引用实参。 [D:\C#\VM\VisionMaster\VisionMaster_ewt4mnr5_wpftmp.csproj]
D:\C#\VM\VisionMaster\ViewModels\DialogViewModels\PluginConfigShellViewModel.cs(339,77): warning CS8604: “void PluginConfigShellViewModel.CompleteExecute(int runId, PluginExecuteResult result, FlowSession session, bool cancelled, Exception error)”中的形参“session”可能传入 null 引用实参。 [D:\C#\VM\VisionMaster\VisionMaster_ewt4mnr5_wpftmp.csproj]
D:\C#\VM\VisionMaster\ViewModels\DialogViewModels\PluginConfigShellViewModel.cs(339,97): warning CS8604: “void PluginConfigShellViewModel.CompleteExecute(int runId, PluginExecuteResult result, FlowSession session, bool cancelled, Exception error)”中的形参“error”可能传入 null 引用实参。 [D:\C#\VM\VisionMaster\VisionMaster_ewt4mnr5_wpftmp.csproj]
D:\C#\VM\VisionMaster\ViewModels\DialogViewModels\GlobalVariableManagerViewModel.cs(966,25): warning CS8604: “void DialogArrayEditor.Load(IEnumerable<string?> values)”中的形参“values”可能传入 null 引用实参。 [D:\C#\VM\VisionMaster\VisionMaster_ewt4mnr5_wpftmp.csproj]
D:\C#\VM\VisionMaster\ViewModels\DialogViewModels\GlobalVariableManagerViewModel.cs(1113,40): warning CS8622: “void GlobalVariableManagerViewModel.OnVariableValueChanged(object sender, EventArgs e)”的参数“sender”类型中引用类型的为 Null 性与目标委托“EventHandler”不匹配(可能是由于为 Null 性特性)。 [D:\C#\VM\VisionMaster\VisionMaster_ewt4mnr5_wpftmp.csproj]
D:\C#\VM\VisionMaster\ShellViewModel.cs(591,29): warning CS0169: 从不使用字段“ShellViewModel._currentSession” [D:\C#\VM\VisionMaster\VisionMaster_ewt4mnr5_wpftmp.csproj]
D:\C#\VM\VisionMaster\ViewModels\DialogViewModels\VariableBindingViewModel.cs(512,62): warning CS8625: 无法将 null 字面量转换为非 null 的引用类型。 [D:\C#\VM\VisionMaster\VisionMaster.csproj]
D:\C#\VM\VisionMaster\Services\Camera\CameraProvider.cs(27,21): warning CS8618: 在退出构造函数时，不可为 null 的 属性 "DriverType" 必须包含非 null 值。请考虑添加 "required" 修饰符或将该 属性 声明为可为 null。 [D:\C#\VM\VisionMaster\VisionMaster.csproj]
D:\C#\VM\VisionMaster\Services\Camera\CameraProvider.cs(75,16): warning CS8618: 在退出构造函数时，不可为 null 的 字段 "_lastSyncedSolution" 必须包含非 null 值。请考虑添加 "required" 修饰符或将该 字段 声明为可为 null。 [D:\C#\VM\VisionMaster\VisionMaster.csproj]
D:\C#\VM\VisionMaster\Services\Camera\CameraProvider.cs(75,16): warning CS8618: 在退出构造函数时，不可为 null 的 事件 "DevicesChanged" 必须包含非 null 值。请考虑添加 "required" 修饰符或将该 事件 声明为可为 null。 [D:\C#\VM\VisionMaster\VisionMaster.csproj]
D:\C#\VM\VisionMaster\Services\Camera\NetworkCameraServer.cs(60,16): warning CS8618: 在退出构造函数时，不可为 null 的 字段 "_server" 必须包含非 null 值。请考虑添加 "required" 修饰符或将该 字段 声明为可为 null。 [D:\C#\VM\VisionMaster\VisionMaster.csproj]
D:\C#\VM\VisionMaster\Services\Camera\NetworkCameraServer.cs(60,16): warning CS8618: 在退出构造函数时，不可为 null 的 字段 "_config" 必须包含非 null 值。请考虑添加 "required" 修饰符或将该 字段 声明为可为 null。 [D:\C#\VM\VisionMaster\VisionMaster.csproj]
D:\C#\VM\VisionMaster\Services\Camera\NetworkCameraServer.cs(131,23): warning CS8625: 无法将 null 字面量转换为非 null 的引用类型。 [D:\C#\VM\VisionMaster\VisionMaster.csproj]
D:\C#\VM\VisionMaster\Services\Camera\CameraProvider.cs(196,20): warning CS8603: 可能返回 null 引用。 [D:\C#\VM\VisionMaster\VisionMaster.csproj]
D:\C#\VM\VisionMaster\Services\Camera\CameraProvider.cs(210,59): warning CS8601: 可能的 null 引用赋值。 [D:\C#\VM\VisionMaster\VisionMaster.csproj]
D:\C#\VM\VisionMaster\Services\Camera\CameraProvider.cs(219,22): warning CS8625: 无法将 null 字面量转换为非 null 的引用类型。 [D:\C#\VM\VisionMaster\VisionMaster.csproj]
D:\C#\VM\VisionMaster\Services\Camera\CameraProvider.cs(227,53): warning CS8601: 可能的 null 引用赋值。 [D:\C#\VM\VisionMaster\VisionMaster.csproj]
D:\C#\VM\VisionMaster\ShellViewModel.cs(77,43): warning CS8603: 可能返回 null 引用。 [D:\C#\VM\VisionMaster\VisionMaster.csproj]
D:\C#\VM\VisionMaster\ViewModels\ToolViewModel.cs(48,16): warning CS8618: 在退出构造函数时，不可为 null 的 字段 "searchText" 必须包含非 null 值。请考虑添加 "required" 修饰符或将该 字段 声明为可为 null。 [D:\C#\VM\VisionMaster\VisionMaster.csproj]
D:\C#\VM\VisionMaster\Services\Camera\CameraProvider.cs(304,32): warning CS8625: 无法将 null 字面量转换为非 null 的引用类型。 [D:\C#\VM\VisionMaster\VisionMaster.csproj]
D:\C#\VM\VisionMaster\Services\Camera\CameraProvider.cs(360,28): warning CS8604: “void CameraProvider.RememberSynced(SolutionModel solution, int count)”中的形参“solution”可能传入 null 引用实参。 [D:\C#\VM\VisionMaster\VisionMaster.csproj]
D:\C#\VM\VisionMaster\Services\FlowOutputCollector.cs(48,51): warning CS8604: “Dictionary<string, Guid> FlowOutputCollector.BuildStepNameIndex(FlowSession session)”中的形参“session”可能传入 null 引用实参。 [D:\C#\VM\VisionMaster\VisionMaster.csproj]
D:\C#\VM\VisionMaster\Services\HttpImageServer.cs(57,16): warning CS8618: 在退出构造函数时，不可为 null 的 字段 "_server" 必须包含非 null 值。请考虑添加 "required" 修饰符或将该 字段 声明为可为 null。 [D:\C#\VM\VisionMaster\VisionMaster.csproj]
D:\C#\VM\VisionMaster\Services\HttpImageServer.cs(57,16): warning CS8618: 在退出构造函数时，不可为 null 的 字段 "_config" 必须包含非 null 值。请考虑添加 "required" 修饰符或将该 字段 声明为可为 null。 [D:\C#\VM\VisionMaster\VisionMaster.csproj]
D:\C#\VM\VisionMaster\Views\ScadaRuntimeWindow.xaml.cs(41,23): warning CS8622: “void ScadaRuntimeWindow.OnWindowClosed(object sender, EventArgs e)”的参数“sender”类型中引用类型的为 Null 性与目标委托“EventHandler”不匹配(可能是由于为 Null 性特性)。 [D:\C#\VM\VisionMaster\VisionMaster.csproj]
D:\C#\VM\VisionMaster\Services\Camera\NetworkCameraServer.cs(261,22): warning CS8625: 无法将 null 字面量转换为非 null 的引用类型。 [D:\C#\VM\VisionMaster\VisionMaster.csproj]
D:\C#\VM\VisionMaster\Services\Camera\NetworkCameraServer.cs(262,20): warning CS8625: 无法将 null 字面量转换为非 null 的引用类型。 [D:\C#\VM\VisionMaster\VisionMaster.csproj]
D:\C#\VM\VisionMaster\Services\FlowOutputCollector.cs(114,77): warning CS8603: 可能返回 null 引用。 [D:\C#\VM\VisionMaster\VisionMaster.csproj]
D:\C#\VM\VisionMaster\Services\FlowOutputCollector.cs(115,20): warning CS8603: 可能返回 null 引用。 [D:\C#\VM\VisionMaster\VisionMaster.csproj]
D:\C#\VM\VisionMaster\Services\FlowOutputCollector.cs(127,31): warning CS8600: 将 null 文本或可能的 null 值转换为不可为 null 类型。 [D:\C#\VM\VisionMaster\VisionMaster.csproj]
D:\C#\VM\VisionMaster\Services\FlowOutputCollector.cs(137,62): warning CS8604: “object FlowOutputCollector.ToJsonValue(object value)”中的形参“value”可能传入 null 引用实参。 [D:\C#\VM\VisionMaster\VisionMaster.csproj]
D:\C#\VM\VisionMaster\Services\HttpImageServer.cs(140,23): warning CS8625: 无法将 null 字面量转换为非 null 的引用类型。 [D:\C#\VM\VisionMaster\VisionMaster.csproj]
D:\C#\VM\VisionMaster\Services\Camera\CameraProvider.cs(433,24): warning CS8603: 可能返回 null 引用。 [D:\C#\VM\VisionMaster\VisionMaster.csproj]
D:\C#\VM\VisionMaster\Services\Camera\CameraProvider.cs(444,28): warning CS8603: 可能返回 null 引用。 [D:\C#\VM\VisionMaster\VisionMaster.csproj]
D:\C#\VM\VisionMaster\Services\Camera\CameraProvider.cs(457,24): warning CS8603: 可能返回 null 引用。 [D:\C#\VM\VisionMaster\VisionMaster.csproj]
D:\C#\VM\VisionMaster\ShellViewModel.cs(334,55): warning CS8622: “void ShellViewModel.OnSessionStateChanged(object sender, SessionStateChangedEventArgs e)”的参数“sender”类型中引用类型的为 Null 性与目标委托“EventHandler<SessionStateChangedEventArgs>”不匹配(可能是由于为 Null 性特性)。 [D:\C#\VM\VisionMaster\VisionMaster.csproj]
D:\C#\VM\VisionMaster\ShellViewModel.cs(296,16): warning CS8618: 在退出构造函数时，不可为 null 的 字段 "_hitWindow" 必须包含非 null 值。请考虑添加 "required" 修饰符或将该 字段 声明为可为 null。 [D:\C#\VM\VisionMaster\VisionMaster.csproj]
D:\C#\VM\VisionMaster\ShellViewModel.cs(296,16): warning CS8618: 在退出构造函数时，不可为 null 的 字段 "_debugHitVm" 必须包含非 null 值。请考虑添加 "required" 修饰符或将该 字段 声明为可为 null。 [D:\C#\VM\VisionMaster\VisionMaster.csproj]
D:\C#\VM\VisionMaster\ShellViewModel.cs(296,16): warning CS8618: 在退出构造函数时，不可为 null 的 字段 "_hitTargetStep" 必须包含非 null 值。请考虑添加 "required" 修饰符或将该 字段 声明为可为 null。 [D:\C#\VM\VisionMaster\VisionMaster.csproj]
D:\C#\VM\VisionMaster\ShellViewModel.cs(296,16): warning CS8618: 在退出构造函数时，不可为 null 的 字段 "_cts" 必须包含非 null 值。请考虑添加 "required" 修饰符或将该 字段 声明为可为 null。 [D:\C#\VM\VisionMaster\VisionMaster.csproj]
D:\C#\VM\VisionMaster\ShellViewModel.cs(296,16): warning CS8618: 在退出构造函数时，不可为 null 的 字段 "_monitorTask" 必须包含非 null 值。请考虑添加 "required" 修饰符或将该 字段 声明为可为 null。 [D:\C#\VM\VisionMaster\VisionMaster.csproj]
D:\C#\VM\VisionMaster\ShellViewModel.cs(296,16): warning CS9264: 在退出构造函数时，不可为 null 的 属性 'HandleCountStr' 必须包含非 null 值。请考虑添加“required”修饰符，或将 属性 声明为可为 null，或安全地处理“get”访问器中“field”为 null 的情况。 [D:\C#\VM\VisionMaster\VisionMaster.csproj]
D:\C#\VM\VisionMaster\ShellViewModel.cs(296,16): warning CS9264: 在退出构造函数时，不可为 null 的 属性 'ThreadCountStr' 必须包含非 null 值。请考虑添加“required”修饰符，或将 属性 声明为可为 null，或安全地处理“get”访问器中“field”为 null 的情况。 [D:\C#\VM\VisionMaster\VisionMaster.csproj]
D:\C#\VM\VisionMaster\ShellViewModel.cs(296,16): warning CS9264: 在退出构造函数时，不可为 null 的 属性 'CpuUsageStr' 必须包含非 null 值。请考虑添加“required”修饰符，或将 属性 声明为可为 null，或安全地处理“get”访问器中“field”为 null 的情况。 [D:\C#\VM\VisionMaster\VisionMaster.csproj]
D:\C#\VM\VisionMaster\ShellViewModel.cs(296,16): warning CS9264: 在退出构造函数时，不可为 null 的 属性 'MemoryUsageStr' 必须包含非 null 值。请考虑添加“required”修饰符，或将 属性 声明为可为 null，或安全地处理“get”访问器中“field”为 null 的情况。 [D:\C#\VM\VisionMaster\VisionMaster.csproj]
D:\C#\VM\VisionMaster\ShellViewModel.cs(296,16): warning CS9264: 在退出构造函数时，不可为 null 的 属性 'CurrentTimeText' 必须包含非 null 值。请考虑添加“required”修饰符，或将 属性 声明为可为 null，或安全地处理“get”访问器中“field”为 null 的情况。 [D:\C#\VM\VisionMaster\VisionMaster.csproj]
D:\C#\VM\VisionMaster\ShellViewModel.cs(296,16): warning CS8618: 在退出构造函数时，不可为 null 的 字段 "_currentSession" 必须包含非 null 值。请考虑添加 "required" 修饰符或将该 字段 声明为可为 null。 [D:\C#\VM\VisionMaster\VisionMaster.csproj]
D:\C#\VM\VisionMaster\Services\FlowOutputCollector.cs(165,28): warning CS8603: 可能返回 null 引用。 [D:\C#\VM\VisionMaster\VisionMaster.csproj]
D:\C#\VM\VisionMaster\Services\FlowOutputCollector.cs(230,28): warning CS8603: 可能返回 null 引用。 [D:\C#\VM\VisionMaster\VisionMaster.csproj]
D:\C#\VM\VisionMaster\ViewModels\CanvasLinkViewModel.cs(21,16): warning CS8618: 在退出构造函数时，不可为 null 的 属性 "UnbindCommand" 必须包含非 null 值。请考虑添加 "required" 修饰符或将该 属性 声明为可为 null。 [D:\C#\VM\VisionMaster\VisionMaster.csproj]
D:\C#\VM\VisionMaster\Services\LayoutHelper.cs(88,20): warning CS8603: 可能返回 null 引用。 [D:\C#\VM\VisionMaster\VisionMaster.csproj]
D:\C#\VM\VisionMaster\Services\HttpImageServer.cs(241,42): warning CS8604: “object HttpImageServer.Fail(ApiRequest req, int statusCode, string message)”中的形参“message”可能传入 null 引用实参。 [D:\C#\VM\VisionMaster\VisionMaster.csproj]
D:\C#\VM\VisionMaster\Services\HttpImageServer.cs(329,39): warning CS8603: 可能返回 null 引用。 [D:\C#\VM\VisionMaster\VisionMaster.csproj]
D:\C#\VM\VisionMaster\Services\HttpImageServer.cs(333,20): warning CS8603: 可能返回 null 引用。 [D:\C#\VM\VisionMaster\VisionMaster.csproj]
D:\C#\VM\VisionMaster\Services\LayoutHelper.cs(157,45): warning CS8603: 可能返回 null 引用。 [D:\C#\VM\VisionMaster\VisionMaster.csproj]
D:\C#\VM\VisionMaster\Services\LayoutHelper.cs(172,24): warning CS8603: 可能返回 null 引用。 [D:\C#\VM\VisionMaster\VisionMaster.csproj]
D:\C#\VM\VisionMaster\Services\LayoutHelper.cs(275,26): warning CS8625: 无法将 null 字面量转换为非 null 的引用类型。 [D:\C#\VM\VisionMaster\VisionMaster.csproj]
D:\C#\VM\VisionMaster\Services\ImageCollectionService.cs(304,17): warning CS8602: 解引用可能出现空引用。 [D:\C#\VM\VisionMaster\VisionMaster.csproj]
D:\C#\VM\VisionMaster\Services\LayoutHelper.cs(329,57): warning CS8603: 可能返回 null 引用。 [D:\C#\VM\VisionMaster\VisionMaster.csproj]
D:\C#\VM\VisionMaster\Services\LayoutHelper.cs(332,41): warning CS8603: 可能返回 null 引用。 [D:\C#\VM\VisionMaster\VisionMaster.csproj]
D:\C#\VM\VisionMaster\Services\LayoutHelper.cs(334,20): warning CS8603: 可能返回 null 引用。 [D:\C#\VM\VisionMaster\VisionMaster.csproj]
D:\C#\VM\VisionMaster\Services\LayoutHelper.cs(422,50): warning CS8604: “bool Dictionary<string, Func<object>>.TryGetValue(string key, out Func<object> value)”中的形参“key”可能传入 null 引用实参。 [D:\C#\VM\VisionMaster\VisionMaster.csproj]
D:\C#\VM\VisionMaster\Services\LayoutHelper.cs(439,32): warning CS8600: 将 null 文本或可能的 null 值转换为不可为 null 类型。 [D:\C#\VM\VisionMaster\VisionMaster.csproj]
D:\C#\VM\VisionMaster\Views\DialogViews\ConditionEditorView.xaml.cs(52,41): warning CS8622: “void ConditionEditorView.Vm_BranchChanged(object sender, StepCollection e)”的参数“sender”类型中引用类型的为 Null 性与目标委托“EventHandler<StepCollection>”不匹配(可能是由于为 Null 性特性)。 [D:\C#\VM\VisionMaster\VisionMaster.csproj]
D:\C#\VM\VisionMaster\Views\DialogViews\ConditionEditorView.xaml.cs(53,41): warning CS8622: “void ConditionEditorView.Vm_BranchChanged(object sender, StepCollection e)”的参数“sender”类型中引用类型的为 Null 性与目标委托“EventHandler<StepCollection>”不匹配(可能是由于为 Null 性特性)。 [D:\C#\VM\VisionMaster\VisionMaster.csproj]
D:\C#\VM\VisionMaster\Views\DialogViews\ConditionEditorView.xaml.cs(55,55): warning CS8622: “void ConditionEditorView.Variables_CollectionChanged(object sender, NotifyCollectionChangedEventArgs e)”的参数“sender”类型中引用类型的为 Null 性与目标委托“NotifyCollectionChangedEventHandler”不匹配(可能是由于为 Null 性特性)。 [D:\C#\VM\VisionMaster\VisionMaster.csproj]
D:\C#\VM\VisionMaster\Views\DialogViews\ConditionEditorView.xaml.cs(56,55): warning CS8622: “void ConditionEditorView.Variables_CollectionChanged(object sender, NotifyCollectionChangedEventArgs e)”的参数“sender”类型中引用类型的为 Null 性与目标委托“NotifyCollectionChangedEventHandler”不匹配(可能是由于为 Null 性特性)。 [D:\C#\VM\VisionMaster\VisionMaster.csproj]
D:\C#\VM\VisionMaster\Views\DialogViews\ConditionEditorView.xaml.cs(36,16): warning CS8618: 在退出构造函数时，不可为 null 的 字段 "_completionWindow" 必须包含非 null 值。请考虑添加 "required" 修饰符或将该 字段 声明为可为 null。 [D:\C#\VM\VisionMaster\VisionMaster.csproj]
D:\C#\VM\VisionMaster\ShellViewModel.cs(915,42): warning CS8602: 解引用可能出现空引用。 [D:\C#\VM\VisionMaster\VisionMaster.csproj]
D:\C#\VM\VisionMaster\Views\DialogViews\ConditionEditorView.xaml.cs(178,76): warning CS8625: 无法将 null 字面量转换为非 null 的引用类型。 [D:\C#\VM\VisionMaster\VisionMaster.csproj]
D:\C#\VM\VisionMaster\Views\DialogViews\ConditionEditorView.xaml.cs(182,37): warning CS8625: 无法将 null 字面量转换为非 null 的引用类型。 [D:\C#\VM\VisionMaster\VisionMaster.csproj]
D:\C#\VM\VisionMaster\Views\DialogViews\ConditionEditorView.xaml.cs(191,40): warning CS8622: “void ConditionEditorView.Vm_BranchChanged(object sender, StepCollection e)”的参数“sender”类型中引用类型的为 Null 性与目标委托“EventHandler<StepCollection>”不匹配(可能是由于为 Null 性特性)。 [D:\C#\VM\VisionMaster\VisionMaster.csproj]
D:\C#\VM\VisionMaster\Views\DialogViews\ConditionEditorView.xaml.cs(192,54): warning CS8622: “void ConditionEditorView.Variables_CollectionChanged(object sender, NotifyCollectionChangedEventArgs e)”的参数“sender”类型中引用类型的为 Null 性与目标委托“NotifyCollectionChangedEventHandler”不匹配(可能是由于为 Null 性特性)。 [D:\C#\VM\VisionMaster\VisionMaster.csproj]
D:\C#\VM\VisionMaster\Views\DialogViews\ConditionEditorView.xaml.cs(198,40): warning CS8622: “void ConditionEditorView.Vm_BranchChanged(object sender, StepCollection e)”的参数“sender”类型中引用类型的为 Null 性与目标委托“EventHandler<StepCollection>”不匹配(可能是由于为 Null 性特性)。 [D:\C#\VM\VisionMaster\VisionMaster.csproj]
D:\C#\VM\VisionMaster\Views\DialogViews\ConditionEditorView.xaml.cs(199,54): warning CS8622: “void ConditionEditorView.Variables_CollectionChanged(object sender, NotifyCollectionChangedEventArgs e)”的参数“sender”类型中引用类型的为 Null 性与目标委托“NotifyCollectionChangedEventHandler”不匹配(可能是由于为 Null 性特性)。 [D:\C#\VM\VisionMaster\VisionMaster.csproj]
D:\C#\VM\VisionMaster\Views\DialogViews\ConditionEditorView.xaml.cs(218,46): warning CS8622: “void ConditionEditorView.VariableItem_PropertyChanged(object sender, PropertyChangedEventArgs e)”的参数“sender”类型中引用类型的为 Null 性与目标委托“PropertyChangedEventHandler”不匹配(可能是由于为 Null 性特性)。 [D:\C#\VM\VisionMaster\VisionMaster.csproj]
D:\C#\VM\VisionMaster\Views\DialogViews\ConditionEditorView.xaml.cs(219,46): warning CS8622: “void ConditionEditorView.VariableItem_PropertyChanged(object sender, PropertyChangedEventArgs e)”的参数“sender”类型中引用类型的为 Null 性与目标委托“PropertyChangedEventHandler”不匹配(可能是由于为 Null 性特性)。 [D:\C#\VM\VisionMaster\VisionMaster.csproj]
D:\C#\VM\VisionMaster\Services\NetworkVariableBridge.cs(110,29): warning CS8601: 可能的 null 引用赋值。 [D:\C#\VM\VisionMaster\VisionMaster.csproj]
D:\C#\VM\VisionMaster\Views\DialogViews\ConditionEditorView.xaml.cs(355,58): warning CS8603: 可能返回 null 引用。 [D:\C#\VM\VisionMaster\VisionMaster.csproj]
D:\C#\VM\VisionMaster\ShellViewModel.cs(1359,39): warning CS8603: 可能返回 null 引用。 [D:\C#\VM\VisionMaster\VisionMaster.csproj]
D:\C#\VM\VisionMaster\ShellViewModel.cs(1367,20): warning CS8603: 可能返回 null 引用。 [D:\C#\VM\VisionMaster\VisionMaster.csproj]
D:\C#\VM\VisionMaster\Views\ProcessView.xaml.cs(72,28): warning CS8603: 可能返回 null 引用。 [D:\C#\VM\VisionMaster\VisionMaster.csproj]
D:\C#\VM\VisionMaster\Views\ProcessView.xaml.cs(77,20): warning CS8603: 可能返回 null 引用。 [D:\C#\VM\VisionMaster\VisionMaster.csproj]
D:\C#\VM\VisionMaster\ShellViewModel.cs(1372,39): warning CS8603: 可能返回 null 引用。 [D:\C#\VM\VisionMaster\VisionMaster.csproj]
D:\C#\VM\VisionMaster\ShellViewModel.cs(1383,56): warning CS8604: “StepModel ShellViewModel.FindDebugStoppedStep(IEnumerable<StepModel> steps)”中的形参“steps”可能传入 null 引用实参。 [D:\C#\VM\VisionMaster\VisionMaster.csproj]
D:\C#\VM\VisionMaster\ShellViewModel.cs(1389,20): warning CS8603: 可能返回 null 引用。 [D:\C#\VM\VisionMaster\VisionMaster.csproj]
D:\C#\VM\VisionMaster\ViewModels\DialogViewModels\VariableBindingViewModel.cs(67,38): warning CS8625: 无法将 null 字面量转换为非 null 的引用类型。 [D:\C#\VM\VisionMaster\VisionMaster.csproj]
D:\C#\VM\VisionMaster\ViewModels\DebugHitViewModel.cs(70,16): warning CS9264: 在退出构造函数时，不可为 null 的 属性 'Header' 必须包含非 null 值。请考虑添加“required”修饰符，或将 属性 声明为可为 null，或安全地处理“get”访问器中“field”为 null 的情况。 [D:\C#\VM\VisionMaster\VisionMaster.csproj]
D:\C#\VM\VisionMaster\ViewModels\DebugHitViewModel.cs(70,16): warning CS9264: 在退出构造函数时，不可为 null 的 属性 'FlowName' 必须包含非 null 值。请考虑添加“required”修饰符，或将 属性 声明为可为 null，或安全地处理“get”访问器中“field”为 null 的情况。 [D:\C#\VM\VisionMaster\VisionMaster.csproj]
D:\C#\VM\VisionMaster\ViewModels\DebugHitViewModel.cs(70,16): warning CS9264: 在退出构造函数时，不可为 null 的 属性 'StepName' 必须包含非 null 值。请考虑添加“required”修饰符，或将 属性 声明为可为 null，或安全地处理“get”访问器中“field”为 null 的情况。 [D:\C#\VM\VisionMaster\VisionMaster.csproj]
D:\C#\VM\VisionMaster\ViewModels\DialogViewModels\SolutionListViewModel.cs(87,16): warning CS8618: 在退出构造函数时，不可为 null 的 字段 "_selectedSolution" 必须包含非 null 值。请考虑添加 "required" 修饰符或将该 字段 声明为可为 null。 [D:\C#\VM\VisionMaster\VisionMaster.csproj]
D:\C#\VM\VisionMaster\ViewModels\DialogViewModels\VariableBindingViewModel.cs(201,16): warning CS8618: 在退出构造函数时，不可为 null 的 字段 "_lastBoundPort" 必须包含非 null 值。请考虑添加 "required" 修饰符或将该 字段 声明为可为 null。 [D:\C#\VM\VisionMaster\VisionMaster.csproj]
D:\C#\VM\VisionMaster\ViewModels\DialogViewModels\VariableBindingViewModel.cs(201,16): warning CS8618: 在退出构造函数时，不可为 null 的 字段 "_lastBoundLink" 必须包含非 null 值。请考虑添加 "required" 修饰符或将该 字段 声明为可为 null。 [D:\C#\VM\VisionMaster\VisionMaster.csproj]
D:\C#\VM\VisionMaster\ViewModels\DialogViewModels\VariableBindingViewModel.cs(201,16): warning CS8618: 在退出构造函数时，不可为 null 的 字段 "_targetStep" 必须包含非 null 值。请考虑添加 "required" 修饰符或将该 字段 声明为可为 null。 [D:\C#\VM\VisionMaster\VisionMaster.csproj]
D:\C#\VM\VisionMaster\ViewModels\DialogViewModels\VariableBindingViewModel.cs(201,16): warning CS8618: 在退出构造函数时，不可为 null 的 字段 "_constantValue" 必须包含非 null 值。请考虑添加 "required" 修饰符或将该 字段 声明为可为 null。 [D:\C#\VM\VisionMaster\VisionMaster.csproj]
D:\C#\VM\VisionMaster\ViewModels\DialogViewModels\VariableBindingViewModel.cs(201,16): warning CS8618: 在退出构造函数时，不可为 null 的 字段 "_selectedInputPort" 必须包含非 null 值。请考虑添加 "required" 修饰符或将该 字段 声明为可为 null。 [D:\C#\VM\VisionMaster\VisionMaster.csproj]
D:\C#\VM\VisionMaster\ViewModels\DialogViewModels\VariableBindingViewModel.cs(201,16): warning CS8618: 在退出构造函数时，不可为 null 的 字段 "_selectedOutputPort" 必须包含非 null 值。请考虑添加 "required" 修饰符或将该 字段 声明为可为 null。 [D:\C#\VM\VisionMaster\VisionMaster.csproj]
D:\C#\VM\VisionMaster\ViewModels\DialogViewModels\VariableBindingViewModel.cs(201,16): warning CS8618: 在退出构造函数时，不可为 null 的 字段 "_selectedNode" 必须包含非 null 值。请考虑添加 "required" 修饰符或将该 字段 声明为可为 null。 [D:\C#\VM\VisionMaster\VisionMaster.csproj]
D:\C#\VM\VisionMaster\ViewModels\DialogViewModels\VariableBindingViewModel.cs(260,33): warning CS8601: 可能的 null 引用赋值。 [D:\C#\VM\VisionMaster\VisionMaster.csproj]
D:\C#\VM\VisionMaster\Services\StepParameterDialog.cs(53,41): warning CS8600: 将 null 文本或可能的 null 值转换为不可为 null 类型。 [D:\C#\VM\VisionMaster\VisionMaster.csproj]
D:\C#\VM\VisionMaster\Services\StepParameterDialog.cs(64,51): warning CS8604: “AutoPortConfigView.AutoPortConfigView(IVisionPlugin plugin)”中的形参“plugin”可能传入 null 引用实参。 [D:\C#\VM\VisionMaster\VisionMaster.csproj]
D:\C#\VM\VisionMaster\ViewModels\FlowListViewModel.cs(66,16): warning CS9264: 在退出构造函数时，不可为 null 的 属性 'SelectFlow' 必须包含非 null 值。请考虑添加“required”修饰符，或将 属性 声明为可为 null，或安全地处理“get”访问器中“field”为 null 的情况。 [D:\C#\VM\VisionMaster\VisionMaster.csproj]
D:\C#\VM\VisionMaster\ViewModels\MonitorViewModel.cs(24,23): warning CS8618: 在退出构造函数时，不可为 null 的 属性 "DisplayText" 必须包含非 null 值。请考虑添加 "required" 修饰符或将该 属性 声明为可为 null。 [D:\C#\VM\VisionMaster\VisionMaster.csproj]
D:\C#\VM\VisionMaster\ViewModels\MonitorViewModel.cs(26,23): warning CS8618: 在退出构造函数时，不可为 null 的 属性 "StepName" 必须包含非 null 值。请考虑添加 "required" 修饰符或将该 属性 声明为可为 null。 [D:\C#\VM\VisionMaster\VisionMaster.csproj]
D:\C#\VM\VisionMaster\ViewModels\MonitorViewModel.cs(27,23): warning CS8618: 在退出构造函数时，不可为 null 的 属性 "PortName" 必须包含非 null 值。请考虑添加 "required" 修饰符或将该 属性 声明为可为 null。 [D:\C#\VM\VisionMaster\VisionMaster.csproj]
D:\C#\VM\VisionMaster\ViewModels\MonitorViewModel.cs(30,23): warning CS8618: 在退出构造函数时，不可为 null 的 属性 "VariableName" 必须包含非 null 值。请考虑添加 "required" 修饰符或将该 属性 声明为可为 null。 [D:\C#\VM\VisionMaster\VisionMaster.csproj]
D:\C#\VM\VisionMaster\Services\StepParameterDialog.cs(88,24): warning CS8603: 可能返回 null 引用。 [D:\C#\VM\VisionMaster\VisionMaster.csproj]
D:\C#\VM\VisionMaster\Services\StepParameterDialog.cs(94,28): warning CS8603: 可能返回 null 引用。 [D:\C#\VM\VisionMaster\VisionMaster.csproj]
D:\C#\VM\VisionMaster\Services\StepParameterDialog.cs(101,24): warning CS8603: 可能返回 null 引用。 [D:\C#\VM\VisionMaster\VisionMaster.csproj]
D:\C#\VM\VisionMaster\Services\StepParameterDialog.cs(105,24): warning CS8603: 可能返回 null 引用。 [D:\C#\VM\VisionMaster\VisionMaster.csproj]
D:\C#\VM\VisionMaster\ViewModels\MonitorViewModel.cs(117,61): warning CS8622: “void MonitorViewModel.OnGlobalVariablesChanged(object sender, NotifyCollectionChangedEventArgs e)”的参数“sender”类型中引用类型的为 Null 性与目标委托“NotifyCollectionChangedEventHandler”不匹配(可能是由于为 Null 性特性)。 [D:\C#\VM\VisionMaster\VisionMaster.csproj]
D:\C#\VM\VisionMaster\ViewModels\MonitorViewModel.cs(123,60): warning CS8622: “void MonitorViewModel.OnVariableRenamed(object sender, VariableRenamedEventArgs e)”的参数“sender”类型中引用类型的为 Null 性与目标委托“EventHandler<VariableRenamedEventArgs>”不匹配(可能是由于为 Null 性特性)。 [D:\C#\VM\VisionMaster\VisionMaster.csproj]
D:\C#\VM\VisionMaster\ViewModels\MonitorViewModel.cs(131,50): warning CS8622: “void MonitorViewModel.OnWorkspacePropertyChanged(object sender, PropertyChangedEventArgs e)”的参数“sender”类型中引用类型的为 Null 性与目标委托“PropertyChangedEventHandler”不匹配(可能是由于为 Null 性特性)。 [D:\C#\VM\VisionMaster\VisionMaster.csproj]
D:\C#\VM\VisionMaster\ViewModels\MonitorViewModel.cs(138,65): warning CS8622: “void MonitorViewModel.OnSessionsChanged(object sender, NotifyCollectionChangedEventArgs e)”的参数“sender”类型中引用类型的为 Null 性与目标委托“NotifyCollectionChangedEventHandler”不匹配(可能是由于为 Null 性特性)。 [D:\C#\VM\VisionMaster\VisionMaster.csproj]
D:\C#\VM\VisionMaster\ViewModels\MonitorViewModel.cs(100,16): warning CS8618: 在退出构造函数时，不可为 null 的 字段 "_searchText" 必须包含非 null 值。请考虑添加 "required" 修饰符或将该 字段 声明为可为 null。 [D:\C#\VM\VisionMaster\VisionMaster.csproj]
D:\C#\VM\VisionMaster\ViewModels\MonitorViewModel.cs(100,16): warning CS8618: 在退出构造函数时，不可为 null 的 字段 "_selectedSuggestion" 必须包含非 null 值。请考虑添加 "required" 修饰符或将该 字段 声明为可为 null。 [D:\C#\VM\VisionMaster\VisionMaster.csproj]
D:\C#\VM\VisionMaster\ViewModels\MonitorViewModel.cs(100,16): warning CS8618: 在退出构造函数时，不可为 null 的 字段 "_subscribedWatchItems" 必须包含非 null 值。请考虑添加 "required" 修饰符或将该 字段 声明为可为 null。 [D:\C#\VM\VisionMaster\VisionMaster.csproj]
D:\C#\VM\VisionMaster\ViewModels\DialogViewModels\SolutionListViewModel.cs(215,32): warning CS8601: 可能的 null 引用赋值。 [D:\C#\VM\VisionMaster\VisionMaster.csproj]
D:\C#\VM\VisionMaster\ViewModels\MonitorViewModel.cs(184,64): warning CS8622: “void MonitorViewModel.OnWatchItemsChanged(object sender, NotifyCollectionChangedEventArgs e)”的参数“sender”类型中引用类型的为 Null 性与目标委托“NotifyCollectionChangedEventHandler”不匹配(可能是由于为 Null 性特性)。 [D:\C#\VM\VisionMaster\VisionMaster.csproj]
D:\C#\VM\VisionMaster\ViewModels\MonitorViewModel.cs(185,45): warning CS8625: 无法将 null 字面量转换为非 null 的引用类型。 [D:\C#\VM\VisionMaster\VisionMaster.csproj]
D:\C#\VM\VisionMaster\ViewModels\MonitorViewModel.cs(196,60): warning CS8622: “void MonitorViewModel.OnWatchItemsChanged(object sender, NotifyCollectionChangedEventArgs e)”的参数“sender”类型中引用类型的为 Null 性与目标委托“NotifyCollectionChangedEventHandler”不匹配(可能是由于为 Null 性特性)。 [D:\C#\VM\VisionMaster\VisionMaster.csproj]
D:\C#\VM\VisionMaster\ViewModels\MonitorViewModel.cs(198,56): warning CS8622: “void MonitorViewModel.OnWatchItemsChanged(object sender, NotifyCollectionChangedEventArgs e)”的参数“sender”类型中引用类型的为 Null 性与目标委托“NotifyCollectionChangedEventHandler”不匹配(可能是由于为 Null 性特性)。 [D:\C#\VM\VisionMaster\VisionMaster.csproj]
D:\C#\VM\VisionMaster\Services\ScadaVariablePicker.cs(40,35): warning CS8604: “void ParametersBase.Add(string key, object value)”中的形参“value”可能传入 null 引用实参。 [D:\C#\VM\VisionMaster\VisionMaster.csproj]
D:\C#\VM\VisionMaster\ViewModels\DialogViewModels\VariableBindingViewModel.cs(538,62): warning CS8604: “InputPortUIModel.InputPortUIModel(PortDefinition schema, string linkedAddress)”中的形参“linkedAddress”可能传入 null 引用实参。 [D:\C#\VM\VisionMaster\VisionMaster.csproj]
D:\C#\VM\VisionMaster\ViewModels\DialogViewModels\VariableBindingViewModel.cs(604,17): warning CS8601: 可能的 null 引用赋值。 [D:\C#\VM\VisionMaster\VisionMaster.csproj]
D:\C#\VM\VisionMaster\ViewModels\DialogViewModels\VariableBindingViewModel.cs(610,23): warning CS8604: “void VariableBindingViewModel.BuildTree(IDialogParameters parameters = null)”中的形参“parameters”可能传入 null 引用实参。 [D:\C#\VM\VisionMaster\VisionMaster.csproj]
D:\C#\VM\VisionMaster\ViewModels\DialogViewModels\VariableBindingViewModel.cs(615,28): warning CS8618: 在退出构造函数时，不可为 null 的 字段 "_option" 必须包含非 null 值。请考虑添加 "required" 修饰符或将该 字段 声明为可为 null。 [D:\C#\VM\VisionMaster\VisionMaster.csproj]
D:\C#\VM\VisionMaster\ViewModels\MonitorViewModel.cs(320,173): warning CS8625: 无法将 null 字面量转换为非 null 的引用类型。 [D:\C#\VM\VisionMaster\VisionMaster.csproj]
D:\C#\VM\VisionMaster\ViewModels\ProcessViewModel.cs(57,44): warning CS8601: 可能的 null 引用赋值。 [D:\C#\VM\VisionMaster\VisionMaster.csproj]
D:\C#\VM\VisionMaster\ViewModels\ProcessViewModel.cs(64,42): warning CS8604: “void IWorkspaceManager.SwitchStep(StepModel step)”中的形参“step”可能传入 null 引用实参。 [D:\C#\VM\VisionMaster\VisionMaster.csproj]
D:\C#\VM\VisionMaster\ViewModels\ProcessViewModel.cs(91,16): warning CS9264: 在退出构造函数时，不可为 null 的 属性 'SelectStep' 必须包含非 null 值。请考虑添加“required”修饰符，或将 属性 声明为可为 null，或安全地处理“get”访问器中“field”为 null 的情况。 [D:\C#\VM\VisionMaster\VisionMaster.csproj]
D:\C#\VM\VisionMaster\ViewModels\ProcessViewModel.cs(91,16): warning CS8618: 在退出构造函数时，不可为 null 的 字段 "CurrentSelectedStepModel" 必须包含非 null 值。请考虑添加 "required" 修饰符或将该 字段 声明为可为 null。 [D:\C#\VM\VisionMaster\VisionMaster.csproj]
D:\C#\VM\VisionMaster\ViewModels\ProcessViewModel.cs(129,54): warning CS8622: “void ProcessViewModel.OnWorkspacePropertyChanged(object sender, PropertyChangedEventArgs e)”的参数“sender”类型中引用类型的为 Null 性与目标委托“PropertyChangedEventHandler”不匹配(可能是由于为 Null 性特性)。 [D:\C#\VM\VisionMaster\VisionMaster.csproj]
D:\C#\VM\VisionMaster\ViewModels\ProcessViewModel.cs(149,54): warning CS8622: “void ProcessViewModel.OnWorkspacePropertyChanged(object sender, PropertyChangedEventArgs e)”的参数“sender”类型中引用类型的为 Null 性与目标委托“PropertyChangedEventHandler”不匹配(可能是由于为 Null 性特性)。 [D:\C#\VM\VisionMaster\VisionMaster.csproj]
D:\C#\VM\VisionMaster\ViewModels\ProcessViewModel.cs(155,33): warning CS8604: “void ProcessViewModel.TickRunningTimes(IEnumerable<StepModel> steps)”中的形参“steps”可能传入 null 引用实参。 [D:\C#\VM\VisionMaster\VisionMaster.csproj]
D:\C#\VM\VisionMaster\ViewModels\FlowListViewModel.cs(149,48): warning CS8604: “int Collection<FlowModel>.IndexOf(FlowModel item)”中的形参“item”可能传入 null 引用实参。 [D:\C#\VM\VisionMaster\VisionMaster.csproj]
D:\C#\VM\VisionMaster\ViewModels\FlowListViewModel.cs(153,52): warning CS8604: “bool MandatoryFlows.IsMandatory(FlowModel flow)”中的形参“flow”可能传入 null 引用实参。 [D:\C#\VM\VisionMaster\VisionMaster.csproj]
D:\C#\VM\VisionMaster\ViewModels\FlowListViewModel.cs(171,25): warning CS8602: 解引用可能出现空引用。 [D:\C#\VM\VisionMaster\VisionMaster.csproj]
D:\C#\VM\VisionMaster\ViewModels\FlowListViewModel.cs(206,79): warning CS8602: 解引用可能出现空引用。 [D:\C#\VM\VisionMaster\VisionMaster.csproj]
D:\C#\VM\VisionMaster\ViewModels\ProcessViewModel.cs(217,41): warning CS8604: “void ParametersBase.Add(string key, object value)”中的形参“value”可能传入 null 引用实参。 [D:\C#\VM\VisionMaster\VisionMaster.csproj]
D:\C#\VM\VisionMaster\ViewModels\FlowListViewModel.cs(268,28): warning CS1998: This async method lacks 'await' operators and will run synchronously. Consider using the 'await' operator to await non-blocking API calls, or 'await Task.Run(...)' to do CPU-bound work on a background thread. [D:\C#\VM\VisionMaster\VisionMaster.csproj]
D:\C#\VM\VisionMaster\ViewModels\ProcessViewModel.cs(308,52): warning CS8625: 无法将 null 字面量转换为非 null 的引用类型。 [D:\C#\VM\VisionMaster\VisionMaster.csproj]
D:\C#\VM\VisionMaster\ViewModels\ProcessViewModel.cs(452,32): warning CS8600: 将 null 文本或可能的 null 值转换为不可为 null 类型。 [D:\C#\VM\VisionMaster\VisionMaster.csproj]
D:\C#\VM\VisionMaster\ViewModels\ProcessViewModel.cs(492,37): warning CS8600: 将 null 文本或可能的 null 值转换为不可为 null 类型。 [D:\C#\VM\VisionMaster\VisionMaster.csproj]
D:\C#\VM\VisionMaster\ViewModels\ProcessViewModel.cs(528,36): warning CS8600: 将 null 文本或可能的 null 值转换为不可为 null 类型。 [D:\C#\VM\VisionMaster\VisionMaster.csproj]
D:\C#\VM\VisionMaster\ViewModels\MonitorViewModel.cs(538,78): warning CS8625: 无法将 null 字面量转换为非 null 的引用类型。 [D:\C#\VM\VisionMaster\VisionMaster.csproj]
D:\C#\VM\VisionMaster\ViewModels\MonitorViewModel.cs(551,69): warning CS8625: 无法将 null 字面量转换为非 null 的引用类型。 [D:\C#\VM\VisionMaster\VisionMaster.csproj]
D:\C#\VM\VisionMaster\ViewModels\MonitorViewModel.cs(577,107): warning CS8625: 无法将 null 字面量转换为非 null 的引用类型。 [D:\C#\VM\VisionMaster\VisionMaster.csproj]
D:\C#\VM\VisionMaster\ViewModels\DialogViewModels\ConditionEditorViewModel .cs(469,32): warning CS8603: 可能返回 null 引用。 [D:\C#\VM\VisionMaster\VisionMaster.csproj]
D:\C#\VM\VisionMaster\ViewModels\DialogViewModels\ConditionEditorViewModel .cs(475,61): warning CS8603: 可能返回 null 引用。 [D:\C#\VM\VisionMaster\VisionMaster.csproj]
D:\C#\VM\VisionMaster\ViewModels\DialogViewModels\ConditionEditorViewModel .cs(477,32): warning CS8600: 将 null 文本或可能的 null 值转换为不可为 null 类型。 [D:\C#\VM\VisionMaster\VisionMaster.csproj]
D:\C#\VM\VisionMaster\ViewModels\DialogViewModels\ConditionEditorViewModel .cs(479,28): warning CS8603: 可能返回 null 引用。 [D:\C#\VM\VisionMaster\VisionMaster.csproj]
D:\C#\VM\VisionMaster\ViewModels\DialogViewModels\ConditionEditorViewModel .cs(484,24): warning CS8603: 可能返回 null 引用。 [D:\C#\VM\VisionMaster\VisionMaster.csproj]
D:\C#\VM\VisionMaster\ViewModels\DialogViewModels\ConditionEditorViewModel .cs(447,35): warning CS8618: 在退出构造函数时，不可为 null 的 属性 "DuplicateChecker" 必须包含非 null 值。请考虑添加 "required" 修饰符或将该 属性 声明为可为 null。 [D:\C#\VM\VisionMaster\VisionMaster.csproj]
D:\C#\VM\VisionMaster\ViewModels\DialogViewModels\ConditionEditorViewModel .cs(451,23): warning CS9264: 在退出构造函数时，不可为 null 的 属性 'AliasName' 必须包含非 null 值。请考虑添加“required”修饰符，或将 属性 声明为可为 null，或安全地处理“get”访问器中“field”为 null 的情况。 [D:\C#\VM\VisionMaster\VisionMaster.csproj]
D:\C#\VM\VisionMaster\ViewModels\DialogViewModels\ConditionEditorViewModel .cs(461,23): warning CS9264: 在退出构造函数时，不可为 null 的 属性 'SourceAddress' 必须包含非 null 值。请考虑添加“required”修饰符，或将 属性 声明为可为 null，或安全地处理“get”访问器中“field”为 null 的情况。 [D:\C#\VM\VisionMaster\VisionMaster.csproj]
D:\C#\VM\VisionMaster\ViewModels\DialogViewModels\ConditionEditorViewModel .cs(462,30): warning CS8618: 在退出构造函数时，不可为 null 的 属性 "OriginalLink" 必须包含非 null 值。请考虑添加 "required" 修饰符或将该 属性 声明为可为 null。 [D:\C#\VM\VisionMaster\VisionMaster.csproj]
D:\C#\VM\VisionMaster\ViewModels\DialogViewModels\FlowManagerViewModel.cs(98,43): warning CS8622: “void FlowManagerViewModel.OnWorkspacePropertyChanged(object sender, PropertyChangedEventArgs e)”的参数“sender”类型中引用类型的为 Null 性与目标委托“PropertyChangedEventHandler”不匹配(可能是由于为 Null 性特性)。 [D:\C#\VM\VisionMaster\VisionMaster.csproj]
D:\C#\VM\VisionMaster\ViewModels\DialogViewModels\GlobalVariableManagerViewModel.cs(22,23): warning CS8618: 在退出构造函数时，不可为 null 的 属性 "DisplayName" 必须包含非 null 值。请考虑添加 "required" 修饰符或将该 属性 声明为可为 null。 [D:\C#\VM\VisionMaster\VisionMaster.csproj]
D:\C#\VM\VisionMaster\ViewModels\DialogViewModels\GlobalVariableManagerViewModel.cs(23,21): warning CS8618: 在退出构造函数时，不可为 null 的 属性 "ActualType" 必须包含非 null 值。请考虑添加 "required" 修饰符或将该 属性 声明为可为 null。 [D:\C#\VM\VisionMaster\VisionMaster.csproj]
D:\C#\VM\VisionMaster\ViewModels\DialogViewModels\GlobalVariableManagerViewModel.cs(31,21): warning CS8618: 在退出构造函数时，不可为 null 的 属性 "Value" 必须包含非 null 值。请考虑添加 "required" 修饰符或将该 属性 声明为可为 null。 [D:\C#\VM\VisionMaster\VisionMaster.csproj]
D:\C#\VM\VisionMaster\ViewModels\DialogViewModels\GlobalVariableManagerViewModel.cs(32,23): warning CS8618: 在退出构造函数时，不可为 null 的 属性 "DisplayName" 必须包含非 null 值。请考虑添加 "required" 修饰符或将该 属性 声明为可为 null。 [D:\C#\VM\VisionMaster\VisionMaster.csproj]
D:\C#\VM\VisionMaster\ViewModels\DialogViewModels\GlobalVariableViewModelBase.cs(29,61): warning CS8622: “void GlobalVariableViewModelBase.OnGlobalVariablesCollectionChanged(object sender, NotifyCollectionChangedEventArgs e)”的参数“sender”类型中引用类型的为 Null 性与目标委托“NotifyCollectionChangedEventHandler”不匹配(可能是由于为 Null 性特性)。 [D:\C#\VM\VisionMaster\VisionMaster.csproj]
D:\C#\VM\VisionMaster\ViewModels\DialogViewModels\ConditionEditorViewModel .cs(96,68): warning CS8601: 可能的 null 引用赋值。 [D:\C#\VM\VisionMaster\VisionMaster.csproj]
D:\C#\VM\VisionMaster\ViewModels\DialogViewModels\ConditionEditorViewModel .cs(97,39): warning CS8601: 可能的 null 引用赋值。 [D:\C#\VM\VisionMaster\VisionMaster.csproj]
D:\C#\VM\VisionMaster\ViewModels\DialogViewModels\ConditionEditorViewModel .cs(138,44): warning CS8600: 将 null 文本或可能的 null 值转换为不可为 null 类型。 [D:\C#\VM\VisionMaster\VisionMaster.csproj]
D:\C#\VM\VisionMaster\ViewModels\DialogViewModels\ConditionEditorViewModel .cs(144,30): warning CS8601: 可能的 null 引用赋值。 [D:\C#\VM\VisionMaster\VisionMaster.csproj]
D:\C#\VM\VisionMaster\ViewModels\DialogViewModels\ConditionEditorViewModel .cs(148,16): warning CS8618: 在退出构造函数时，不可为 null 的 字段 "_targetNode" 必须包含非 null 值。请考虑添加 "required" 修饰符或将该 字段 声明为可为 null。 [D:\C#\VM\VisionMaster\VisionMaster.csproj]
D:\C#\VM\VisionMaster\ViewModels\DialogViewModels\ConditionEditorViewModel .cs(148,16): warning CS8618: 在退出构造函数时，不可为 null 的 字段 "_targetForNode" 必须包含非 null 值。请考虑添加 "required" 修饰符或将该 字段 声明为可为 null。 [D:\C#\VM\VisionMaster\VisionMaster.csproj]
D:\C#\VM\VisionMaster\ViewModels\DialogViewModels\ConditionEditorViewModel .cs(148,16): warning CS9264: 在退出构造函数时，不可为 null 的 属性 'Branches' 必须包含非 null 值。请考虑添加“required”修饰符，或将 属性 声明为可为 null，或安全地处理“get”访问器中“field”为 null 的情况。 [D:\C#\VM\VisionMaster\VisionMaster.csproj]
D:\C#\VM\VisionMaster\ViewModels\DialogViewModels\ConditionEditorViewModel .cs(148,16): warning CS9264: 在退出构造函数时，不可为 null 的 属性 'SelectedBranch' 必须包含非 null 值。请考虑添加“required”修饰符，或将 属性 声明为可为 null，或安全地处理“get”访问器中“field”为 null 的情况。 [D:\C#\VM\VisionMaster\VisionMaster.csproj]
D:\C#\VM\VisionMaster\ViewModels\DialogViewModels\ConditionEditorViewModel .cs(148,16): warning CS8618: 在退出构造函数时，不可为 null 的 字段 "_loopCountLinkDraft" 必须包含非 null 值。请考虑添加 "required" 修饰符或将该 字段 声明为可为 null。 [D:\C#\VM\VisionMaster\VisionMaster.csproj]
D:\C#\VM\VisionMaster\ViewModels\DialogViewModels\ConditionEditorViewModel .cs(148,16): warning CS9264: 在退出构造函数时，不可为 null 的 属性 'LoopCountSourceText' 必须包含非 null 值。请考虑添加“required”修饰符，或将 属性 声明为可为 null，或安全地处理“get”访问器中“field”为 null 的情况。 [D:\C#\VM\VisionMaster\VisionMaster.csproj]
D:\C#\VM\VisionMaster\ViewModels\DialogViewModels\ConditionEditorViewModel .cs(148,16): warning CS8618: 在退出构造函数时，不可为 null 的 事件 "BranchChanged" 必须包含非 null 值。请考虑添加 "required" 修饰符或将该 事件 声明为可为 null。 [D:\C#\VM\VisionMaster\VisionMaster.csproj]
D:\C#\VM\VisionMaster\ViewModels\DialogViewModels\ConditionEditorViewModel .cs(223,35): warning CS8625: 无法将 null 字面量转换为非 null 的引用类型。 [D:\C#\VM\VisionMaster\VisionMaster.csproj]
D:\C#\VM\VisionMaster\ViewModels\DialogViewModels\ConditionEditorViewModel .cs(224,35): warning CS8625: 无法将 null 字面量转换为非 null 的引用类型。 [D:\C#\VM\VisionMaster\VisionMaster.csproj]
D:\C#\VM\VisionMaster\ViewModels\DialogViewModels\GlobalVariableViewModelBase.cs(191,65): warning CS8622: “void GlobalVariableViewModelBase.OnGlobalVariablesCollectionChanged(object sender, NotifyCollectionChangedEventArgs e)”的参数“sender”类型中引用类型的为 Null 性与目标委托“NotifyCollectionChangedEventHandler”不匹配(可能是由于为 Null 性特性)。 [D:\C#\VM\VisionMaster\VisionMaster.csproj]
D:\C#\VM\VisionMaster\ViewModels\DialogViewModels\MotionBoardViewModel.cs(155,51): warning CS8600: 将 null 文本或可能的 null 值转换为不可为 null 类型。 [D:\C#\VM\VisionMaster\VisionMaster.csproj]
D:\C#\VM\VisionMaster\ViewModels\DialogViewModels\PluginConfigShellViewModel.cs(39,16): warning CS8618: 在退出构造函数时，不可为 null 的 字段 "_stepData" 必须包含非 null 值。请考虑添加 "required" 修饰符或将该 字段 声明为可为 null。 [D:\C#\VM\VisionMaster\VisionMaster.csproj]
D:\C#\VM\VisionMaster\ViewModels\DialogViewModels\PluginConfigShellViewModel.cs(39,16): warning CS8618: 在退出构造函数时，不可为 null 的 字段 "_pluginView" 必须包含非 null 值。请考虑添加 "required" 修饰符或将该 字段 声明为可为 null。 [D:\C#\VM\VisionMaster\VisionMaster.csproj]
D:\C#\VM\VisionMaster\ViewModels\DialogViewModels\PluginConfigShellViewModel.cs(39,16): warning CS8618: 在退出构造函数时，不可为 null 的 字段 "_plugin" 必须包含非 null 值。请考虑添加 "required" 修饰符或将该 字段 声明为可为 null。 [D:\C#\VM\VisionMaster\VisionMaster.csproj]
D:\C#\VM\VisionMaster\ViewModels\DialogViewModels\PluginConfigShellViewModel.cs(39,16): warning CS8618: 在退出构造函数时，不可为 null 的 字段 "_trialSession" 必须包含非 null 值。请考虑添加 "required" 修饰符或将该 字段 声明为可为 null。 [D:\C#\VM\VisionMaster\VisionMaster.csproj]
D:\C#\VM\VisionMaster\ViewModels\DialogViewModels\PluginConfigShellViewModel.cs(39,16): warning CS8618: 在退出构造函数时，不可为 null 的 字段 "_execCts" 必须包含非 null 值。请考虑添加 "required" 修饰符或将该 字段 声明为可为 null。 [D:\C#\VM\VisionMaster\VisionMaster.csproj]
D:\C#\VM\VisionMaster\ViewModels\DialogViewModels\PluginConfigShellViewModel.cs(39,16): warning CS8618: 在退出构造函数时，不可为 null 的 字段 "_execTask" 必须包含非 null 值。请考虑添加 "required" 修饰符或将该 字段 声明为可为 null。 [D:\C#\VM\VisionMaster\VisionMaster.csproj]
D:\C#\VM\VisionMaster\ViewModels\DialogViewModels\PluginConfigShellViewModel.cs(39,16): warning CS8618: 在退出构造函数时，不可为 null 的 属性 "Title" 必须包含非 null 值。请考虑添加 "required" 修饰符或将该 属性 声明为可为 null。 [D:\C#\VM\VisionMaster\VisionMaster.csproj]
D:\C#\VM\VisionMaster\ViewModels\DialogViewModels\PluginConfigShellViewModel.cs(39,16): warning CS8618: 在退出构造函数时，不可为 null 的 属性 "PluginIcon" 必须包含非 null 值。请考虑添加 "required" 修饰符或将该 属性 声明为可为 null。 [D:\C#\VM\VisionMaster\VisionMaster.csproj]
D:\C#\VM\VisionMaster\ViewModels\DialogViewModels\PluginConfigShellViewModel.cs(39,16): warning CS8618: 在退出构造函数时，不可为 null 的 属性 "PluginName" 必须包含非 null 值。请考虑添加 "required" 修饰符或将该 属性 声明为可为 null。 [D:\C#\VM\VisionMaster\VisionMaster.csproj]
D:\C#\VM\VisionMaster\ViewModels\DialogViewModels\PluginConfigShellViewModel.cs(39,16): warning CS8618: 在退出构造函数时，不可为 null 的 属性 "PluginDescription" 必须包含非 null 值。请考虑添加 "required" 修饰符或将该 属性 声明为可为 null。 [D:\C#\VM\VisionMaster\VisionMaster.csproj]
D:\C#\VM\VisionMaster\ViewModels\DialogViewModels\PluginConfigShellViewModel.cs(39,16): warning CS8618: 在退出构造函数时，不可为 null 的 属性 "PluginViewContent" 必须包含非 null 值。请考虑添加 "required" 修饰符或将该 属性 声明为可为 null。 [D:\C#\VM\VisionMaster\VisionMaster.csproj]
D:\C#\VM\VisionMaster\ViewModels\DialogViewModels\PluginConfigShellViewModel.cs(98,29): warning CS8625: 无法将 null 字面量转换为非 null 的引用类型。 [D:\C#\VM\VisionMaster\VisionMaster.csproj]
D:\C#\VM\VisionMaster\ViewModels\DialogViewModels\PluginConfigShellViewModel.cs(113,27): warning CS8625: 无法将 null 字面量转换为非 null 的引用类型。 [D:\C#\VM\VisionMaster\VisionMaster.csproj]
D:\C#\VM\VisionMaster\ViewModels\DialogViewModels\PluginConfigShellViewModel.cs(114,31): warning CS8625: 无法将 null 字面量转换为非 null 的引用类型。 [D:\C#\VM\VisionMaster\VisionMaster.csproj]
D:\C#\VM\VisionMaster\ViewModels\DialogViewModels\PluginConfigShellViewModel.cs(115,37): warning CS8625: 无法将 null 字面量转换为非 null 的引用类型。 [D:\C#\VM\VisionMaster\VisionMaster.csproj]
D:\C#\VM\VisionMaster\ViewModels\DialogViewModels\PluginConfigShellViewModel.cs(117,28): warning CS8625: 无法将 null 字面量转换为非 null 的引用类型。 [D:\C#\VM\VisionMaster\VisionMaster.csproj]
D:\C#\VM\VisionMaster\ViewModels\DialogViewModels\PluginConfigShellViewModel.cs(126,76): warning CS8600: 将 null 文本或可能的 null 值转换为不可为 null 类型。 [D:\C#\VM\VisionMaster\VisionMaster.csproj]
D:\C#\VM\VisionMaster\ViewModels\DialogViewModels\PluginConfigShellViewModel.cs(133,31): warning CS8601: 可能的 null 引用赋值。 [D:\C#\VM\VisionMaster\VisionMaster.csproj]
D:\C#\VM\VisionMaster\ViewModels\FlowCanvasViewModel.cs(1105,74): warning CS8600: 将 null 文本或可能的 null 值转换为不可为 null 类型。 [D:\C#\VM\VisionMaster\VisionMaster.csproj]
D:\C#\VM\VisionMaster\ViewModels\FlowCanvasViewModel.cs(1141,25): warning CS8604: “CanvasLinkBinding.CanvasLinkBinding(StepModel consumer, string key, string display)”中的形参“consumer”可能传入 null 引用实参。 [D:\C#\VM\VisionMaster\VisionMaster.csproj]
D:\C#\VM\VisionMaster\ViewModels\DialogViewModels\ConditionEditorViewModel .cs(274,32): warning CS8600: 将 null 文本或可能的 null 值转换为不可为 null 类型。 [D:\C#\VM\VisionMaster\VisionMaster.csproj]
D:\C#\VM\VisionMaster\ViewModels\DialogViewModels\ConditionEditorViewModel .cs(363,32): warning CS8600: 将 null 文本或可能的 null 值转换为不可为 null 类型。 [D:\C#\VM\VisionMaster\VisionMaster.csproj]
D:\C#\VM\VisionMaster\ViewModels\DialogViewModels\MotionBoardDebugTabViewModel.cs(504,72): warning CS8604: “void MotionDebugAxisRow.Update(AxisStatus? status, bool mapEnabled, bool deviceOnline, bool deviceHomed, string modeText)”中的形参“modeText”可能传入 null 引用实参。 [D:\C#\VM\VisionMaster\VisionMaster.csproj]
D:\C#\VM\VisionMaster\ViewModels\DialogViewModels\GlobalVariableManagerViewModel.cs(528,16): warning CS9264: 在退出构造函数时，不可为 null 的 属性 'NewVarName' 必须包含非 null 值。请考虑添加“required”修饰符，或将 属性 声明为可为 null，或安全地处理“get”访问器中“field”为 null 的情况。 [D:\C#\VM\VisionMaster\VisionMaster.csproj]
D:\C#\VM\VisionMaster\ViewModels\DialogViewModels\GlobalVariableManagerViewModel.cs(528,16): warning CS9264: 在退出构造函数时，不可为 null 的 属性 'NewVarDescription' 必须包含非 null 值。请考虑添加“required”修饰符，或将 属性 声明为可为 null，或安全地处理“get”访问器中“field”为 null 的情况。 [D:\C#\VM\VisionMaster\VisionMaster.csproj]
D:\C#\VM\VisionMaster\ViewModels\DialogViewModels\GlobalVariableManagerViewModel.cs(596,28): warning CS8601: 可能的 null 引用赋值。 [D:\C#\VM\VisionMaster\VisionMaster.csproj]
D:\C#\VM\VisionMaster\ViewModels\DialogViewModels\GlobalVariableManagerViewModel.cs(598,37): warning CS8601: 可能的 null 引用赋值。 [D:\C#\VM\VisionMaster\VisionMaster.csproj]
D:\C#\VM\VisionMaster\ViewModels\DialogViewModels\GlobalVariableManagerViewModel.cs(671,36): warning CS8601: 可能的 null 引用赋值。 [D:\C#\VM\VisionMaster\VisionMaster.csproj]
D:\C#\VM\VisionMaster\ViewModels\DialogViewModels\GlobalVariableManagerViewModel.cs(672,36): warning CS8601: 可能的 null 引用赋值。 [D:\C#\VM\VisionMaster\VisionMaster.csproj]
D:\C#\VM\VisionMaster\ViewModels\DialogViewModels\GlobalVariableManagerViewModel.cs(674,29): warning CS8601: 可能的 null 引用赋值。 [D:\C#\VM\VisionMaster\VisionMaster.csproj]
D:\C#\VM\VisionMaster\ViewModels\DialogViewModels\GlobalVariableManagerViewModel.cs(676,29): warning CS8601: 可能的 null 引用赋值。 [D:\C#\VM\VisionMaster\VisionMaster.csproj]
D:\C#\VM\VisionMaster\ViewModels\FlowCanvasViewModel.cs(1333,41): warning CS8604: “void Action<StepModel>.Invoke(StepModel obj)”中的形参“obj”可能传入 null 引用实参。 [D:\C#\VM\VisionMaster\VisionMaster.csproj]
D:\C#\VM\VisionMaster\ViewModels\DialogViewModels\GlobalVariableManagerViewModel.cs(701,38): warning CS8622: “void GlobalVariableManagerViewModel.OnVariableValueChanged(object sender, EventArgs e)”的参数“sender”类型中引用类型的为 Null 性与目标委托“EventHandler”不匹配(可能是由于为 Null 性特性)。 [D:\C#\VM\VisionMaster\VisionMaster.csproj]
D:\C#\VM\VisionMaster\ViewModels\DialogViewModels\GlobalVariableManagerViewModel.cs(707,38): warning CS8622: “void GlobalVariableManagerViewModel.OnVariableValueChanged(object sender, EventArgs e)”的参数“sender”类型中引用类型的为 Null 性与目标委托“EventHandler”不匹配(可能是由于为 Null 性特性)。 [D:\C#\VM\VisionMaster\VisionMaster.csproj]
D:\C#\VM\VisionMaster\ViewModels\DialogViewModels\GlobalVariableManagerViewModel.cs(752,40): warning CS8604: “Array Array.CreateInstance(Type elementType, int length)”中的形参“elementType”可能传入 null 引用实参。 [D:\C#\VM\VisionMaster\VisionMaster.csproj]
D:\C#\VM\VisionMaster\ViewModels\DialogViewModels\GlobalVariableManagerViewModel.cs(751,32): warning CS8600: 将 null 文本或可能的 null 值转换为不可为 null 类型。 [D:\C#\VM\VisionMaster\VisionMaster.csproj]
D:\C#\VM\VisionMaster\Services\ScadaPagePicker.cs(39,35): warning CS8604: “void ParametersBase.Add(string key, object value)”中的形参“value”可能传入 null 引用实参。 [D:\C#\VM\VisionMaster\VisionMaster.csproj]
D:\C#\VM\VisionMaster\ViewModels\DialogViewModels\GlobalVariableManagerViewModel.cs(966,25): warning CS8604: “void DialogArrayEditor.Load(IEnumerable<string?> values)”中的形参“values”可能传入 null 引用实参。 [D:\C#\VM\VisionMaster\VisionMaster.csproj]
D:\C#\VM\VisionMaster\ViewModels\DialogViewModels\PluginConfigShellViewModel.cs(291,29): warning CS8625: 无法将 null 字面量转换为非 null 的引用类型。 [D:\C#\VM\VisionMaster\VisionMaster.csproj]
D:\C#\VM\VisionMaster\ViewModels\DialogViewModels\PluginConfigShellViewModel.cs(313,46): warning CS8600: 将 null 文本或可能的 null 值转换为不可为 null 类型。 [D:\C#\VM\VisionMaster\VisionMaster.csproj]
D:\C#\VM\VisionMaster\ViewModels\DialogViewModels\PluginConfigShellViewModel.cs(314,39): warning CS8600: 将 null 文本或可能的 null 值转换为不可为 null 类型。 [D:\C#\VM\VisionMaster\VisionMaster.csproj]
D:\C#\VM\VisionMaster\ViewModels\DialogViewModels\PluginConfigShellViewModel.cs(315,35): warning CS8600: 将 null 文本或可能的 null 值转换为不可为 null 类型。 [D:\C#\VM\VisionMaster\VisionMaster.csproj]
D:\C#\VM\VisionMaster\ViewModels\DialogViewModels\PluginConfigShellViewModel.cs(339,69): warning CS8604: “void PluginConfigShellViewModel.CompleteExecute(int runId, PluginExecuteResult result, FlowSession session, bool cancelled, Exception error)”中的形参“result”可能传入 null 引用实参。 [D:\C#\VM\VisionMaster\VisionMaster.csproj]
D:\C#\VM\VisionMaster\ViewModels\DialogViewModels\PluginConfigShellViewModel.cs(339,77): warning CS8604: “void PluginConfigShellViewModel.CompleteExecute(int runId, PluginExecuteResult result, FlowSession session, bool cancelled, Exception error)”中的形参“session”可能传入 null 引用实参。 [D:\C#\VM\VisionMaster\VisionMaster.csproj]
D:\C#\VM\VisionMaster\ViewModels\DialogViewModels\PluginConfigShellViewModel.cs(339,97): warning CS8604: “void PluginConfigShellViewModel.CompleteExecute(int runId, PluginExecuteResult result, FlowSession session, bool cancelled, Exception error)”中的形参“error”可能传入 null 引用实参。 [D:\C#\VM\VisionMaster\VisionMaster.csproj]
D:\C#\VM\VisionMaster\ViewModels\DialogViewModels\GlobalVariableManagerViewModel.cs(1113,40): warning CS8622: “void GlobalVariableManagerViewModel.OnVariableValueChanged(object sender, EventArgs e)”的参数“sender”类型中引用类型的为 Null 性与目标委托“EventHandler”不匹配(可能是由于为 Null 性特性)。 [D:\C#\VM\VisionMaster\VisionMaster.csproj]
D:\C#\VM\VisionMaster\ShellViewModel.cs(591,29): warning CS0169: 从不使用字段“ShellViewModel._currentSession” [D:\C#\VM\VisionMaster\VisionMaster.csproj]
    439 个警告
    0 个错误

已用时间 00:00:02.72
